date,key_rate,usd_rub,oil_price
1999-01-01,60.0,20.248357076505616,12.074585927939216
1999-01-04,60.0,19.93086784941441,9.843366909388092
1999-01-05,60.0,20.323844269050348,16.46594547238385
1999-01-06,60.0,20.76151492820401,10.312340948728412
1999-01-07,60.0,19.882923312638333,13.905543466337585
1999-01-08,60.0,19.88293152152541,13.191710401542585
1999-01-11,60.0,20.789606407753695,10.389260816114641
1999-01-12,60.0,20.383717364576455,12.926518278308688
1999-01-13,60.0,19.765262807032524,10.318831668438568
1999-01-14,60.0,20.271280021792982,12.141700338269008
1999-01-15,60.0,19.76829115359377,13.648120879860215
1999-01-18,60.0,19.76713512321487,10.88356398722336
1999-01-19,60.0,20.120981135783016,12.822961472973429
1999-01-20,60.0,19.0433598776711,10.847975940362202
1999-01-21,60.0,19.137541083743482,12.351283202723298
1999-01-22,60.0,19.718856235379512,12.212275011406506
1999-01-25,60.0,19.493584439832787,11.26672299843662
1999-01-26,60.0,20.157123666297636,8.337350461602076
1999-01-27,60.0,19.545987962239394,13.561780942098016
1999-01-28,60.0,19.293848149332355,15.980952164641206
1999-01-29,60.0,20.732824384460777,12.279223813131768
1999-02-01,60.0,19.88711184975673,10.773922760064712
1999-02-02,60.0,20.033764102343962,12.416184366873118
1999-02-03,60.0,19.287625906893272,14.292053220738794
1999-02-04,60.0,19.727808637737407,14.559086593911093
1999-02-05,60.0,20.055461294854933,13.823372247320933
1999-02-08,60.0,19.424503211288847,12.890359986730532
1999-02-09,60.0,20.187849009172837,13.350601851269158
1999-02-10,60.0,19.6996806550406,12.236571199331253
1999-02-11,60.0,19.854153125103362,10.087927477581179
1999-02-12,60.0,19.6991466938853,11.242898470393786
1999-02-15,60.0,20.92613909225447,11.354157002022724
1999-02-16,60.0,19.993251387631034,12.585113314270282
1999-02-17,60.0,19.47114453552205,8.472025330550107
1999-02-18,60.0,20.411272456051595,13.022075372489226
1999-02-19,60.0,19.38957817501449,7.974075885512073
1999-02-22,60.0,20.10443179750238,12.822669243785853
1999-02-23,60.0,19.020164938060113,14.339691833399524
1999-02-24,60.0,19.335906975550785,13.789679101266188
1999-02-25,60.0,20.09843061793456,10.208586637299868
1999-02-26,60.0,20.369233289997705,13.24720698200767
1999-03-01,60.0,20.085684140594985,13.408711616038616
1999-03-02,60.0,19.94217585880588,15.411551955091921
1999-03-03,60.0,19.849448152205355,12.731427279086157
1999-03-04,60.0,19.260739004816287,14.052238308300401
1999-03-05,60.0,19.640077895802644,11.125747802393002
1999-03-08,60.0,19.769680614520105,10.295872502051953
1999-03-09,60.0,20.528561113109458,13.728517008890291
1999-03-10,60.0,20.17180914478423,13.75629210138456
1999-03-11,60.0,19.118479922318635,10.729044426229995
1999-03-12,60.0,20.162041984697396,9.576334344041017
1999-03-15,60.0,19.807458859791844,12.246487151336696
1999-03-16,60.0,19.66153899984702,12.087555365529619
1999-03-17,60.0,20.305838144420434,12.467750673645925
1999-03-18,60.0,20.515499761247977,13.771658158738205
1999-03-19,60.0,20.465640059558098,14.057721985587541
1999-03-22,60.0,19.580391238388682,12.015704952785255
1999-03-23,60.0,19.84539381207439,10.009402861276307
1999-03-24,60.0,20.16563171570178,10.548640778203467
1999-03-25,60.0,20.48777256356118,10.806650700784754
1999-03-26,60.0,19.760412881077354,11.759678339780587
1999-03-29,60.0,19.90717051166809,10.970865327390282
1999-03-30,60.0,19.446832512996984,11.5104779471074
1999-03-31,60.0,19.401896687959663,12.147608008533151
1999-04-01,60.0,20.4062629111971,10.713847582856435
1999-04-02,60.0,20.678120014285412,12.643988786123636
1999-04-05,60.0,19.963994939209833,15.655291517679842
1999-04-06,60.0,20.50176644894601,11.666549179488907
1999-04-07,60.0,20.18081801252382,10.63667103633721
1999-04-08,60.0,19.677440122697437,12.613360823338446
1999-04-09,60.0,20.180697802754207,10.40982705720779
1999-04-12,60.0,20.769018283232985,11.705382023690834
1999-04-13,60.0,19.982086980445025,10.64310902579792
1999-04-14,60.0,20.782321827907005,9.860304560304925
1999-04-15,60.0,18.690127447955128,10.242838928728982
1999-04-16,60.0,20.410951252187612,10.67837842477036
1999-04-19,60.0,20.043523534119085,9.916563549968108
1999-04-20,60.0,19.850496324767064,14.557627614685078
1999-04-21,60.0,20.04588038826775,12.862747549034632
1999-04-22,60.0,19.006215542699554,13.883624621435278
1999-04-23,60.0,19.890164056081243,9.283340799878081
1999-04-26,60.0,20.178556285755874,11.412118119244989
1999-04-27,60.0,20.73894702237076,12.838362973333494
1999-04-28,60.0,19.740864890863175,15.305418777258513
1999-04-29,60.0,19.595753198553407,10.494576231880458
1999-04-30,60.0,19.74912147820773,9.427392172905241
1999-05-03,60.0,20.457701058851036,12.381250859123783
1999-05-04,60.0,20.164375554829842,10.652500516964002
1999-05-05,60.0,19.73511989811648,15.411625202987558
1999-05-06,60.0,20.256633716556678,13.084027764728244
1999-05-07,60.0,20.04853877467402,11.428638049241332
1999-05-10,60.0,20.484322495266444,11.434444020154519
1999-05-11,60.0,19.648973453061323,11.74676444246574
1999-05-12,60.0,19.836168926701117,8.350639329333433
1999-05-13,60.0,19.803945923433922,12.083944167081622
1999-05-14,60.0,19.268242525933942,11.026032230725768
1999-05-17,60.0,20.148060138532287,13.265512654413184
1999-05-18,60.0,20.130527636089944,10.204744443271192
1999-05-19,60.0,20.00255672832123,13.36506040173236
1999-05-20,60.0,19.882706433312425,13.08595837316295
1999-05-21,60.0,19.292314628974793,12.319451283578772
1999-05-24,60.0,19.78967733861732,14.507400616307791
1999-05-25,60.0,19.828642741736616,8.230523750633212
1999-05-26,60.0,19.59886136538919,12.887762778273732
1999-05-27,60.0,19.919357144166995,11.910506469557497
1999-05-28,60.0,20.202025428407268,11.851857862069432
1999-05-31,60.0,20.943092950605266,10.036382169924323
1999-06-01,60.0,20.08728890641592,9.160686911218999
1999-06-02,60.0,20.12877519536138,13.784640288407767
1999-06-03,60.0,19.962777042116915,13.576228717346108
1999-06-04,60.0,19.04061439235048,15.597237262797739
1999-06-07,60.0,19.98674306227539,15.925808143506647
1999-06-08,60.0,20.030115104970513,8.903726670355452
1999-06-09,60.0,21.231621056242645,11.690794811607512
1999-06-10,60.0,19.90381951760944,12.50145934393826
1999-06-11,60.0,20.150773671166807,13.924072523355722
1999-06-14,60.0,19.982644115147377,14.853677291005981
1999-06-15,60.0,19.415660981190236,9.941818118218116
1999-06-16,60.0,20.57141140725751,10.918008648735011
1999-06-17,60.0,20.375966516343386,14.741678266239099
1999-06-18,60.0,20.395515973521523,8.653817983720069
1999-06-21,60.0,19.54530627260263,9.84697295056681
1999-06-22,60.0,20.70139715546805,12.875558611201694
1999-06-23,60.0,19.29907446860386,16.108658138660275
1999-06-24,60.0,20.293428546900135,8.645909041072446
1999-06-25,60.0,21.09522781290499,12.119141358975051
1999-06-28,60.0,19.504731837434655,13.1088003550336
1999-06-29,60.0,19.716851135198613,14.939654381564008
1999-06-30,60.0,20.04982568254382,12.893455953124695
1999-07-01,60.0,19.7482621729419,8.316690638519226
1999-07-02,60.0,19.224668284466933,9.428168113267386
1999-07-05,60.0,20.034281487403014,14.74405345207931
1999-07-06,60.0,19.46884814313695,12.880525414076587
1999-07-07,60.0,20.23679621531759,9.748345420176827
1999-07-08,60.0,19.5402878828831,12.98699345690347
1999-07-09,60.0,20.77496720250877,12.614318107058413
1999-07-12,60.0,19.608373353831883,7.011068029374882
1999-07-13,60.0,19.83896924189716,7.801097911031445
1999-07-14,60.0,20.406758608684836,12.621554395507019
1999-07-15,60.0,19.38456784178302,16.070853968039835
1999-07-16,60.0,20.113729967302064,12.527512811087817
1999-07-19,60.0,20.653571377141215,7.1011450504107945
1999-07-20,60.0,19.196258382719385,8.775158669112562
1999-07-21,60.0,20.09231692926615,13.251522552671627
1999-07-22,60.0,20.129941397124213,13.46955538156985
1999-07-23,60.0,20.390911435888654,11.611565272541949
1999-07-26,60.0,19.381524644560958,11.032220700379654
1999-07-27,60.0,19.339771693457863,13.58775703451063
1999-07-28,60.0,20.26097078280845,14.20974629140088
1999-07-29,60.0,20.14849233661659,13.387923418821172
1999-07-30,60.0,20.12524642517294,10.092177521287372
1999-08-02,60.0,20.17322410474849,13.798487802947768
1999-08-03,60.0,19.659987639210755,11.2939729463511
1999-08-04,60.0,20.116126848580503,10.79685700889596
1999-08-05,60.0,20.14653623664934,10.7186579732878
1999-08-06,60.0,19.642824290986816,12.042149885353377
1999-08-09,60.0,20.93288725557238,13.140628131289777
1999-08-10,60.0,20.236916460455895,7.958727121718027
1999-08-11,60.0,19.404348251398677,10.538496045698214
1999-08-12,60.0,20.328276804316914,11.07823687521773
1999-08-13,60.0,19.51265916488634,14.07274360090788
1999-08-16,60.0,20.393542301871225,10.266587027702737
1999-08-17,60.0,20.579297789503702,11.338035626131798
1999-08-18,60.0,19.589658840824146,13.619272186753815
1999-08-19,60.0,20.481688064622162,12.079201553931568
1999-08-20,60.0,20.20639046346825,15.066242485344087
1999-08-23,60.0,20.411030079997246,11.699680545118058
1999-08-24,60.0,20.948396491326974,15.765949561762302
1999-08-25,60.0,19.877305941998564,16.125363835395895
1999-08-26,60.0,19.623131917821254,12.916088552430995
1999-08-27,60.0,19.55524278518724,12.83655022516957
1999-08-30,60.0,19.59209485751728,13.118051726437544
1999-08-31,60.0,19.96144914529295,13.63318851821471
1999-09-01,60.0,20.170575987408323,12.247426189780091
1999-09-02,60.0,20.13834539966501,14.337477542453154
1999-09-03,60.0,20.413591624518013,13.00077735682225
1999-09-06,60.0,20.006500945938953,14.772211910780067
1999-09-07,60.0,20.726767038578657,9.094460218323384
1999-09-08,60.0,19.86767158338102,12.432525195873522
1999-09-09,60.0,21.36008458329481,14.030893594833879
1999-09-10,60.0,20.312833673882505,9.71694893888124
1999-09-13,60.0,19.57142122179186,12.8611362702528
1999-09-14,60.0,19.464553750969444,13.217253460747827
1999-09-15,60.0,20.241236207621593,15.455784606106988
1999-09-16,60.0,19.888268607337075,11.320887224011758
1999-09-17,60.0,20.357000247046045,12.42228118915445
1999-09-20,60.0,20.23661881228677,10.888363915345579
1999-09-21,60.0,19.963585543671563,11.71836280391503
1999-09-22,60.0,19.576603140965798,15.238910604651318
1999-09-23,60.0,19.242576387657067,11.941583983089254
1999-09-24,60.0,19.77674252396649,10.581534113070308
1999-09-27,60.0,20.428199397161737,11.634542359592979
1999-09-28,60.0,20.1070468720651,10.96215432375141
1999-09-29,60.0,19.377130610644006,11.11725325060652
1999-09-30,60.0,20.086590462925592,10.922225436135765
1999-10-01,60.0,20.19265868986442,11.000091016715492
1999-10-04,60.0,19.558071281899434,9.62643869925995
1999-10-05,60.0,20.076862552972763,12.138452912963293
1999-10-06,60.0,20.029104359223,10.042783564069328
1999-10-07,60.0,19.42851485108469,14.282795193710385
1999-10-08,60.0,20.17889368017414,11.376018912773661
1999-10-11,60.0,20.28039226318412,12.817160726604394
1999-10-12,60.0,20.54152562158764,12.821311849914638
1999-10-13,60.0,20.526901026017452,8.327208891476445
1999-10-14,60.0,19.311165316021455,11.46700513768175
1999-10-15,60.0,19.531087480042437,15.436867087947835
1999-10-18,60.0,20.25751763360433,10.44824743170886
1999-10-19,60.0,20.256892975456104,16.542942055576013
1999-10-20,60.0,20.257523843153024,13.08860195302622
1999-10-21,60.0,21.92636574532736,13.033887189278486
1999-10-22,60.0,20.285445255346584,12.478728154960736
1999-10-25,60.0,20.5677828200903,14.092123936348585
1999-10-26,60.0,20.4770008817466,14.202885268725213
1999-10-27,60.0,20.325695625652898,11.962822888935305
1999-10-28,60.0,19.842365377679826,11.139345916117822
1999-10-29,60.0,20.379484610246635,9.150368796739903
1999-11-01,60.0,19.613587392731215,13.627506850011256
1999-11-02,60.0,19.881590696629996,12.13137934832298
1999-11-03,60.0,19.75731822608545,10.312409084187895
1999-11-04,60.0,20.04093706969316,10.83908711346832
1999-11-05,60.0,21.157329283336754,11.86324928992763
1999-11-08,60.0,19.066367403704128,10.03710223617405
1999-11-09,60.0,20.343130095187256,12.097163839674442
1999-11-10,60.0,19.193642064405175,8.759797032234673
1999-11-11,60.0,19.764034067105282,10.935171828233196
1999-11-12,60.0,20.544475298483682,9.676244707150811
1999-11-15,60.0,20.03214000954773,12.400710875751807
1999-11-16,60.0,19.461127611035348,10.044325950190684
1999-11-17,60.0,19.642348145370015,10.881990184027886
1999-11-18,60.0,20.339798874467338,16.51957562331326
1999-11-19,60.0,19.63481668414143,13.729997669807725
1999-11-22,60.0,20.108229294790988,13.201270679339972
1999-11-23,60.0,20.022785919951907,14.595159450032165
1999-11-24,60.0,19.674199826197093,13.02494103731406
1999-11-25,60.0,21.07197204466266,9.191383952757395
1999-11-26,60.0,20.316959511159006,9.367005908550192
1999-11-29,60.0,18.987428706671196,6.580249436342155
1999-11-30,60.0,20.093227157384714,12.403884423790844
1999-12-01,60.0,19.669106767615805,9.879695103967576
1999-12-02,60.0,20.426216667398112,10.859157104198193
1999-12-03,60.0,19.60373963078365,11.360252912038922
1999-12-06,60.0,19.942631779266552,10.783017012016192
1999-12-07,60.0,20.25249363949023,11.93100740015197
1999-12-08,60.0,20.43287759708506,11.434043565302625
1999-12-09,60.0,19.399851796472113,11.234795222975096
1999-12-10,60.0,19.832749382079527,8.903983159331743
1999-12-13,60.0,19.76252734441952,12.483424751335184
1999-12-14,60.0,19.673335383713145,16.351733005571237
1999-12-15,60.0,20.882727120140547,12.552590033380223
1999-12-16,60.0,20.202490855480477,16.538088141138267
1999-12-17,60.0,19.36955802283248,10.863370019211125
1999-12-20,60.0,20.458930973527387,11.494449560229727
1999-12-21,60.0,21.061078098506318,11.960279533122602
1999-12-22,60.0,20.516232630275574,11.660411567002443
1999-12-23,60.0,19.240315017022994,14.329861408529482
1999-12-24,60.0,19.757882963566875,7.618337134021791
1999-12-27,60.0,20.633455574593313,11.09060573491734
1999-12-28,60.0,19.64616526719061,15.326747791377542
1999-12-29,60.0,20.221909714073114,11.006720301223123
1999-12-30,60.0,20.38731702671467,13.85716980686893
1999-12-31,60.0,19.53653476421096,13.208233319558575
2000-01-03,45.0,27.867203683368793,26.572712651225814
2000-01-04,45.0,28.342225238818212,25.68753775828603
2000-01-05,45.0,27.789400591693543,30.189460045297942
2000-01-06,45.0,28.488215688599034,26.062875215479036
2000-01-07,45.0,27.433925429641995,28.331136165134506
2000-01-10,45.0,27.450541872635903,28.059848503708587
2000-01-11,45.0,28.34371337756325,28.89314839455312
2000-01-12,45.0,27.955727892708495,26.077521249980183
2000-01-13,45.0,27.773054291923437,27.758933792340212
2000-01-14,45.0,28.44502886623773,26.065132125590434
2000-01-17,45.0,27.69636929295696,28.148247124974056
2000-01-18,45.0,27.899899372849816,29.0081422665661
2000-01-19,45.0,28.69961397503558,29.79082972415334
2000-01-20,45.0,28.769571172905327,30.98961358577912
2000-01-21,45.0,28.786199105135164,27.47284410994939
2000-01-24,45.0,27.858937111533045,27.43750171214535
2000-01-25,45.0,28.615351452492234,30.54527172348854
2000-01-26,45.0,27.52552358611566,29.150204679939176
2000-01-27,45.0,27.546548562638968,30.47422367097301
2000-01-28,45.0,26.824772073687818,31.90503618779219
2000-01-31,45.0,28.836434100949266,26.31277378398672
2000-02-01,45.0,27.56801007546196,29.618594377912864
2000-02-02,45.0,27.93673371012647,26.801584066555158
2000-02-03,45.0,27.54483782903586,31.126941064331852
2000-02-04,45.0,28.34758262416507,25.624456482701607
2000-02-07,45.0,27.81218316964133,29.835304630591146
2000-02-08,45.0,27.347591554783527,26.89277262255237
2000-02-09,45.0,28.22083128209303,29.10884758975377
2000-02-10,45.0,27.283134987594885,30.53622972045787
2000-02-11,45.0,27.581297137342254,26.71199768546533
2000-02-14,45.0,26.94655544268696,25.06328917891791
2000-02-15,45.0,27.288020943901195,27.482029775512345
2000-02-16,45.0,28.08926458486024,27.2251707562096
2000-02-17,45.0,27.017731980948536,25.431076867491132
2000-02-18,45.0,27.25942713768914,23.981010224623777
2000-02-21,45.0,27.998815541933595,30.433323527394062
2000-02-22,45.0,27.728196551953474,30.983232719978034
2000-02-23,45.0,28.996018317979654,26.79621000911663
2000-02-24,45.0,28.91694827301219,27.41477637845557
2000-02-25,45.0,27.566038768624423,29.615548387071396
2000-02-28,45.0,28.27856880920174,29.64699463670671
2000-02-29,45.0,28.374641278439725,31.55824271474787
2000-03-01,45.0,27.7012605709878,29.2432372917343
2000-03-02,45.0,27.2522292317509,25.949281272068735
2000-03-03,45.0,27.993850775345972,29.58215391043116
2000-03-06,45.0,27.913577162592944,26.604379588446406
2000-03-07,45.0,27.78211775151469,27.868784663114152
2000-03-08,45.0,28.22115843408224,30.225067630025865
2000-03-09,45.0,27.624635196497202,26.189202041954513
2000-03-10,45.0,27.42400122621043,27.85358931308799
2000-03-13,45.0,28.054541485174916,25.548449004686454
2000-03-14,45.0,28.192985046284438,26.022647698979213
2000-03-15,45.0,27.411677528049974,26.90627324832103
2000-03-16,45.0,28.464045305495542,31.26043179503415
2000-03-17,45.0,27.11475943111196,28.066740905179376
2000-03-20,45.0,27.71094327064218,33.288166152983685
2000-03-21,45.0,27.870995731901196,29.9097989694818
2000-03-22,45.0,27.681888143674033,29.9641549611478
2000-03-23,45.0,27.717469763224404,25.81216589528611
2000-03-24,45.0,28.93553724115406,27.69301483974035
2000-03-27,45.0,27.57455795548055,25.713996919506403
2000-03-28,45.0,29.220610861235958,27.380356703349026
2000-03-29,45.0,28.218563389865526,27.085971124256318
2000-03-30,45.0,28.046027568655997,27.916187782083586
2000-03-31,45.0,28.238120176693833,29.65105766760001
2000-04-03,45.0,29.264963874625977,27.476148731730667
2000-04-04,45.0,27.503203498034274,29.68706765317144
2000-04-05,45.0,27.439791040531805,25.068182154652618
2000-04-06,45.0,27.62256690171404,28.8965280107727
2000-04-07,45.0,28.01607157348228,27.12856605218065
2000-04-10,45.0,27.137114437593713,28.506969362817745
2000-04-11,45.0,28.011169619659302,29.725855278462497
2000-04-12,45.0,28.846773566706837,25.11695695448997
2000-04-13,45.0,28.075703695312388,30.938180545164144
2000-04-14,45.0,27.85365727051236,27.61270265683563
2000-04-17,45.0,27.690919775658188,31.723855325149074
2000-04-18,45.0,28.449255852275783,28.14202447786022
2000-04-19,45.0,27.587083613380976,30.641775863185067
2000-04-20,45.0,28.923197960299625,28.1195077058952
2000-04-21,45.0,28.966679873857178,28.534457194423897
2000-04-24,45.0,28.128375399330892,28.232446466544978
2000-04-25,45.0,27.99424245596168,27.56094581809889
2000-04-26,45.0,28.51532990412078,27.485306483819485
2000-04-27,45.0,28.547399251113664,28.451127274316086
2000-04-28,45.0,27.597004134470293,29.09668706557603
2000-05-01,45.0,27.73672243343165,28.467135219215923
2000-05-02,45.0,27.338826282658353,29.038354481171798
2000-05-03,45.0,28.204532469167027,24.9637430937063
2000-05-04,45.0,28.333313941728445,29.807972890316353
2000-05-05,45.0,27.325037181069362,26.51484235298864
2000-05-08,45.0,27.77240054759192,24.70516651568082
2000-05-09,45.0,27.326373041209326,31.695048611698496
2000-05-10,45.0,27.55060009487808,30.820397182745598
2000-05-11,45.0,28.27550853011315,27.97903338364082
2000-05-12,45.0,27.63325896666086,30.13925987105837
2000-05-15,45.0,27.84958702198385,27.33754663757289
2000-05-16,45.0,27.186344136026342,27.06118941233128
2000-05-17,45.0,28.09349510486233,26.811352713921803
2000-05-18,45.0,27.977863340077676,26.720518331981744
2000-05-19,45.0,27.635520374983418,27.481841909047283
2000-05-22,45.0,27.905492851158762,26.572100090642948
2000-05-23,45.0,28.090147440251723,22.302946277140226
2000-05-24,45.0,27.59256592554533,27.633145758727327
2000-05-25,45.0,27.26186872799911,26.061594695018126
2000-05-26,45.0,28.90278721634341,28.59454026362232
2000-05-29,45.0,27.683363647644864,27.520351704515836
2000-05-30,45.0,27.951619948406556,29.269625922516354
2000-05-31,45.0,28.505419867510156,28.026106318713104
2000-06-01,45.0,29.764527593785242,25.467148737183788
2000-06-02,45.0,27.377756775055566,25.46772924330651
2000-06-05,45.0,28.224913606863254,25.518009926444975
2000-06-06,45.0,27.646223857352947,26.272383076768964
2000-06-07,45.0,27.730604847711646,26.594584402592385
2000-06-08,45.0,27.639893989496606,29.838682058038337
2000-06-09,45.0,27.437172516099707,28.372565913727616
2000-06-12,45.0,27.97935431910767,24.27792908367347
2000-06-13,45.0,27.262748656475882,26.24886908231334
2000-06-14,45.0,28.473403783255936,27.92671398931616
2000-06-15,45.0,28.027501468016688,25.991449341136047
2000-06-16,45.0,28.21121748645072,28.16205157409124
2000-06-19,45.0,27.76690569402689,26.321969021042502
2000-06-20,45.0,27.816398032894124,27.73168171129454
2000-06-21,45.0,28.143781952583662,26.861954614330912
2000-06-22,45.0,27.417974683797087,28.224373942592493
2000-06-23,45.0,27.82100478279333,30.881553872908235
2000-06-26,45.0,27.57019324306077,29.785912317745687
2000-06-27,45.0,27.554715594704493,25.837586947902214
2000-06-28,45.0,26.94508087968718,33.02247284029477
2000-06-29,45.0,28.66966329474,30.36156992354312
2000-06-30,45.0,27.656730623423115,26.628182037734568
2000-07-03,45.0,28.581688027581777,26.267375415085528
2000-07-04,45.0,28.534396160697145,28.680982985427384
2000-07-05,45.0,27.357000146741754,29.408830404955893
2000-07-06,45.0,27.455794382163578,31.53430315306503
2000-07-07,45.0,29.28025147967784,29.01690906751504
2000-07-10,45.0,28.87546297096357,26.672502830028368
2000-07-11,45.0,27.98424074333595,26.985281096210695
2000-07-12,45.0,28.128686553208674,29.25322693042001
2000-07-13,45.0,27.684576798526404,25.319090934412046
2000-07-14,45.0,28.21617635710017,30.989301796370054
2000-07-17,45.0,27.641409049638764,26.910741533829675
2000-07-18,45.0,26.983823117850807,29.919029191251155
2000-07-19,45.0,27.339222106744476,30.398852567150094
2000-07-20,45.0,28.010546373925294,34.109818384059125
2000-07-21,45.0,27.434466382248708,27.389438111816904
2000-07-24,45.0,27.96636126754323,27.444209256859363
2000-07-25,45.0,27.46266948028357,27.340770963826166
2000-07-26,45.0,27.608823038749,28.34745558222623
2000-07-27,45.0,28.426582653206594,26.710860523874064
2000-07-28,45.0,28.12374027382005,30.42384380635058
2000-07-31,45.0,27.995167789343327,30.016323935219166
2000-08-01,45.0,28.439481986535327,27.486012703712618
2000-08-02,45.0,28.240304296673674,26.578638690915298
2000-08-03,45.0,28.723281645625683,27.127623616709492
2000-08-04,45.0,27.77007036884243,27.061788384008196
2000-08-07,45.0,27.785182510736245,28.98758031350815
2000-08-08,45.0,27.34944536680433,28.386158386672378
2000-08-09,45.0,27.78550964131379,29.643799627653934
2000-08-10,45.0,28.48238494715122,30.97470094375303
2000-08-11,45.0,28.64999368613107,28.597313332614092
2000-08-14,45.0,28.480152584043335,29.18611421378271
2000-08-15,45.0,27.10290406672528,32.912603037884466
2000-08-16,45.0,28.541572606330366,29.141353093798095
2000-08-17,45.0,27.080740688363964,27.020652792047155
2000-08-18,45.0,28.449058662061173,27.86335162148374
2000-08-21,45.0,27.81610773671447,24.6683472055281
2000-08-22,45.0,28.351266656966928,29.090929004848928
2000-08-23,45.0,27.333775826052715,26.900980498010703
2000-08-24,45.0,28.585583816353072,26.218451184330853
2000-08-25,45.0,27.267512626947557,26.269833245828945
2000-08-28,45.0,27.66577254457341,30.28691202085764
2000-08-29,45.0,27.500952686115482,27.48231112504454
2000-08-30,45.0,27.12285757358875,29.528647054021043
2000-08-31,45.0,28.047263783794236,28.771480656431244
2000-09-01,45.0,28.90304455891848,28.40070092642389
2000-09-04,45.0,29.333452611160006,27.233522540192034
2000-09-05,45.0,28.048577893543126,28.99148210992775
2000-09-06,45.0,28.55834063753376,27.14819727273193
2000-09-07,45.0,28.11604731896427,28.312917121745198
2000-09-08,45.0,28.249441597384106,30.212482889170097
2000-09-11,45.0,27.82892567443638,30.63402763888206
2000-09-12,45.0,28.097538462711302,27.127926653407208
2000-09-13,45.0,28.268739352303214,28.74436938190134
2000-09-14,45.0,27.710770135561834,29.168546558462292
2000-09-15,45.0,27.961252850053505,28.474863085120962
2000-09-18,45.0,27.970784940501257,29.52712655986459
2000-09-19,45.0,28.413201658665262,29.549306468588284
2000-09-20,45.0,27.46698391418616,31.675286068201185
2000-09-21,45.0,27.974228895696175,32.31254449824666
2000-09-22,45.0,28.956002734526347,27.67034300961866
2000-09-25,45.0,28.58203007629297,31.32059844386017
2000-09-26,45.0,28.674589524444354,28.87818947388933
2000-09-27,45.0,28.012215920089016,27.645022322861237
2000-09-28,45.0,28.16049878184301,29.21417953005607
2000-09-29,45.0,28.501118083351464,27.53399374291867
2000-10-02,45.0,28.780127764765467,27.914641362955802
2000-10-03,45.0,27.02419854355856,25.806923081732315
2000-10-04,45.0,27.342279346475078,28.160849246476342
2000-10-05,45.0,28.654722050701324,29.865355366050384
2000-10-06,45.0,27.8615553221156,29.44111916441868
2000-10-09,45.0,27.664139605370963,28.727388289191758
2000-10-10,45.0,27.3729195065022,31.473494337226875
2000-10-11,45.0,27.722491649227944,32.268221019162624
2000-10-12,45.0,27.29881535828809,28.996540646664915
2000-10-13,45.0,29.04554713636624,31.195431124360816
2000-10-16,45.0,27.988781974009715,28.698358166670396
2000-10-17,45.0,27.971024729118643,28.175982268813478
2000-10-18,45.0,28.294038337583917,29.921695907419057
2000-10-19,45.0,28.481172584633285,27.85899907638098
2000-10-20,45.0,28.47294407827732,23.2807113280259
2000-10-23,45.0,28.536810971953784,27.482517864512687
2000-10-24,45.0,27.68457722460457,24.988737741219843
2000-10-25,45.0,27.85106659752157,27.22420666164595
2000-10-26,45.0,28.38451582772114,26.909614503990525
2000-10-27,45.0,27.73630546918019,26.921570948715527
2000-10-30,45.0,27.997446683986386,25.89682719034437
2000-10-31,45.0,28.199381882212407,25.6022840329794
2000-11-01,45.0,28.39259254115519,26.70601822454802
2000-11-02,45.0,27.1111595188149,27.258008056958126
2000-11-03,45.0,28.357372824944473,27.403790445537048
2000-11-06,45.0,27.883137971074138,28.517832779680482
2000-11-07,45.0,28.35372885543219,29.412740783787996
2000-11-08,45.0,28.388465846177414,25.980405395286233
2000-11-09,45.0,28.80395753055958,26.25068157479643
2000-11-10,45.0,28.6767268238106,31.329456946626287
2000-11-13,45.0,28.673285831305147,29.514682982422997
2000-11-14,45.0,28.72183515958312,26.448776236297643
2000-11-15,45.0,28.14568949240797,25.49315542983617
2000-11-16,45.0,28.01609254351842,27.003024978536303
2000-11-17,45.0,28.436408541589167,27.493673289135803
2000-11-20,45.0,28.36604047571651,29.36372577907183
2000-11-21,45.0,27.84546688163087,23.396052225194943
2000-11-22,45.0,28.202411704404135,26.07074872904197
2000-11-23,45.0,27.982451766607703,31.59991126226882
2000-11-24,45.0,27.573033545769974,28.032459499135573
2000-11-27,45.0,28.645230370688175,28.124684040295733
2000-11-28,45.0,28.027599621265043,26.871140793639906
2000-11-29,45.0,29.024354128849424,29.577356039616536
2000-11-30,45.0,27.187253864900082,24.392519494280965
2000-12-01,45.0,27.721610613578317,27.15005570671903
2000-12-04,45.0,28.016319418345436,23.837637931857618
2000-12-05,45.0,28.568690548814455,27.960377263364748
2000-12-06,45.0,28.199734686301092,27.107888129431743
2000-12-07,45.0,28.155236377090375,24.740250095191232
2000-12-08,45.0,27.436368103722927,30.021084346429117
2000-12-11,45.0,27.421529301385263,29.380160328512602
2000-12-12,45.0,28.16125233014495,30.059541646053823
2000-12-13,45.0,27.317947003090822,24.98667023771851
2000-12-14,45.0,27.734061124855337,25.992659654689273
2000-12-15,45.0,28.25045866454293,30.40415931815772
2000-12-18,45.0,27.50883786386161,29.621017556356374
2000-12-19,45.0,28.802677981180903,30.807087259095443
2000-12-20,45.0,28.611968172118946,27.52010719871634
2000-12-21,45.0,27.21429000083085,27.781311319396767
2000-12-22,45.0,27.533814378409005,29.2322522179085
2000-12-25,45.0,26.857111377752524,25.297749918958026
2000-12-26,45.0,27.608704318725934,28.39161567784818
2000-12-27,45.0,28.3831942382862,33.070099463367995
2000-12-28,45.0,27.79305252886257,27.28432342171131
2000-12-29,45.0,28.230398621807982,24.793130134375104
2001-01-01,33.0,27.23883284085913,28.822196589733664
2001-01-02,33.0,28.398987627290953,26.197680118077177
2001-01-03,33.0,27.722445386035826,27.786032749861832
2001-01-04,33.0,28.00608484114145,30.175137404069353
2001-01-05,33.0,27.953562749303472,29.116220719359017
2001-01-08,33.0,27.36422573955386,27.02295980749831
2001-01-09,33.0,27.423457834130108,29.676984454019074
2001-01-10,33.0,28.483897234501715,24.66413964435685
2001-01-11,33.0,28.199496078750848,28.394214162256397
2001-01-12,33.0,28.525024520776714,27.232005091451818
2001-01-15,33.0,28.16232911775126,23.2806101875355
2001-01-16,33.0,28.071495317404608,25.578575098940203
2001-01-17,33.0,27.136994690666615,27.970771422121317
2001-01-18,33.0,27.864816651619414,29.49341587888282
2001-01-19,33.0,27.98630783979813,28.043542807982867
2001-01-22,33.0,28.976553599136288,27.40786313388726
2001-01-23,33.0,28.34347831604934,29.61956795642061
2001-01-24,33.0,28.768030590854764,28.548487064865313
2001-01-25,33.0,28.298768852947365,29.99454922712465
2001-01-26,33.0,27.64434838652526,29.1488601991637
2001-01-29,33.0,28.058562108074927,26.575949081367327
2001-01-30,33.0,28.118111823132118,29.34181608007004
2001-01-31,33.0,27.53042221511466,29.921893255169874
2001-02-01,33.0,27.80780631170354,30.80034993555681
2001-02-02,33.0,27.897116503161413,26.94572366091292
2001-02-05,33.0,28.80280991628256,27.2737477442246
2001-02-06,33.0,26.95962973730451,29.76078276638339
2001-02-07,33.0,28.60290921035802,29.68310894903193
2001-02-08,33.0,27.53160238252031,26.979361213230163
2001-02-09,33.0,27.313960406365194,26.65514326523719
2001-02-12,33.0,28.58997106501923,27.13394456469995
2001-02-13,33.0,28.36594903461719,28.15851490588341
2001-02-14,33.0,28.627259351190595,26.22437726328599
2001-02-15,33.0,28.400350973772788,28.83946295361952
2001-02-16,33.0,29.0299225008687,24.546393156339967
2001-02-19,33.0,28.279361918472244,26.33662328010031
2001-02-20,33.0,27.921761311938422,28.36803777119021
2001-02-21,33.0,28.17146318866067,26.161273212986334
2001-02-22,33.0,28.621734564172982,27.16325868248647
2001-02-23,33.0,27.61031233736994,27.74540020624117
2001-02-26,33.0,27.67405570873431,32.24207777079406
2001-02-27,33.0,27.845519992701046,25.387793876847233
2001-02-28,33.0,26.947708600617332,28.471363915366396
2001-03-01,33.0,28.069039204208774,25.950331326658965
2001-03-02,33.0,27.05693564802449,25.875325159556894
2001-03-05,33.0,28.02652965646631,26.249922694396993
2001-03-06,33.0,28.432644878067624,27.686939646739173
2001-03-07,33.0,27.76156176967808,30.86760300978247
2001-03-08,33.0,28.838557935093437,30.349672123075393
2001-03-09,33.0,27.269749550290754,27.08364088221315
2001-03-12,33.0,28.595630340815916,27.467045201052628
2001-03-13,33.0,28.33756852820346,29.18266936019519
2001-03-14,33.0,27.141983375844656,28.11531429717832
2001-03-15,33.0,29.355397149520265,26.726703491681018
2001-03-16,33.0,27.96812735724802,29.32283263422508
2001-03-19,33.0,27.561257988922183,31.241940170225412
2001-03-20,33.0,27.29645640260799,30.11685392006435
2001-03-21,33.0,27.88999098617016,30.713160764081785
2001-03-22,33.0,27.93629656380502,27.72124518702261
2001-03-23,33.0,28.051322764269834,25.83473023065677
2001-03-26,33.0,27.85110192188802,23.999451711342743
2001-03-27,33.0,28.316612655057547,23.85605804774466
2001-03-28,33.0,27.806185083668378,27.593302134380977
2001-03-29,33.0,27.032517941379766,29.01365244846028
2001-03-30,33.0,27.92531925217518,29.686164162011558
2001-04-02,33.0,26.81626117331336,28.486188650930508
2001-04-03,33.0,28.176885315445695,26.556777339230603
2001-04-04,33.0,27.510349884858684,29.308999286096384
2001-04-05,33.0,28.0816801774579,25.603693456340416
2001-04-06,33.0,28.657037490762303,25.79250701819923
2001-04-09,33.0,27.525625652366,29.225875434980544
2001-04-10,33.0,28.53062812925606,25.533640443506545
2001-04-11,33.0,27.783305216656924,26.469456176632978
2001-04-12,33.0,28.876597401032793,26.044627362703462
2001-04-13,33.0,27.817423693400894,28.33827169352722
2001-04-16,33.0,27.579753507246654,29.176411024797147
2001-04-17,33.0,28.343619225197646,29.227911625679035
2001-04-18,33.0,27.782105135188182,26.839372819179047
2001-04-19,33.0,27.579275242935495,27.664311738891442
2001-04-20,33.0,27.761080074648106,29.47013904344062
2001-04-23,33.0,27.9776967339085,26.93924955167828
2001-04-24,33.0,28.671090065622426,26.174172231392298
2001-04-25,33.0,27.03295612727021,26.71685295056465
2001-04-26,33.0,28.01154032947521,26.784272549284843
2001-04-27,33.0,28.31245179732702,28.06139476627456
2001-04-30,33.0,28.0967242874959,27.946251919523917
2001-05-01,33.0,28.654932584716768,27.66516887294161
2001-05-02,33.0,27.96282733512074,26.399805793226797
2001-05-03,33.0,27.90772427890703,26.135479730053586
2001-05-04,33.0,28.29616477350667,29.298389081215387
2001-05-07,33.0,28.049656907475676,28.68629945850163
2001-05-08,33.0,27.804795630859765,27.130367332615485
2001-05-09,33.0,28.25807201979319,27.88623272809902
2001-05-10,33.0,27.673735853391676,30.424272201531682
2001-05-11,33.0,27.694411423990335,27.856154923598083
2001-05-14,33.0,27.736002989117193,27.98749511761338
2001-05-15,33.0,28.676534580083203,31.05479315370153
2001-05-16,33.0,26.389491822007145,30.140688798696786
2001-05-17,33.0,28.19779941738147,26.71834314157456
2001-05-18,33.0,28.017135907100112,30.14078617661283
2001-05-21,33.0,27.15956477038094,27.660128972442937
2001-05-22,33.0,28.154863389568,25.898798537473272
2001-05-23,33.0,28.237875995915765,30.60833483501588
2001-05-24,33.0,28.2948196156787,26.58098769044657
2001-05-25,33.0,26.674085968477527,26.98007956182356
2001-05-28,33.0,28.68319470592722,27.237344426867807
2001-05-29,33.0,27.63113164765758,32.07397402125106
2001-05-30,33.0,28.34328387337659,26.096073327870858
2001-05-31,33.0,28.370536890341143,26.794729250941
2001-06-01,33.0,27.561651457190354,27.31540490664677
2001-06-04,33.0,28.330229976175776,29.054422878413206
2001-06-05,33.0,27.80725337954382,27.861008403292374
2001-06-06,33.0,26.96431141033092,26.66537302012844
2001-06-07,33.0,28.58387096276389,29.24758540011709
2001-06-08,33.0,27.61247751849188,30.712999247992972
2001-06-11,33.0,27.572753268630972,24.753696221288674
2001-06-12,33.0,27.79846706598164,26.63693531988358
2001-06-13,33.0,28.136118362663694,29.023873968941295
2001-06-14,33.0,27.97136479458895,25.53433973468385
2001-06-15,33.0,28.274033462353586,27.690213802600532
2001-06-18,33.0,27.33025531673567,30.541465506387976
2001-06-19,33.0,27.62880681478463,29.245309560330853
2001-06-20,33.0,27.942001463839233,29.04201158286932
2001-06-21,33.0,28.948943646329354,29.494678862548696
2001-06-22,33.0,27.94309373079312,28.649850412664314
2001-06-25,33.0,28.542611131830817,27.32552798133465
2001-06-26,33.0,28.01927758439216,29.929733425744555
2001-06-27,33.0,27.758170681281214,27.04833517845624
2001-06-28,33.0,27.87663778794278,27.676972734227768
2001-06-29,33.0,27.91579014398556,24.688202626195842
2001-07-02,33.0,28.301822869480368,27.044471169550185
2001-07-03,33.0,28.687305633788277,28.15725313039329
2001-07-04,33.0,28.17984042384316,28.052832311473054
2001-07-05,33.0,28.59353883937088,29.84766418953636
2001-07-06,33.0,27.517605131185157,27.12425320319355
2001-07-09,33.0,27.792684745592986,27.204885265062824
2001-07-10,33.0,27.637848732896167,26.91767170431762
2001-07-11,33.0,28.157222295437425,28.482721556445515
2001-07-12,33.0,27.820520807410293,31.09260670239404
2001-07-13,33.0,28.3648864685171,23.379245393822117
2001-07-16,33.0,27.53449914418378,27.02465539769259
2001-07-17,33.0,28.02151548666064,27.29803381627734
2001-07-18,33.0,28.343428955506127,23.736769628850926
2001-07-19,33.0,26.967348612479697,27.751865655557573
2001-07-20,33.0,29.060815653665102,27.29337482299409
2001-07-23,33.0,27.85842405756006,27.122268098446863
2001-07-24,33.0,26.987480043161913,25.793287650689983
2001-07-25,33.0,28.079046949288394,27.825240949554935
2001-07-26,33.0,28.016721733986575,25.66710648274635
2001-07-27,33.0,27.959052810213752,26.315892013217216
2001-07-30,33.0,28.495595556463332,27.601116231645243
2001-07-31,33.0,28.37372248571353,30.043197271166317
2001-08-01,33.0,28.148938095511923,28.82066498088973
2001-08-02,33.0,28.225077816973325,29.227725249885417
2001-08-03,33.0,27.947820775280956,31.923200119993762
2001-08-06,33.0,28.887745424620025,28.88097516863291
2001-08-07,33.0,27.260401990821116,25.906351461533834
2001-08-08,33.0,28.06982583710795,26.874500808568982
2001-08-09,33.0,28.03251231559439,26.285804347213528
2001-08-10,33.0,28.406640203032296,27.728548093596224
2001-08-13,33.0,27.57807306128755,27.17721269057487
2001-08-14,33.0,27.128163698801732,26.114727014672702
2001-08-15,33.0,28.078411508049097,29.84805118639658
2001-08-16,33.0,28.140615246109302,29.991099354966572
2001-08-17,33.0,28.744799704723825,28.35883915596844
2001-08-20,33.0,27.36481897683746,25.996103568908765
2001-08-21,33.0,28.57734688335836,28.243123379392223
2001-08-22,33.0,29.18370718201356,26.776388566112928
2001-08-23,33.0,27.811117556238763,30.571568594983482
2001-08-24,33.0,27.354528890253388,25.608648965105345
2001-08-27,33.0,27.796512816813316,29.315215497437233
2001-08-28,33.0,28.00700248368569,29.272983214519073
2001-08-29,33.0,28.281893937503458,29.792893316805245
2001-08-30,33.0,27.704302635080975,28.39259010264283
2001-08-31,33.0,28.777599267073672,27.339794227695478
2001-09-03,33.0,27.44273384249597,32.78622720518866
2001-09-04,33.0,27.1303974239136,26.24587987977096
2001-09-05,33.0,28.553355212143657,29.4362156999907
2001-09-06,33.0,26.8626894843969,28.036864175198836
2001-09-07,33.0,27.89793511556364,28.68578766706317
2001-09-10,33.0,29.558840564604022,28.6750810979235
2001-09-11,33.0,27.993978223520035,25.835020648312153
2001-09-12,33.0,27.439616174651874,25.31545432600027
2001-09-13,33.0,27.971301268106604,25.44560986219586
2001-09-14,33.0,27.974599605690234,27.107949725992956
2001-09-17,33.0,28.08032497017656,28.496437350227048
2001-09-18,33.0,28.33113149107981,26.625282689842532
2001-09-19,33.0,27.48044441581613,25.127228478937482
2001-09-20,33.0,28.843774027618398,29.837104472364913
2001-09-21,33.0,28.12255714218631,24.92272217797736
2001-09-24,33.0,28.363397023200903,28.959521474622196
2001-09-25,33.0,27.68592530012218,26.497199858994776
2001-09-26,33.0,28.643191068497767,30.435146443556548
2001-09-27,33.0,27.871473795593467,26.948790249386544
2001-09-28,33.0,28.138776256746766,24.478865801520975
2001-10-01,33.0,27.533446961406444,27.920861941357426
2001-10-02,33.0,27.501534186798935,26.31926283804377
2001-10-03,33.0,28.344102653226443,29.621688688517516
2001-10-04,33.0,27.778196584896307,28.65947489645224
2001-10-05,33.0,27.573088456247813,26.741833593825504
2001-10-08,33.0,27.678408328986485,25.99460939196195
2001-10-09,33.0,28.34947653585871,25.804861452117294
2001-10-10,33.0,27.685481069398193,26.828183815323705
2001-10-11,33.0,27.94117253419892,30.727460927822108
2001-10-12,33.0,28.007513875143548,27.71249704874936
2001-10-15,33.0,27.04132555699485,29.89405954541243
2001-10-16,33.0,27.26443679731324,25.038248890172348
2001-10-17,33.0,28.16813894462378,24.158040581986622
2001-10-18,33.0,27.63148531942365,26.10915016726689
2001-10-19,33.0,28.52836245564021,29.314172952102435
2001-10-22,33.0,28.48340355212527,27.422255656247984
2001-10-23,33.0,28.359584333177718,29.779357641940237
2001-10-24,33.0,28.9098858936563,30.527620323585047
2001-10-25,33.0,27.95845533612841,26.0855480890885
2001-10-26,33.0,28.32444096295192,29.668659612789117
2001-10-29,33.0,27.707799511701985,30.776074789375855
2001-10-30,33.0,29.226184956434363,30.067037417964716
2001-10-31,33.0,28.99181682621801,24.812115694705298
2001-11-01,33.0,28.005940217258896,24.290134506531576
2001-11-02,33.0,28.193293114952596,27.10274754531183
2001-11-05,33.0,28.679648799682404,27.178448821254605
2001-11-06,33.0,27.926430247592947,29.685729101887276
2001-11-07,33.0,27.671687964600146,26.06471607120445
2001-11-08,33.0,28.43699487550344,28.83148477273614
2001-11-09,33.0,28.039219623041834,25.833595388211535
2001-11-12,33.0,28.09149722482263,28.690125462373683
2001-11-13,33.0,27.582864328466016,27.085809707665486
2001-11-14,33.0,27.1411639258183,28.717007425753494
2001-11-15,33.0,28.11807120493955,27.27234755842926
2001-11-16,33.0,28.4524810207471,23.58517329184988
2001-11-19,33.0,27.88709662546198,29.017940515656463
2001-11-20,33.0,28.718214759779432,30.340075530240142
2001-11-21,33.0,27.64804183729223,26.328323617078134
2001-11-22,33.0,27.47264777251704,29.619059624247114
2001-11-23,33.0,27.966384846401933,26.77328199423456
2001-11-26,33.0,27.958703712324354,25.300188596964308
2001-11-27,33.0,28.384984365667613,26.777382168607033
2001-11-28,33.0,27.612518587968008,27.63237373111344
2001-11-29,33.0,28.68404711840745,25.359160824218225
2001-11-30,33.0,28.983458481254125,30.699264595738953
2001-12-03,33.0,27.980427986515828,24.938337240192965
2001-12-04,33.0,28.62485521009216,26.91714925061967
2001-12-05,33.0,27.47175146468737,26.15549043842818
2001-12-06,33.0,28.53761077059096,30.707601089623765
2001-12-07,33.0,28.52363820427973,24.98525359480407
2001-12-10,33.0,28.43171864009494,29.650355159688786
2001-12-11,33.0,27.992218455564853,28.394302802933446
2001-12-12,33.0,26.522875529378986,25.50453315888243
2001-12-13,33.0,27.679136428173937,27.2968565721826
2001-12-14,33.0,27.6870419911577,27.634863346122724
2001-12-17,33.0,27.51087253096976,29.169903891698457
2001-12-18,33.0,28.061121502273533,26.71007381900429
2001-12-19,33.0,27.790518277239382,29.26288553916653
2001-12-20,33.0,27.58769399511749,28.097549228887054
2001-12-21,33.0,27.47059992587609,28.902424776151264
2001-12-24,33.0,27.642243507257387,26.237556306841032
2001-12-25,33.0,28.560749605924965,27.517749028042022
2001-12-26,33.0,27.669487472686253,28.220461338504393
2001-12-27,33.0,27.742530646783365,28.163293588401473
2001-12-28,33.0,27.771651192488378,27.920888424865993
2001-12-31,33.0,28.16949675690471,32.18459848993317
2002-01-01,25.0,28.228124744264267,29.1485889945745
2002-01-02,25.0,26.477671730378418,29.454902002792885
2002-01-03,25.0,28.510817606913804,28.493792789767777
2002-01-04,25.0,28.718184017121878,29.06652342459775
2002-01-07,25.0,27.474906731319166,28.397210375389637
2002-01-08,25.0,27.51385087763258,31.635549409129595
2002-01-09,25.0,27.774873306110866,27.879840664732107
2002-01-10,25.0,27.621997990271698,29.662685063087785
2002-01-11,25.0,28.111963436973305,32.17062796488429
2002-01-14,25.0,27.02673735682057,29.306099757272392
2002-01-15,25.0,27.44103619598163,27.430999777448367
2002-01-16,25.0,28.769598600087456,26.531954938291932
2002-01-17,25.0,27.53589001632599,27.008883331039375
2002-01-18,25.0,28.621714139051463,28.783419548728727
2002-01-21,25.0,28.177669097795068,31.568508519373733
2002-01-22,25.0,27.09536614270587,29.20724931435744
2002-01-23,25.0,28.317664597608104,27.22689607998244
2002-01-24,25.0,27.94116634890357,27.39014962559231
2002-01-25,25.0,27.77226647187513,27.70110880603964
2002-01-28,25.0,28.122478546586002,25.318740513368784
2002-01-29,25.0,28.237316742783396,27.084552384878673
2002-01-30,25.0,28.35379591098731,26.996891996243377
2002-01-31,25.0,28.589126423774,33.55622446815163
2002-02-01,25.0,28.204067956389178,29.853748770658814
2002-02-04,25.0,27.31218295560682,25.853826546474902
2002-02-05,25.0,27.763177271174406,24.861588385230156
2002-02-06,25.0,29.47152416763431,25.387974881299844
2002-02-07,25.0,28.362245530190865,30.827255609304128
2002-02-08,25.0,29.18464365040575,25.30192029625459
2002-02-11,25.0,28.697717041099594,31.219471526090835
2002-02-12,25.0,28.120901035777873,28.479466866326117
2002-02-13,25.0,28.15070353489056,27.50804193673423
2002-02-14,25.0,27.981709980061577,25.71074628413452
2002-02-15,25.0,27.13109769207675,30.52768073367876
2002-02-18,25.0,28.00902362623411,29.09243449312166
2002-02-19,25.0,28.605337276271097,29.800206667849867
2002-02-20,25.0,27.7001800025894,27.45496027159
2002-02-21,25.0,28.205976499530905,29.333292543567723
2002-02-22,25.0,28.425795522946597,30.96323762378599
2002-02-25,25.0,27.545159780343763,29.190540493783455
2002-02-26,25.0,27.774348567828167,25.888589167512087
2002-02-27,25.0,27.49104425476142,29.039852878877568
2002-02-28,25.0,27.588917196655295,29.509590189769668
2002-03-01,25.0,27.356197358173468,31.35371908438805
2002-03-04,25.0,27.549775769310987,29.169971983430415
2002-03-05,25.0,28.70972784039892,30.203031590218938
2002-03-06,25.0,27.542261485454855,29.232590683323043
2002-03-07,25.0,28.063229609530346,25.290058974230053
2002-03-08,25.0,27.748565623164524,29.658769206836208
2002-03-11,25.0,28.58943296851847,28.239938894922865
2002-03-12,25.0,28.65558114830181,31.99393174085408
2002-03-13,25.0,28.432034991069475,25.121456284875627
2002-03-14,25.0,28.15306727655138,25.735707567692852
2002-03-15,25.0,27.884470231579552,29.450795104361106
2002-03-18,25.0,27.404062647904375,31.023219938194302
2002-03-19,25.0,28.9717644405611,27.759469508220672
2002-03-20,25.0,27.620163491123723,27.77002750369652
2002-03-21,25.0,28.33182317351642,28.414297179373403
2002-03-22,25.0,28.5297827863117,27.03171199394422
2002-03-25,25.0,27.722359751547334,29.975074845847512
2002-03-26,25.0,28.51900626365798,27.034769882556297
2002-03-27,25.0,28.382106601669427,29.400666673626628
2002-03-28,25.0,28.863981917690882,25.35348344058652
2002-03-29,25.0,27.765326766786643,31.43706737486026
2002-04-01,25.0,27.357067991360143,23.759270929010427
2002-04-02,25.0,27.747255122277746,25.873489266009642
2002-04-03,25.0,28.104426771267168,32.506884514352535
2002-04-04,25.0,28.029106363542528,28.202041257795116
2002-04-05,25.0,27.803281051862726,26.680392766904728
2002-04-08,25.0,27.045401270511377,25.445789659888547
2002-04-09,25.0,28.235241498064553,27.127871846590075
2002-04-10,25.0,28.9861722395411,28.57952844863939
2002-04-11,25.0,28.232125619061502,28.973399929286188
2002-04-12,25.0,28.30456775952676,28.644527870928506
2002-04-15,25.0,28.28622265307755,24.427512275649462
2002-04-16,25.0,28.1985233349412,28.277863717115128
2002-04-17,25.0,28.465832983434048,28.677961401158836
2002-04-18,25.0,28.197686840592834,28.697264331324018
2002-04-19,25.0,27.84366141517336,28.058926912320544
2002-04-22,25.0,27.602005544995624,25.54204076202916
2002-04-23,25.0,27.875513172359664,26.15692371022498
2002-04-24,25.0,28.157064748225334,30.426191443411135
2002-04-25,25.0,27.841958519438514,26.44861714589586
2002-04-26,25.0,28.157169341565716,26.555948336036106
2002-04-29,25.0,28.219575066850208,27.40748071013299
2002-04-30,25.0,28.41658971563509,25.566736269966377
2002-05-01,25.0,28.64139748441949,29.267612279952164
2002-05-02,25.0,28.039003709239427,25.463086295671502
2002-05-03,25.0,27.34611171742617,30.168011201508055
2002-05-06,25.0,27.827447951590404,25.310405788629996
2002-05-07,25.0,28.0220312837033,27.440839207204593
2002-05-08,25.0,27.082115621911456,28.68755814341402
2002-05-09,25.0,28.69433226005124,29.581135952839613
2002-05-10,25.0,28.071188956255234,27.549985679698157
2002-05-13,25.0,28.190676417290142,26.594533255087473
2002-05-14,25.0,28.682763231263134,30.838089644488086
2002-05-15,25.0,27.684928584928826,28.362935152260917
2002-05-16,25.0,28.287020965442014,27.658695332631698
2002-05-17,25.0,27.945067938449032,24.3627188679529
2002-05-20,25.0,27.90795656649204,28.383141682338003
2002-05-21,25.0,27.61390380609781,27.990033059167338
2002-05-22,25.0,28.832801606843265,25.28823700592076
2002-05-23,25.0,27.812249979962214,26.437743961797423
2002-05-24,25.0,28.34973212344785,28.186709496702477
2002-05-27,25.0,27.06249630626403,28.9347914601967
2002-05-28,25.0,28.589994264844893,25.96320302683553
2002-05-29,25.0,28.52610557797853,25.982328504974063
2002-05-30,25.0,28.04871705514865,28.231308521116357
2002-05-31,25.0,27.886528766931036,26.317564233418103
2002-06-03,25.0,28.20000000280678,27.5986277072627
2002-06-04,25.0,29.144395330440144,31.550636786361537
2002-06-05,25.0,27.118381650548258,27.914680317330024
2002-06-06,25.0,28.391013693787063,30.04549989749269
2002-06-07,25.0,27.54419134892305,25.50899546485007
2002-06-10,25.0,27.990040801850135,26.464302810835324
2002-06-11,25.0,27.876059940460667,26.421880153073943
2002-06-12,25.0,27.785840871101122,25.792126788734144
2002-06-13,25.0,27.994767435473634,24.463172526387808
2002-06-14,25.0,27.432914427361105,28.386133970068123
2002-06-17,25.0,28.514590218063983,28.773774451553656
2002-06-18,25.0,27.1029282444007,26.108644761014475
2002-06-19,25.0,28.26988225641417,26.509676411503754
2002-06-20,25.0,27.836732073732716,28.155938474856328
2002-06-21,25.0,27.414537553096274,28.041616002353464
2002-06-24,25.0,28.101191685299348,30.066179449691894
2002-06-25,25.0,27.221524456646762,30.26741584140335
2002-06-26,25.0,28.01985691085982,26.66337411977384
2002-06-27,25.0,27.288561546094222,27.86470350089737
2002-06-28,25.0,28.230636042158917,25.99835247801769
2002-07-01,25.0,27.537821333184812,31.00448046767656
2002-07-02,25.0,27.774502991485345,28.53261607299099
2002-07-03,25.0,28.146974693971583,29.987528288488747
2002-07-04,25.0,27.613728944078883,27.273468606550125
2002-07-05,25.0,27.97101800016585,30.041517087136242
2002-07-08,25.0,27.243084749377573,29.488710083946522
2002-07-09,25.0,28.315437801798076,30.557805128043043
2002-07-10,25.0,28.882456902775385,25.312374683182927
2002-07-11,25.0,29.39610443395498,28.149598990860476
2002-07-12,25.0,28.04558407333322,30.195081408851546
2002-07-15,25.0,28.394102070398592,26.128660990538087
2002-07-16,25.0,27.109687163546255,29.04375944331804
2002-07-17,25.0,28.751367163152793,29.142665286956756
2002-07-18,25.0,28.388114252362055,29.402095053582034
2002-07-19,25.0,27.758033277524383,28.667475484172307
2002-07-22,25.0,28.618590400144505,29.23520660145085
2002-07-23,25.0,27.87276196167733,28.86549405392858
2002-07-24,25.0,27.770987408492722,30.369825447340233
2002-07-25,25.0,28.237667462713745,26.564600921616947
2002-07-26,25.0,27.46832275008484,28.68082594355274
2002-07-29,25.0,28.510812382199973,30.437585652405694
2002-07-30,25.0,27.47200509403658,26.432554275685803
2002-07-31,25.0,27.474972605088407,26.617778212343126
2002-08-01,25.0,27.545155105795832,29.048734176879908
2002-08-02,25.0,28.37975001875806,30.764186000354194
2002-08-05,25.0,27.691612319240146,27.731485769986687
2002-08-06,25.0,27.326002107816414,28.191070541245864
2002-08-07,25.0,27.697160000032103,28.727701857693035
2002-08-08,25.0,27.983978814659757,27.026454114647983
2002-08-09,25.0,27.409513758167808,32.38747384876186
2002-08-12,25.0,27.42415944548283,26.150743263741454
2002-08-13,25.0,29.055648167049792,28.180090518808843
2002-08-14,25.0,27.569717298093057,28.212234748890236
2002-08-15,25.0,27.838478815613495,23.623259794130004
2002-08-16,25.0,27.816381499600357,26.3153640830412
2002-08-19,25.0,27.789321596114778,25.29562617295869
2002-08-20,25.0,28.310673369984553,29.440551329011505
2002-08-21,25.0,28.474071475236023,24.613595529899314
2002-08-22,25.0,27.847022784234206,29.8837584831543
2002-08-23,25.0,27.381760856703824,25.64046292533751
2002-08-26,25.0,28.637220113924453,29.92303877637243
2002-08-27,25.0,27.95232945440166,25.207089076599363
2002-08-28,25.0,28.865160907428585,28.8480716759244
2002-08-29,25.0,26.877207051217418,29.870279798290028
2002-08-30,25.0,28.09770161064166,29.146221530690674
2002-09-02,25.0,28.959303166938103,25.55776255548131
2002-09-03,25.0,27.82336793228092,30.259542267935252
2002-09-04,25.0,27.887253288332683,29.091572126574995
2002-09-05,25.0,28.14775584579517,23.284294913034824
2002-09-06,25.0,27.72060209055752,28.221387178299786
2002-09-09,25.0,27.843964033973634,33.667422332303886
2002-09-10,25.0,27.831092452904297,30.232963222751
2002-09-11,25.0,27.686289632786814,27.001977846508876
2002-09-12,25.0,28.61442827510028,29.08806595189723
2002-09-13,25.0,28.230539016148217,27.214320529917174
2002-09-16,25.0,28.12531411605165,30.029146063859265
2002-09-17,25.0,28.40428550344506,26.371593836378313
2002-09-18,25.0,27.867822083398266,30.41714736048463
2002-09-19,25.0,27.61289809082355,29.84080348086401
2002-09-20,25.0,27.69868784769272,29.28523882315321
2002-09-23,25.0,28.000891520552305,32.141646535403346
2002-09-24,25.0,27.47039414581355,30.011689401761565
2002-09-25,25.0,27.74986949170666,30.043168377127706
2002-09-26,25.0,27.741941679064283,30.252803546304847
2002-09-27,25.0,29.062278114914506,29.427501521932374
2002-09-30,25.0,26.613092530033043,28.92839273251713
2002-10-01,25.0,27.910190139297182,26.64546357754492
2002-10-02,25.0,28.862846896407387,26.67293198493896
2002-10-03,25.0,28.060922232066225,28.864100993607224
2002-10-04,25.0,28.376708736710547,29.218406672074114
2002-10-07,25.0,28.049913157549884,28.03564905241025
2002-10-08,25.0,27.66633330939176,27.03684129732496
2002-10-09,25.0,26.879042032745545,27.72778448689631
2002-10-10,25.0,28.102727843518153,27.894331131571928
2002-10-11,25.0,27.612196697698803,28.550119474697883
2002-10-14,25.0,27.59983229691735,27.55569665973654
2002-10-15,25.0,27.750506372010445,30.331417285206037
2002-10-16,25.0,28.872430703311746,27.778611301955035
2002-10-17,25.0,29.202418771126986,26.713364097165286
2002-10-18,25.0,28.1086039687642,27.838405822135986
2002-10-21,25.0,27.767616388044136,25.797224408604283
2002-10-22,25.0,27.411386791274396,32.026645601620544
2002-10-23,25.0,28.234270080773033,29.31103075228711
2002-10-24,25.0,28.89145280003257,27.974750643169216
2002-10-25,25.0,27.876329806487423,30.832915278401586
2002-10-28,25.0,26.81050197962339,27.5899101029678
2002-10-29,25.0,28.335024835907763,27.933075653271292
2002-10-30,25.0,28.492699855725025,26.591697888295116
2002-10-31,25.0,27.207077179807076,26.118903782478476
2002-11-01,25.0,28.088242091831475,28.421650555574562
2002-11-04,25.0,28.22561300806805,30.128036050571833
2002-11-05,25.0,27.963446348995532,26.243465027798806
2002-11-06,25.0,27.604614540457323,27.52145454804699
2002-11-07,25.0,28.507968611781777,27.592879581446162
2002-11-08,25.0,27.798310127015657,29.543096890593045
2002-11-11,25.0,27.257406918650034,27.13712980382644
2002-11-12,25.0,26.975262757165158,29.50624876692237
2002-11-13,25.0,28.630424759999656,29.430838383589997
2002-11-14,25.0,28.308331988235558,26.676072549598736
2002-11-15,25.0,28.043986773564583,27.41392108202896
2002-11-18,25.0,27.7798626815746,28.160961132565827
2002-11-19,25.0,27.735500792898435,27.126000080045078
2002-11-20,25.0,27.462131675779194,26.21029841920614
2002-11-21,25.0,27.78427217772006,30.96482037097818
2002-11-22,25.0,26.939956392439914,24.43470819397423
2002-11-25,25.0,27.631968173265744,28.46562183885099
2002-11-26,25.0,27.844531241824452,30.729066318639052
2002-11-27,25.0,28.304940023595208,26.388589015899736
2002-11-28,25.0,27.98003676831332,28.052701903727428
2002-11-29,25.0,28.39746155693778,29.80557147471926
2002-12-02,25.0,28.674567552556717,21.915064892724054
2002-12-03,25.0,28.52908504691205,27.899216482518934
2002-12-04,25.0,28.23525492368928,24.855422414630112
2002-12-05,25.0,28.005931339590393,29.926682048102062
2002-12-06,25.0,27.50960599579322,26.415138600624857
2002-12-09,25.0,28.36997202568966,31.568900798837223
2002-12-10,25.0,28.839873691110764,26.090134482077115
2002-12-11,25.0,28.17105301982521,28.899301262000282
2002-12-12,25.0,28.958629574213063,26.24722889102782
2002-12-13,25.0,27.237214145969457,27.525404908329737
2002-12-16,25.0,27.422918307610228,27.991474702868796
2002-12-17,25.0,28.42760075387413,28.051592689908745
2002-12-18,25.0,28.132145105076624,31.309702318626037
2002-12-19,25.0,28.656891088285903,30.854677198672587
2002-12-20,25.0,27.99226417963663,26.501239778731478
2002-12-23,25.0,27.566012288735834,28.085698656766255
2002-12-24,25.0,27.89320337889748,25.672574927666048
2002-12-25,25.0,27.233658014538133,25.217319231434395
2002-12-26,25.0,27.43570466345148,26.666179358163543
2002-12-27,25.0,28.486221998959007,31.366662896584387
2002-12-30,25.0,28.436393707234807,24.624813827163024
2002-12-31,25.0,28.181502142403037,29.15260904841586
2003-01-01,20.0,27.139461239519765,28.920669784808414
2003-01-02,20.0,27.820798212243556,26.51357905706209
2003-01-03,20.0,27.387500055669975,29.28997150969106
2003-01-06,20.0,28.588266626893883,29.280858323348443
2003-01-07,20.0,27.7081389332187,27.925057650012114
2003-01-08,20.0,27.457126144609227,27.699220287829323
2003-01-09,20.0,28.014898082560713,27.508969235501826
2003-01-10,20.0,27.679922771582696,26.31214128887546
2003-01-13,20.0,28.741871955101853,28.330782342590055
2003-01-14,20.0,27.632594551232906,26.989774962106154
2003-01-15,20.0,27.300385870387686,28.3230491869582
2003-01-16,20.0,26.92354324212124,26.7798836314084
2003-01-17,20.0,27.984606748793293,26.68544402764619
2003-01-20,20.0,27.719034943071037,26.910522639529514
2003-01-21,20.0,27.285547696744135,30.53802941373644
2003-01-22,20.0,28.594613230627893,25.245222238067328
2003-01-23,20.0,28.33362257371462,31.54516715186536
2003-01-24,20.0,27.985891060531387,29.536163081199625
2003-01-27,20.0,28.682163122085434,24.873939776241095
2003-01-28,20.0,28.331268016699305,26.84340423499307
2003-01-29,20.0,27.588572049240785,24.754799519608724
2003-01-30,20.0,27.48038991800462,29.293709973643534
2003-01-31,20.0,28.408990772226932,30.553290273035586
2003-02-03,20.0,28.198183478233677,28.458385130121144
2003-02-04,20.0,28.08487388398533,30.438106364391743
2003-02-05,20.0,27.576751098565545,28.367346173412756
2003-02-06,20.0,28.303973783502876,29.941958058115752
2003-02-07,20.0,27.622250558433027,28.583952257694985
2003-02-10,20.0,27.94900667270316,28.02808691162228
2003-02-11,20.0,28.72347207319349,29.547329901678115
2003-02-12,20.0,27.66958288209493,27.68735794154962
2003-02-13,20.0,27.21350537146357,30.913883666491007
2003-02-14,20.0,27.473726404064944,27.369083303749957
2003-02-17,20.0,28.497149413343813,29.1343224003865
2003-02-18,20.0,28.127365568690106,26.586667452408392
2003-02-19,20.0,27.935561310655622,24.853601976655128
2003-02-20,20.0,27.745453097344214,28.71590772091096
2003-02-21,20.0,28.242679953776594,24.392028375081814
2003-02-24,20.0,27.57544757450489,32.29832914754326
2003-02-25,20.0,28.152832784321298,27.291675784502843
2003-02-26,20.0,27.63437271559352,27.84446286248661
2003-02-27,20.0,27.551170307362472,27.379931523685368
2003-02-28,20.0,27.681256282587494,28.281547144854464
2003-03-03,20.0,27.81229627675802,28.680370932849495
2003-03-04,20.0,27.97558508203315,26.320243509634636
2003-03-05,20.0,28.117727897555557,22.891773393847345
2003-03-06,20.0,26.155817354285777,25.798445380799446
2003-03-07,20.0,27.59617472112662,27.02949965322813
2003-03-10,20.0,27.80421501132198,28.56044543451589
2003-03-11,20.0,28.752531019304165,28.36711208592889
2003-03-12,20.0,27.459998695808935,29.506450760873392
2003-03-13,20.0,28.081398309049955,24.714159358322867
2003-03-14,20.0,28.74751515486792,26.214485665192754
2003-03-17,20.0,27.343515735026365,27.11809046151306
2003-03-18,20.0,28.1969876129322,31.048227751287985
2003-03-19,20.0,27.59886408303274,33.44102545495105
2003-03-20,20.0,27.747683128855382,25.303101712662578
2003-03-21,20.0,27.598444583023344,30.183246487592974
2003-03-24,20.0,27.63407134579206,28.173784990830587
2003-03-25,20.0,29.360956073953247,29.112365575889957
2003-03-26,20.0,28.42222793603583,25.35120805436039
2003-03-27,20.0,28.550868930893106,30.71010453790465
2003-03-28,20.0,28.24599674341825,23.55780924824636
2003-03-31,20.0,27.19687160579902,25.370597818645695
2003-04-01,20.0,28.197478985161652,27.460431666429844
2003-04-02,20.0,28.536464807253672,26.813523782603045
2003-04-03,20.0,27.573300262980446,28.051653784266346
2003-04-04,20.0,28.482663333580565,26.630593403661745
2003-04-07,20.0,28.35216810492704,27.286719307960812
2003-04-08,20.0,28.926020022406835,27.631194406723825
2003-04-09,20.0,27.79110849374319,27.55331547974479
2003-04-10,20.0,27.451194508862137,28.29716468966709
2003-04-11,20.0,27.819185945313727,29.792168326268378
2003-04-14,20.0,28.71778549658181,26.492857423386237
2003-04-15,20.0,27.08579705957902,30.695391290002696
2003-04-16,20.0,26.965812142284484,28.098357726840238
2003-04-17,20.0,28.044697639465806,30.522084928534237
2003-04-18,20.0,27.77870535361292,27.31498440078582
2003-04-21,20.0,28.003863946587842,26.267521689333027
2003-04-22,20.0,28.472655885617932,28.160462073046517
2003-04-23,20.0,27.723715326940574,33.12780393820666
2003-04-24,20.0,27.06349708453469,25.26968127062175
2003-04-25,20.0,29.022240778599972,29.3546489257112
2003-04-28,20.0,27.501385856280613,28.354906167490597
2003-04-29,20.0,27.47048143899395,28.80800568361141
2003-04-30,20.0,28.551860006861297,25.588490196714183
2003-05-01,20.0,27.80775543947924,28.914267992758305
2003-05-02,20.0,27.968305073982595,28.590878555123638
2003-05-05,20.0,28.241395062030158,25.03287648992808
2003-05-06,20.0,28.541791551554997,28.262494119321083
2003-05-07,20.0,27.833269653409115,27.514070721024517
2003-05-08,20.0,28.75997600295715,27.292307888156362
2003-05-09,20.0,26.932100075632597,27.908735140934475
2003-05-12,20.0,28.37989361847654,30.175346405889634
2003-05-13,20.0,27.58023622099117,28.916286973649818
2003-05-14,20.0,28.686135658303996,25.913212364932022
2003-05-15,20.0,28.07102223941527,28.99421534899353
2003-05-16,20.0,27.6635473339953,27.91138164652056
2003-05-19,20.0,28.331420546510817,26.76750809822668
2003-05-20,20.0,28.446594173603625,25.52062399909278
2003-05-21,20.0,28.32094706142932,29.61398837783409
2003-05-22,20.0,27.48515188018347,26.859019625644358
2003-05-23,20.0,27.757991438188956,29.81614508160616
2003-05-26,20.0,27.997963581439283,25.846938439415243
2003-05-27,20.0,27.97937017367497,31.989544432250735
2003-05-28,20.0,28.374872737719173,33.267459653857905
2003-05-29,20.0,26.992549383746695,29.084576462595944
2003-05-30,20.0,28.167163527276752,30.5928566465423
2003-06-02,20.0,27.85500932278168,27.09320169698995
2003-06-03,20.0,27.580749691808023,26.895405540692565
2003-06-04,20.0,27.6287566111152,30.388126015799887
2003-06-05,20.0,27.89273116774102,28.302805938490934
2003-06-06,20.0,26.199457447770243,25.25594165073354
2003-06-09,20.0,27.649355214604224,28.154574773078814
2003-06-10,20.0,27.562092587676855,25.556254952117627
2003-06-11,20.0,28.26639160466131,27.62968717372237
2003-06-12,20.0,27.59723665874474,30.097651205502196
2003-06-13,20.0,27.892443099914754,30.918828076506255
2003-06-16,20.0,28.77113831383065,28.55255056464169
2003-06-17,20.0,28.497175759907712,30.67606438209245
2003-06-18,20.0,28.451135699971726,27.080117581915303
2003-06-19,20.0,27.750063784794573,31.401385619491283
2003-06-20,20.0,28.271516139644827,26.554104299894146
2003-06-23,20.0,27.8830510997732,26.381601328609467
2003-06-24,20.0,27.901953394661533,27.078212950842182
2003-06-25,20.0,28.204842671873276,26.50511466172886
2003-06-26,20.0,27.701503205789535,29.034840010394248
2003-06-27,20.0,28.746501552221602,30.504518966087993
2003-06-30,20.0,27.91993493020103,28.03101671610465
2003-07-01,20.0,28.309180283129834,28.6225999178819
2003-07-02,20.0,28.72780023962865,25.235129351884645
2003-07-03,20.0,28.515826887287588,28.19252562912736
2003-07-04,20.0,27.295540448654737,31.541477777198153
2003-07-07,20.0,28.222447947504943,30.825384660015125
2003-07-08,20.0,28.425359697230324,25.81044806944299
2003-07-09,20.0,28.445931511080374,27.123711193474225
2003-07-10,20.0,27.443352582942683,34.81306816886844
2003-07-11,20.0,27.671482381491337,28.836200862157636
2003-07-14,20.0,28.49727911787081,31.0306139100364
2003-07-15,20.0,27.619119814658678,31.18754738438637
2003-07-16,20.0,27.85015197166784,25.768526638851178
2003-07-17,20.0,28.787937904750983,29.44775724008815
2003-07-18,20.0,27.976100374807604,28.374575136261814
2003-07-21,20.0,27.63661293108308,31.48333732616937
2003-07-22,20.0,27.561191321568547,31.924307975480303
2003-07-23,20.0,28.166359664792594,26.336454809972516
2003-07-24,20.0,27.333425995761395,34.883039191678094
2003-07-25,20.0,27.87633201805179,28.33806170293458
2003-07-28,20.0,28.16661526749501,29.264592277448543
2003-07-29,20.0,28.649574910273834,22.69550726739355
2003-07-30,20.0,28.333774040185,30.016618424766374
2003-07-31,20.0,27.64296744100891,23.691705575251646
2003-08-01,20.0,28.58920965878186,27.71214618988784
2003-08-04,20.0,27.85024248122626,26.894223788440687
2003-08-05,20.0,27.382148488975297,28.932247952030888
2003-08-06,20.0,27.913979320367265,28.358651895622828
2003-08-07,20.0,28.719084600572852,29.173879720039672
2003-08-08,20.0,28.082620025032462,30.4918649938023
2003-08-11,20.0,28.006260932164892,25.992067024229154
2003-08-12,20.0,28.818605822351426,27.591188315102706
2003-08-13,20.0,27.284322576472785,26.309128468206907
2003-08-14,20.0,27.357200442973614,26.158585566554958
2003-08-15,20.0,27.192076764516585,31.865379340414947
2003-08-18,20.0,28.186324093240028,25.462153825088986
2003-08-19,20.0,28.083246563557562,26.355813865376238
2003-08-20,20.0,28.771368183639886,32.38852309070533
2003-08-21,20.0,28.121737538568386,27.74632825989575
2003-08-22,20.0,27.797921420260348,27.871103067640036
2003-08-25,20.0,28.000897436439054,28.80104444633689
2003-08-26,20.0,28.05885370923048,25.590129394370692
2003-08-27,20.0,27.164119363335917,26.155860794512883
2003-08-28,20.0,29.355165822167447,26.766764329393027
2003-08-29,20.0,28.259935509050955,30.084443387147402
2003-09-01,20.0,28.105004154011294,29.34313312355041
2003-09-02,20.0,28.30758199213929,26.739507246966397
2003-09-03,20.0,28.354705490293302,27.73297977952969
2003-09-04,20.0,27.929723257248785,29.558877185433442
2003-09-05,20.0,27.68437943187965,23.230289034711493
2003-09-08,20.0,28.29972534316085,28.60449652909564
2003-09-09,20.0,28.192855420265726,29.515905637055297
2003-09-10,20.0,27.595054950455296,26.16313255962935
2003-09-11,20.0,28.70951780568363,29.30025127483554
2003-09-12,20.0,28.146676018161493,28.030001716762072
2003-09-15,20.0,28.364909681133817,31.62139439462889
2003-09-16,20.0,28.695960443839958,26.953874498385936
2003-09-17,20.0,28.010944410582418,29.181786327000776
2003-09-18,20.0,28.15847600349206,25.06005413819497
2003-09-19,20.0,28.405013619253058,28.15040002132178
2003-09-22,20.0,27.637569458099975,29.630593065726167
2003-09-23,20.0,28.027025831423,26.949190665921787
2003-09-24,20.0,28.062774293325575,30.239189065718236
2003-09-25,20.0,27.521970724158304,29.84038945890986
2003-09-26,20.0,29.15881839433694,28.287644935844494
2003-09-29,20.0,27.2963532782538,27.457466704339247
2003-09-30,20.0,27.350948048156422,21.83204558706082
2003-10-01,20.0,28.65711328785179,26.70275176962087
2003-10-02,20.0,28.35663312539827,30.201615527561316
2003-10-03,20.0,27.48701759125961,27.45319866037822
2003-10-06,20.0,28.303644507550846,28.903765523981537
2003-10-07,20.0,28.733925222498655,27.07200467167604
2003-10-08,20.0,27.98486847120151,25.146262174620595
2003-10-09,20.0,29.29941145003729,29.49574350781321
2003-10-10,20.0,27.13796909456598,25.543351281445965
2003-10-13,20.0,28.34691172692955,27.47549254209973
2003-10-14,20.0,28.583264168110503,28.728718336586358
2003-10-15,20.0,28.445671950802623,26.643502808095004
2003-10-16,20.0,27.897822136677174,31.140726919138615
2003-10-17,20.0,27.854779258994427,31.94461493809081
2003-10-20,20.0,28.22207258554363,26.380885865105967
2003-10-21,20.0,28.407877243326034,26.459398145316026
2003-10-22,20.0,28.301236718141183,27.122997719809664
2003-10-23,20.0,28.520028945396696,30.30609670632583
2003-10-24,20.0,27.490565021466633,28.97186728741105
2003-10-27,20.0,27.886114510438183,29.501984402734973
2003-10-28,20.0,27.52999203393812,30.630651691943754
2003-10-29,20.0,27.806943611956928,26.188881468298867
2003-10-30,20.0,28.507610445907154,29.005479956459777
2003-10-31,20.0,28.053991960362616,28.10263280077173
2003-11-03,20.0,29.303429581574886,28.860190959636732
2003-11-04,20.0,28.096703183594858,30.29828652940663
2003-11-05,20.0,28.029845940289867,27.69658811076125
2003-11-06,20.0,28.053091459720108,26.606503666699112
2003-11-07,20.0,27.681095653570033,25.897797077590873
2003-11-10,20.0,27.971081693811204,31.5083696536975
2003-11-11,20.0,28.563894013555824,27.915952292081194
2003-11-12,20.0,28.056985334063885,25.264300813899567
2003-11-13,20.0,27.603270135058263,30.765982616859286
2003-11-14,20.0,27.537457689760682,24.580136551870833
2003-11-17,20.0,27.77489905416708,24.90016714191646
2003-11-18,20.0,28.03693171720544,27.36802166724282
2003-11-19,20.0,28.596793267738132,26.90631991453572
2003-11-20,20.0,27.329755679316783,28.623864893654094
2003-11-21,20.0,27.84008686105562,24.147269350298053
2003-11-24,20.0,28.07215500971754,28.65214705501919
2003-11-25,20.0,27.083147116185284,30.55681671728667
2003-11-26,20.0,27.583200858516797,26.03617328514373
2003-11-27,20.0,27.66005573013191,27.243268909474796
2003-11-28,20.0,27.60201481307475,26.396895258080004
2003-12-01,20.0,28.095944772510823,28.640765520792694
2003-12-02,20.0,27.919720195249102,25.849072211153683
2003-12-03,20.0,27.72235694869948,25.598407563157537
2003-12-04,20.0,28.213981313276317,27.697787514053076
2003-12-05,20.0,28.861537358823124,28.67406355195164
2003-12-08,20.0,28.819628258370876,28.30097722866021
2003-12-09,20.0,27.038614113968833,27.120807678763594
2003-12-10,20.0,28.28853609191757,29.336658834557213
2003-12-11,20.0,27.91098835496808,28.460730440861
2003-12-12,20.0,28.077577671432678,25.661609397848466
2003-12-15,20.0,27.800858483228726,22.64828082920879
2003-12-16,20.0,28.0587943149436,29.0432519285604
2003-12-17,20.0,28.07570369803601,27.486847442313053
2003-12-18,20.0,27.710524121325538,25.780103328423458
2003-12-19,20.0,27.55181622608741,31.25072584200284
2003-12-22,20.0,27.775652158690256,31.229741146494646
2003-12-23,20.0,28.117129632228384,30.54711957487117
2003-12-24,20.0,28.29949817084213,28.452374235879926
2003-12-25,20.0,28.426674488670074,21.671283139443986
2003-12-26,20.0,27.752904988466543,30.350533521150794
2003-12-29,20.0,28.14192228365137,26.158891987628927
2003-12-30,20.0,28.481251295976648,26.881682647754687
2003-12-31,20.0,28.582797447572062,29.798438441740203
2004-01-01,16.0,27.97058357293424,32.06362791984079
2004-01-02,16.0,27.889534137530195,31.08215968593517
2004-01-05,16.0,28.095562116918195,28.34531916841128
2004-01-06,16.0,27.425146263551298,29.477907667269083
2004-01-07,16.0,27.903195244482244,25.788550452354322
2004-01-08,16.0,28.372293199236566,24.754814378109106
2004-01-09,16.0,28.32097356472185,30.15994605904722
2004-01-12,16.0,27.864866197818056,28.64517821173998
2004-01-13,16.0,28.108859100543583,25.103367157632142
2004-01-14,16.0,27.587674829854656,27.904003861996856
2004-01-15,16.0,28.351746074112512,29.23389627969162
2004-01-16,16.0,27.961089281931763,29.81356975700688
2004-01-19,16.0,27.86202427415193,29.256341284603003
2004-01-20,16.0,27.819138081953305,27.273637925768078
2004-01-21,16.0,27.968553066550072,26.303335917856064
2004-01-22,16.0,27.77606117753402,28.234241068422524
2004-01-23,16.0,28.32907151800128,29.604281758047733
2004-01-26,16.0,27.80235822599191,29.810496516360676
2004-01-27,16.0,28.79648204801369,31.160649981527254
2004-01-28,16.0,28.73260525174069,28.070008610169065
2004-01-29,16.0,27.554228255072747,25.779436268816422
2004-01-30,16.0,28.03485213471464,30.172996560195166
2004-02-02,16.0,27.674671689331902,28.16594633846651
2004-02-03,16.0,27.836676218405696,25.434600887174817
2004-02-04,16.0,29.0012137338224,29.247436858706543
2004-02-05,16.0,27.8462142914421,30.823748107809145
2004-02-06,16.0,28.180113018538716,28.766054322898636
2004-02-09,16.0,28.27066064700414,30.848150381650136
2004-02-10,16.0,27.49968531375838,27.030967673745327
2004-02-11,16.0,27.572452262795398,26.544919657230064
2004-02-12,16.0,27.39698881429594,29.709046856919198
2004-02-13,16.0,27.55701463305111,27.294493943950986
2004-02-16,16.0,26.57498494534141,30.41040749874361
2004-02-17,16.0,28.272291200396815,28.341532289505952
2004-02-18,16.0,29.027096920628036,30.43741755963197
2004-02-19,16.0,28.073910369518263,29.262539521544454
2004-02-20,16.0,27.291865570329698,26.199890595863852
2004-02-23,16.0,27.678611808550027,24.01696282904256
2004-02-24,16.0,27.770561577487502,29.563876630922934
2004-02-25,16.0,27.491207611393314,29.13030086509729
2004-02-26,16.0,28.43009131919758,25.96407035639634
2004-02-27,16.0,28.405130022187667,29.597156169351337
2004-03-01,16.0,27.42227410309117,30.781221338576586
2004-03-02,16.0,28.362540522223753,26.585364799017643
2004-03-03,16.0,28.763406331788634,24.1329408036967
2004-03-04,16.0,28.95127910261478,29.941241676391275
2004-03-05,16.0,29.43260601154298,30.54484374221538
2004-03-08,16.0,27.549003675278403,26.532229374337597
2004-03-09,16.0,29.4121102131976,29.548008401494403
2004-03-10,16.0,27.822896805745607,28.663233464193905
2004-03-11,16.0,27.703767272309744,27.78093263533129
2004-03-12,16.0,28.163536187438922,29.161128850824266
2004-03-15,16.0,27.708969332953494,26.995879802521525
2004-03-16,16.0,28.199522070323262,25.797318365146232
2004-03-17,16.0,27.339961406131348,28.811680124272435
2004-03-18,16.0,27.880623698968282,28.536249226520557
2004-03-19,16.0,28.64279111718084,22.90626867758106
2004-03-22,16.0,27.971469354284423,25.637696370016595
2004-03-23,16.0,28.070797893369942,26.655596885566556
2004-03-24,16.0,28.237629302358656,29.049846113332663
2004-03-25,16.0,28.585330814658832,24.954801363808937
2004-03-26,16.0,27.172387643905285,27.360750040322028
2004-03-29,16.0,28.292262025918717,31.875335617697512
2004-03-30,16.0,27.86593043037912,28.13358993664422
2004-03-31,16.0,28.08331894765592,28.258180798615406
2004-04-01,16.0,28.529975084881187,27.877987330131504
2004-04-02,16.0,27.402906674294076,29.96410849042536
2004-04-05,16.0,27.493677779278457,28.083469772063633
2004-04-06,16.0,27.032285020143096,27.560200081389056
2004-04-07,16.0,27.72542052911811,28.304383398243893
2004-04-08,16.0,28.665216172189407,30.651504427001868
2004-04-09,16.0,27.939706405763264,28.804120554010787
2004-04-12,16.0,27.329937552172606,28.114955735092398
2004-04-13,16.0,27.757160627712476,30.355191601519426
2004-04-14,16.0,27.25606914825469,26.955650249213466
2004-04-15,16.0,27.43740694913442,21.595883524527817
2004-04-16,16.0,28.194409455131858,28.895478631537866
2004-04-19,16.0,27.413063336846985,28.872163981577554
2004-04-20,16.0,28.55631715260165,26.755551376670773
2004-04-21,16.0,27.964439854584832,27.46208286347968
2004-04-22,16.0,28.04279735197226,30.515902516163667
2004-04-23,16.0,27.860813516196053,28.907871458302942
2004-04-26,16.0,28.386423919271863,30.949329186169816
2004-04-27,16.0,28.391579943888505,28.53711746398078
2004-04-28,16.0,28.167527175956085,27.692666888269606
2004-04-29,16.0,28.282394552953825,29.415592355186927
2004-04-30,16.0,27.893955165039788,28.73624800886016
2004-05-03,16.0,28.271101503454524,28.877523131573398
2004-05-04,16.0,27.831061112263097,27.539416484248086
2004-05-05,16.0,28.001115811081203,26.856047907036483
2004-05-06,16.0,27.86267812531685,26.9312999901575
2004-05-07,16.0,27.771390730340404,29.03987051657431
2004-05-10,16.0,27.655444101139103,29.29897183142776
2004-05-11,16.0,28.233845051929443,22.742729254134463
2004-05-12,16.0,28.655302956406732,26.534419766860022
2004-05-13,16.0,28.58555098583478,24.818879282595518
2004-05-14,16.0,27.37171733202728,27.00339167867744
2004-05-17,16.0,28.644601525703436,26.793414050043804
2004-05-18,16.0,27.840920749191035,28.296248779946968
2004-05-19,16.0,28.300366507572797,28.37184678799934
2004-05-20,16.0,27.546892333976395,32.26075708207414
2004-05-21,16.0,28.070989956937,28.7457445676561
2004-05-24,16.0,28.156861591448454,29.277053798540752
2004-05-25,16.0,27.257697604040175,25.15619672993745
2004-05-26,16.0,28.304133583172096,27.330413322357543
2004-05-27,16.0,28.672967503919157,25.833368276841945
2004-05-28,16.0,27.912676027159186,29.197113581573277
2004-05-31,16.0,28.680084065414007,28.104276692541646
2004-06-01,16.0,27.905153253273795,27.31689507704192
2004-06-02,16.0,28.42479226552331,29.912887868346914
2004-06-03,16.0,26.89071501702445,27.461418623423533
2004-06-04,16.0,29.209388889656733,30.66793054234696
2004-06-07,16.0,28.74772912262148,30.641295784592547
2004-06-08,16.0,27.857687247873162,26.728695662258982
2004-06-09,16.0,27.013955486678093,30.226979840321604
2004-06-10,16.0,28.144014184152745,28.225375307092342
2004-06-11,16.0,27.278037226463123,27.211900631520514
2004-06-14,16.0,28.222426768778742,28.7896311593897
2004-06-15,16.0,28.20578285958214,24.825894727955962
2004-06-16,16.0,27.52929841549899,26.92417881726274
2004-06-17,16.0,28.56048351180719,28.83557562663046
2004-06-18,16.0,28.402787351403088,27.411350932935047
2004-06-21,16.0,28.48791166864428,30.156271860301725
2004-06-22,16.0,28.004428851834447,27.20386493018694
2004-06-23,16.0,27.292237966543148,28.242947172811185
2004-06-24,16.0,28.48893613610557,27.759390740015316
2004-06-25,16.0,27.864814300432105,24.94411615151956
2004-06-28,16.0,27.305109928403667,28.784760035041014
2004-06-29,16.0,28.676019682987164,28.634321674246227
2004-06-30,16.0,29.049703760251255,24.134567339156234
2004-07-01,16.0,27.979375935510397,23.06046735698505
2004-07-02,16.0,29.079560577301645,27.09300950276128
2004-07-05,16.0,28.045657364305676,30.461192140071432
2004-07-06,16.0,27.809772047916823,33.43667721550764
2004-07-07,16.0,27.68477077290726,24.358267473601472
2004-07-08,16.0,28.81854120399637,31.251201557657712
2004-07-09,16.0,27.609928059306114,30.323065063779733
2004-07-12,16.0,28.367634654987494,26.83330622043868
2004-07-13,16.0,27.720418082470395,31.76637158726984
2004-07-14,16.0,27.76984661871282,28.933080003897246
2004-07-15,16.0,28.515124846984783,27.545061310774898
2004-07-16,16.0,27.809981576855325,24.43910419425079
2004-07-19,16.0,27.797602310289854,28.204168489262425
2004-07-20,16.0,28.566402348587403,28.08281532609433
2004-07-21,16.0,28.798698646610813,32.47760791238889
2004-07-22,16.0,28.322344901642115,26.10827814653747
2004-07-23,16.0,27.672615112188026,26.227812858410424
2004-07-26,16.0,27.74469575035121,26.978664658601623
2004-07-27,16.0,28.039957631870017,33.31240184865206
2004-07-28,16.0,28.16046503096283,25.69900207143152
2004-07-29,16.0,27.506067044930113,30.616213751222094
2004-07-30,16.0,28.36151896978993,24.884422287378136
2004-08-02,16.0,28.042756664819798,28.86330347592537
2004-08-03,16.0,27.142145840680936,28.19642787727961
2004-08-04,16.0,27.535536758769634,26.600536316047446
2004-08-05,16.0,27.747935663174168,29.43569406072832
2004-08-06,16.0,27.963571155579473,26.399136535907104
2004-08-09,16.0,28.944639397752,24.76966530832632
2004-08-10,16.0,28.119085653069813,27.376755746476256
2004-08-11,16.0,27.579614055050687,26.165384290322365
2004-08-12,16.0,28.11031540215358,28.518476290068644
2004-08-13,16.0,27.82395612627306,27.42778871283704
2004-08-16,16.0,28.162379119766772,31.128048983934345
2004-08-17,16.0,28.29028384351781,27.36163172560139
2004-08-18,16.0,28.60461532361197,28.551481205810106
2004-08-19,16.0,27.987856752164987,25.675627733318755
2004-08-20,16.0,28.819480263799917,27.14674748634054
2004-08-23,16.0,28.454011331268095,26.17673805745031
2004-08-24,16.0,27.646280227593905,30.36956528824263
2004-08-25,16.0,29.104927832874232,26.484856966959818
2004-08-26,16.0,28.16349725663505,26.699198485207535
2004-08-27,16.0,27.58243774801388,28.597667111230887
2004-08-30,16.0,28.82645652561521,26.572583794977252
2004-08-31,16.0,29.038888792599224,30.81930522357307
2004-09-01,16.0,27.98348736814022,31.91547772387844
2004-09-02,16.0,27.748174869812203,26.205122171341465
2004-09-03,16.0,27.91381252127317,29.69126018977354
2004-09-06,16.0,28.35736586375885,26.310001761048515
2004-09-07,16.0,28.638928327515256,27.286851985785717
2004-09-08,16.0,28.285243665431786,29.380346335443463
2004-09-09,16.0,28.050861604235884,28.279671552344528
2004-09-10,16.0,28.749005885152215,28.332686186510283
2004-09-13,16.0,27.84358176347424,30.196610031979805
2004-09-14,16.0,28.515459669183453,30.182725757955748
2004-09-15,16.0,27.85596860082436,28.10221749288719
2004-09-16,16.0,28.215511479005446,26.731088541677437
2004-09-17,16.0,27.943218717604775,28.001844612885066
2004-09-20,16.0,27.972073908673593,25.98248576167571
2004-09-21,16.0,27.811306741268893,29.57209039935743
2004-09-22,16.0,28.672427015590348,27.623500538828257
2004-09-23,16.0,27.63353698094573,25.78889966132469
2004-09-24,16.0,27.629883873725646,30.68191422372749
2004-09-27,16.0,29.060496782922556,27.972088003806054
2004-09-28,16.0,28.488923782327166,26.503951272975243
2004-09-29,16.0,26.807443150653484,30.28594070984422
2004-09-30,16.0,27.717370630394797,30.514994717415775
2004-10-01,16.0,27.094005331218973,24.226043450406465
2004-10-04,16.0,27.524654653292373,30.214744399127763
2004-10-05,16.0,26.43074266688298,28.315505557810486
2004-10-06,16.0,27.931505211153027,29.942819537641043
2004-10-07,16.0,27.429029090419345,27.864098527317996
2004-10-08,16.0,28.02995262839822,28.758471989415597
2004-10-11,16.0,27.18743937055874,27.39151468578016
2004-10-12,16.0,28.04145592658602,29.98456194901127
2004-10-13,16.0,27.792541860939835,26.65727513420106
2004-10-14,16.0,28.750976482594297,30.05240606727777
2004-10-15,16.0,28.705678430872812,28.35733519641153
2004-10-18,16.0,28.392672801505142,29.51343179355875
2004-10-19,16.0,27.836693109669394,25.981483238729385
2004-10-20,16.0,28.992690197630147,28.845560066187648
2004-10-21,16.0,27.22348236108009,29.066413184098224
2004-10-22,16.0,27.29822068521817,31.708632707481954
2004-10-25,16.0,27.958108450055466,29.395486953238787
2004-10-26,16.0,29.12701905446056,26.823727537913406
2004-10-27,16.0,27.898830546564955,26.740977685091007
2004-10-28,16.0,27.908377378395357,29.52222270633803
2004-10-29,16.0,27.279044821944094,26.920058357556993
2004-11-01,16.0,28.47296479263519,26.96105938738553
2004-11-02,16.0,28.47658812716468,26.281703987572723
2004-11-03,16.0,28.394537600699955,28.26620954956927
2004-11-04,16.0,27.68538966357632,28.438511317217046
2004-11-05,16.0,27.6466466158135,27.347688186220196
2004-11-08,16.0,27.353438874797515,31.390002398723354
2004-11-09,16.0,28.041936250880468,29.14217873138185
2004-11-10,16.0,27.45979633536075,31.51651777516896
2004-11-11,16.0,27.411291747375355,28.261729481004103
2004-11-12,16.0,27.78815464154466,26.534352527656207
2004-11-15,16.0,27.755421912407893,26.010840022740616
2004-11-16,16.0,27.731010735589024,27.75394135423675
2004-11-17,16.0,28.23322229842013,29.506522835160734
2004-11-18,16.0,28.03952390107514,27.405724744792533
2004-11-19,16.0,27.85592198474444,29.713796299767925
2004-11-22,16.0,28.091506464155742,30.806640458017213
2004-11-23,16.0,27.504236479447684,26.386633201898142
2004-11-24,16.0,28.052639311954838,25.801004444884555
2004-11-25,16.0,28.075301246422317,29.89633656141239
2004-11-26,16.0,27.24847657032126,28.5379551080839
2004-11-29,16.0,28.497846877185182,28.650928246080987
2004-11-30,16.0,27.559283147386502,29.39472589095229
2004-12-01,16.0,28.04515489960322,24.948121554436263
2004-12-02,16.0,28.582205870267636,28.882497662147358
2004-12-03,16.0,28.462838378856933,28.360942380134247
2004-12-06,16.0,28.017166694284416,28.923792397992905
2004-12-07,16.0,27.818750498558966,26.090438155416773
2004-12-08,16.0,28.473755954287782,28.16131703091317
2004-12-09,16.0,28.33734748890431,27.032727219278502
2004-12-10,16.0,27.690817489977935,30.08743177612032
2004-12-13,16.0,27.602553176499153,27.8264690648017
2004-12-14,16.0,26.963822409152,26.79990143897828
2004-12-15,16.0,28.077015920841795,26.01832077675395
2004-12-16,16.0,27.9586511274908,29.745697740801685
2004-12-17,16.0,28.56809568732127,29.962393476598603
2004-12-20,16.0,28.179527546740182,31.846810029362643
2004-12-21,16.0,28.667114597086346,27.355875576309877
2004-12-22,16.0,27.651317886041916,25.97410269595539
2004-12-23,16.0,28.56907516548381,27.748107738909326
2004-12-24,16.0,27.73554181044767,26.604496988320975
2004-12-27,16.0,28.388798030896137,26.74177896096526
2004-12-28,16.0,27.270620803734655,28.948844201256843
2004-12-29,16.0,28.117567649683096,30.18409519259007
2004-12-30,16.0,27.007656029277044,28.826380290160454
2004-12-31,16.0,27.866431257029124,28.2264482049861
2005-01-03,13.0,27.732613871971097,54.39850609584754
2005-01-04,13.0,27.757522227561193,52.005630975995096
2005-01-05,13.0,27.18184910745027,52.452626098683055
2005-01-06,13.0,28.74736550363465,53.41968959310608
2005-01-07,13.0,27.32039936566834,54.422535251934
2005-01-10,13.0,27.70582997134616,56.7579336325889
2005-01-11,13.0,28.45398987890257,53.7190412513011
2005-01-12,13.0,28.323022671714366,57.35883919871955
2005-01-13,13.0,27.445912651757627,57.53553013155036
2005-01-14,13.0,28.34124460463032,54.86109510491224
2005-01-17,13.0,28.14489223932911,55.25993293651894
2005-01-18,13.0,29.166517781055735,53.08131001475388
2005-01-19,13.0,28.20197020803415,57.36107492259021
2005-01-20,13.0,27.929379089465733,52.725601437955206
2005-01-21,13.0,27.57174902144029,56.40393924256343
2005-01-24,13.0,27.627878316522214,51.935087922803234
2005-01-25,13.0,27.58711545226592,55.2803004377828
2005-01-26,13.0,28.68554940695596,56.228756179207814
2005-01-27,13.0,28.008984957508236,55.81684096032067
2005-01-28,13.0,28.282623561987364,53.065995972454104
2005-01-31,13.0,28.757123799990442,53.46082818813242
2005-02-01,13.0,26.820767928896267,57.07635378863656
2005-02-02,13.0,28.63943688235019,52.988382109484064
2005-02-03,13.0,28.027698455891667,53.056769272898315
2005-02-04,13.0,28.21752418582022,57.0089783512944
2005-02-07,13.0,27.585798389125873,53.874674482542694
2005-02-08,13.0,27.622437800775742,53.88964495920413
2005-02-09,13.0,28.244422944906493,57.677497615384645
2005-02-10,13.0,29.192298900165735,52.7094086911776
2005-02-11,13.0,28.50165665640745,52.5371617193308
2005-02-14,13.0,28.63276146070927,54.358454016559726
2005-02-15,13.0,27.90399936486929,54.0648210084526
2005-02-16,13.0,27.699897887707184,52.44323537277757
2005-02-17,13.0,27.609597524210503,55.61206133551061
2005-02-18,13.0,27.755863137651655,54.03056027797936
2005-02-21,13.0,26.973608783414736,54.12982979522156
2005-02-22,13.0,27.6375403285542,53.991854524110515
2005-02-23,13.0,27.71982342197008,51.90789099730912
2005-02-24,13.0,27.912320912802578,52.36577213918159
2005-02-25,13.0,28.065875054873647,50.83581311774488
2005-02-28,13.0,28.181225434312804,56.27786403333636
2005-03-01,13.0,27.99253731377852,54.00341539249248
2005-03-02,13.0,27.70927845682862,55.98954597664636
2005-03-03,13.0,27.01832067836724,53.09953396033944
2005-03-04,13.0,27.712345695799105,56.296241550971075
2005-03-07,13.0,27.513774681156498,50.76639091197354
2005-03-08,13.0,28.233033374139303,55.94410580540906
2005-03-09,13.0,28.454643698346846,53.84397714168768
2005-03-10,13.0,28.46928553352997,51.22896829031498
2005-03-11,13.0,28.37847636806391,48.35496018392547
2005-03-14,13.0,27.933237132273756,55.0034105894301
2005-03-15,13.0,27.73902221726205,55.97936648036451
2005-03-16,13.0,27.626448623166468,54.12393510180655
2005-03-17,13.0,27.246250541699126,55.206246275257286
2005-03-18,13.0,28.49592685025393,54.89279690333126
2005-03-21,13.0,27.912644481035013,54.11101093810873
2005-03-22,13.0,27.376829853189562,55.918475042573306
2005-03-23,13.0,27.586754312144883,51.045037361182494
2005-03-24,13.0,27.566513271783723,54.19690590129687
2005-03-25,13.0,28.021512242507562,55.365528271778466
2005-03-28,13.0,28.533733925535344,53.10791409851527
2005-03-29,13.0,27.82600522520221,54.51156995870726
2005-03-30,13.0,26.873733242608175,51.645899914471926
2005-03-31,13.0,27.90540983242054,54.151134470983344
2005-04-01,13.0,27.921903049951403,52.558047854779
2005-04-04,13.0,27.887539884532238,52.9656524972681
2005-04-05,13.0,27.686269416762148,55.14350589092774
2005-04-06,13.0,28.10871954036292,50.4769346961978
2005-04-07,13.0,28.0330705575745,51.81840568002184
2005-04-08,13.0,27.987584842936677,55.449677983261644
2005-04-11,13.0,28.206320680721483,53.68632878133004
2005-04-12,13.0,27.785083588426073,52.53068084902713
2005-04-13,13.0,27.756707165149674,54.900976760710165
2005-04-14,13.0,28.6900616447927,51.78531873982849
2005-04-15,13.0,28.27967770485772,51.72078162626673
2005-04-18,13.0,28.4134730304714,53.584010807096085
2005-04-19,13.0,28.613052292667035,53.72310545376142
2005-04-20,13.0,28.2629720903124,52.5145572293135
2005-04-21,13.0,28.464194339568085,53.47235384695245
2005-04-22,13.0,27.21032741896487,56.66641961466157
2005-04-25,13.0,28.102076935998014,53.927639285833976
2005-04-26,13.0,27.908640769092838,51.699782772347554
2005-04-27,13.0,28.838842045449905,54.048701691247516
2005-04-28,13.0,28.46382276590165,49.761283097930196
2005-04-29,13.0,27.68477740460341,57.22400611890116
2005-05-02,13.0,28.1863970792646,51.626774376305825
2005-05-03,13.0,28.08384066672462,54.412812519292714
2005-05-04,13.0,28.227165716576113,54.32433429625069
2005-05-05,13.0,27.490578765312673,52.43853634787226
2005-05-06,13.0,28.180008232619112,56.59879676303839
2005-05-09,13.0,27.885924325355884,58.1152376037608
2005-05-10,13.0,28.1412248820278,52.50381426013053
2005-05-11,13.0,27.637807417438914,55.422454940654454
2005-05-12,13.0,27.7074684143017,52.024753448477746
2005-05-13,13.0,28.586921010183353,56.64275172813527
2005-05-16,13.0,27.47422622082992,56.529646874656315
2005-05-17,13.0,27.511122799478976,56.018806066043304
2005-05-18,13.0,27.97420937139221,50.68710255165267
2005-05-19,13.0,27.614054812407023,52.914858493840285
2005-05-20,13.0,27.5574856838686,52.94296050504501
2005-05-23,13.0,28.052537985604147,52.808217502088915
2005-05-24,13.0,27.247467071548147,56.65708489601893
2005-05-25,13.0,27.496018882543183,50.377756350080354
2005-05-26,13.0,29.027047791461822,54.77945321752938
2005-05-27,13.0,28.229737529484506,55.48838788341937
2005-05-30,13.0,27.626718323865045,52.595223738016855
2005-05-31,13.0,28.2091075391331,55.00977580358635
2005-06-01,13.0,28.283665238493313,54.88334851426347
2005-06-02,13.0,28.49720721004512,53.45655021332229
2005-06-03,13.0,27.936421985271636,56.17357693075695
2005-06-06,13.0,28.488248851386444,52.91373881932984
2005-06-07,13.0,26.980776737558912,56.1784175038447
2005-06-08,13.0,27.471845934762122,54.263719614860754
2005-06-09,13.0,28.08193570086823,53.376722746861596
2005-06-10,13.0,28.164816766403895,53.55233292275373
2005-06-13,13.0,27.54410885616568,51.2229201627064
2005-06-14,13.0,28.12970999563158,53.27580410826038
2005-06-15,13.0,27.68807987565637,51.75570685897888
2005-06-16,13.0,27.861520452886417,54.52951474711409
2005-06-17,13.0,28.512386900332505,55.80104694759354
2005-06-20,13.0,28.4544687484443,54.91396357139895
2005-06-21,13.0,27.501469836318368,52.5738962811037
2005-06-22,13.0,27.471374268989948,53.46930209121194
2005-06-23,13.0,27.79441330222334,54.55334442605029
2005-06-24,13.0,27.986626849413536,54.658956156835124
2005-06-27,13.0,27.67105075571263,57.274270883580606
2005-06-28,13.0,28.520321221399833,55.24668604808944
2005-06-29,13.0,28.173694920854278,54.2960749217698
2005-06-30,13.0,28.203042554937216,54.20842445289277
2005-07-01,13.0,27.366730585527513,53.30403911461344
2005-07-04,13.0,28.58364535869189,54.00031612777546
2005-07-05,13.0,26.589915588879656,55.43415004753695
2005-07-06,13.0,28.417027725924683,52.58640851923977
2005-07-07,13.0,28.467155868835384,54.82073696266373
2005-07-08,13.0,27.78379940636102,53.78228611252025
2005-07-11,13.0,28.63645510862371,57.43556616408325
2005-07-12,13.0,27.968451223522827,54.590545806000506
2005-07-13,13.0,28.03121585166372,54.65543041874907
2005-07-14,13.0,28.16976439370211,52.28767907303198
2005-07-15,13.0,29.59328745590553,56.928626823665404
2005-07-18,13.0,28.672216954041502,55.0139445968512
2005-07-19,13.0,28.350565600356457,56.72850752356246
2005-07-20,13.0,27.543597756699402,53.631979969008086
2005-07-21,13.0,28.071794912739747,53.99671937292616
2005-07-22,13.0,27.59343795307681,51.25885291913153
2005-07-25,13.0,28.411055423641407,57.68961173067279
2005-07-26,13.0,28.07023348786743,54.73879325871246
2005-07-27,13.0,27.437739160193054,57.711424708921015
2005-07-28,13.0,28.04056229170925,53.30154597473825
2005-07-29,13.0,27.575291265141846,54.943694172347
2005-08-01,13.0,28.075608110668774,55.9855320067653
2005-08-02,13.0,27.57046134181737,54.659641397045355
2005-08-03,13.0,28.013743816680407,53.33445116410795
2005-08-04,13.0,28.375234930967547,53.05073210587013
2005-08-05,13.0,27.973474004037445,53.30598963156211
2005-08-08,13.0,27.804555866413807,59.34080192671851
2005-08-09,13.0,28.101638110528732,52.75700749023603
2005-08-10,13.0,28.348591310396426,50.0272095137889
2005-08-11,13.0,27.44640836505912,54.0744740363354
2005-08-12,13.0,28.1303280773526,54.04930000345969
2005-08-15,13.0,28.6587704095087,53.37029777991117
2005-08-16,13.0,28.28682848163836,52.75846598702414
2005-08-17,13.0,28.028877073333614,53.45226011910471
2005-08-18,13.0,28.319868753349446,51.36062717832426
2005-08-19,13.0,28.22624822805134,57.55701291248853
2005-08-22,13.0,28.37680055457991,54.490024157479766
2005-08-23,13.0,26.98803419450853,54.23576118620979
2005-08-24,13.0,27.223271933168366,56.102208271590584
2005-08-25,13.0,28.502414574741618,59.419818424402955
2005-08-26,13.0,27.24736041191928,53.19643742549201
2005-08-29,13.0,28.200769317859603,54.61339539275941
2005-08-30,13.0,27.823975171983854,55.60387442866064
2005-08-31,13.0,27.501905377202,55.38212729774234
2005-09-01,13.0,28.174824878573737,55.80955518649049
2005-09-02,13.0,28.100516751858287,55.835236221314375
2005-09-05,13.0,29.05517132604819,53.1776137353519
2005-09-06,13.0,27.687594397732056,56.390403344019724
2005-09-07,13.0,28.720055060034586,53.77588608596751
2005-09-08,13.0,28.176211457192156,54.561441074807696
2005-09-09,13.0,27.669489059228646,55.22957465374623
2005-09-12,13.0,28.39962322875862,52.57767949139709
2005-09-13,13.0,28.282869252226977,54.86745375081018
2005-09-14,13.0,28.017921647429024,55.24090105288778
2005-09-15,13.0,28.13314767822031,50.213727370944994
2005-09-16,13.0,27.701506484477235,56.80330736744736
2005-09-19,13.0,27.587106437372746,52.36216732425812
2005-09-20,13.0,28.379721086911292,54.54600854549467
2005-09-21,13.0,27.888030287843364,57.05801733854109
2005-09-22,13.0,27.959958500875455,55.30777213761696
2005-09-23,13.0,28.13991079797214,56.08077778152368
2005-09-26,13.0,28.132644172391903,56.220307464061534
2005-09-27,13.0,27.28533676451297,53.01571314820823
2005-09-28,13.0,28.64312604322743,51.92609503872932
2005-09-29,13.0,28.060591075950338,54.83040033563871
2005-09-30,13.0,27.898673368588927,55.425433164379186
2005-10-03,13.0,28.215423002584874,56.2072713054599
2005-10-04,13.0,28.118271096807433,55.56164308161901
2005-10-05,13.0,28.383531344744853,53.016608674283496
2005-10-06,13.0,28.26899183607547,55.75942464488387
2005-10-07,13.0,28.358923114498133,49.79679075898122
2005-10-10,13.0,28.675496952863757,56.544501264404765
2005-10-11,13.0,28.441812274485486,52.22130374527576
2005-10-12,13.0,27.919756889835718,52.17871511446778
2005-10-13,13.0,27.438549421961582,58.976537490344874
2005-10-14,13.0,28.833898966502257,54.11415318660984
2005-10-17,13.0,27.881138313326442,53.48913294943447
2005-10-18,13.0,27.76344629331974,51.69363478971162
2005-10-19,13.0,27.13163659111778,54.8852571911141
2005-10-20,13.0,28.169236552656056,55.586515360735746
2005-10-21,13.0,28.074443301976885,53.29764382095782
2005-10-24,13.0,27.24244253187526,49.70430574929443
2005-10-25,13.0,28.226637021066587,57.25323647714738
2005-10-26,13.0,27.75090403964928,53.42204498060243
2005-10-27,13.0,29.345157503644348,53.37749525018429
2005-10-28,13.0,27.715319403954567,53.929283766329114
2005-10-31,13.0,27.782403333901105,52.38972744598254
2005-11-01,13.0,27.562611887872816,56.5476948058217
2005-11-02,13.0,28.638938260520987,55.452904044491106
2005-11-03,13.0,27.813612102767625,54.97564205018972
2005-11-04,13.0,27.637542923117252,58.622896148843395
2005-11-07,13.0,28.35347750496027,52.60520919812072
2005-11-08,13.0,27.309823532293407,56.55353035165706
2005-11-09,13.0,28.312555273124474,49.55204142339002
2005-11-10,13.0,28.89069985830043,55.287523307429566
2005-11-11,13.0,28.283303916417545,58.51667093560221
2005-11-14,13.0,28.318949158129964,51.90044885452603
2005-11-15,13.0,28.43503010845374,57.28799825830919
2005-11-16,13.0,28.85485401433776,51.23455103139256
2005-11-17,13.0,28.60494698000955,58.156332326554036
2005-11-18,13.0,28.219834861136512,53.078847100741896
2005-11-21,13.0,28.451945700318,52.51887286565697
2005-11-22,13.0,27.557032537267446,52.92891817960985
2005-11-23,13.0,28.38814679537366,54.06374610455345
2005-11-24,13.0,27.497222014408127,53.69594829448673
2005-11-25,13.0,27.816488790684186,53.89530243237599
2005-11-28,13.0,26.45871891242838,54.632268699596054
2005-11-29,13.0,28.20071482968373,54.479201375697336
2005-11-30,13.0,27.678063994445825,54.0124335822346
2005-12-01,13.0,28.55557260760223,53.11545732222667
2005-12-02,13.0,28.1950963053027,54.85672827532661
2005-12-05,13.0,28.562047947350813,54.75160855439958
2005-12-06,13.0,27.45820172766373,54.65764871518612
2005-12-07,13.0,28.519193018579816,53.9965925845966
2005-12-08,13.0,29.052928172181662,52.614226142593324
2005-12-09,13.0,28.382079149965946,54.147897215903605
2005-12-12,13.0,28.395174504346144,53.44484098065117
2005-12-13,13.0,28.084798838197468,49.867536071003514
2005-12-14,13.0,27.737665609717318,55.99860772294515
2005-12-15,13.0,28.380596186350754,54.519664312083144
2005-12-16,13.0,27.246958544798964,53.9594970954105
2005-12-19,13.0,27.79112243753959,55.04953710750803
2005-12-20,13.0,27.114471598831408,52.49024412034782
2005-12-21,13.0,27.648171811342458,56.71884419767895
2005-12-22,13.0,28.321022545946782,56.413424603938914
2005-12-23,13.0,28.25269668811023,51.67575899096182
2005-12-26,13.0,28.025456847767735,52.73523895272916
2005-12-27,13.0,28.085200497031007,55.350192908308934
2005-12-28,13.0,27.057067691067896,54.49340432256716
2005-12-29,13.0,27.81371885971454,53.96473064818739
2005-12-30,13.0,27.659324196782396,54.8794107669236
2006-01-02,11.0,27.67047015474273,50.25630014739846
2006-01-03,11.0,28.299789313906878,52.15641496435481
2006-01-04,11.0,27.569746336747343,52.79606762680569
2006-01-05,11.0,27.697659574936296,55.52570937747806
2006-01-06,11.0,26.956465377145243,49.692215043319806
2006-01-09,11.0,27.852938409811916,54.36218618383862
2006-01-10,11.0,27.45608122614319,53.24660378829664
2006-01-11,11.0,28.039601464344823,55.30242948131762
2006-01-12,11.0,27.52444597662877,55.61625175971376
2006-01-13,11.0,28.05227112277461,57.39624050870401
2006-01-16,11.0,27.92765711962883,51.652557740944154
2006-01-17,11.0,28.836020886521162,52.35701943399387
2006-01-18,11.0,28.248608990226597,54.097483352226185
2006-01-19,11.0,27.080181063718847,56.82017310276853
2006-01-20,11.0,27.367555577948647,54.87447866813765
2006-01-23,11.0,28.027604004496165,54.21093866628294
2006-01-24,11.0,27.535076025803676,56.44884214358542
2006-01-25,11.0,26.515815784882072,53.20535025669159
2006-01-26,11.0,28.67477315691687,56.33907054385076
2006-01-27,11.0,28.360112008452703,57.47011402769207
2006-01-30,11.0,28.260488436745884,53.69383164931419
2006-01-31,11.0,27.696338477264543,50.900841707424505
2006-02-01,11.0,28.213838385504964,54.29130143429433
2006-02-02,11.0,27.64781983788956,57.2885613609403
2006-02-03,11.0,28.102428650108845,54.98712145308565
2006-02-06,11.0,27.53970838708176,51.2482392784495
2006-02-07,11.0,28.758144225278006,56.54053875648759
2006-02-08,11.0,27.214881672959077,55.590793169790025
2006-02-09,11.0,28.616141914755417,55.9992269690045
2006-02-10,11.0,28.019457914008665,56.265884543868296
2006-02-13,11.0,27.755266502329004,52.91492599160914
2006-02-14,11.0,28.08350146084787,56.11711049788072
2006-02-15,11.0,28.36667400358909,52.708926892582085
2006-02-16,11.0,28.683373368347198,51.63672876172948
2006-02-17,11.0,28.156571511566767,52.342180282719994
2006-02-20,11.0,27.55465195736886,55.3855626770522
2006-02-21,11.0,28.027815061882894,53.18170381939484
2006-02-22,11.0,28.908396618331185,56.95116115935192
2006-02-23,11.0,28.673839042756313,56.228927322509946
2006-02-24,11.0,28.45438173906218,55.34791045707735
2006-02-27,11.0,28.397843510061193,56.76011105327163
2006-02-28,11.0,28.34972504530327,51.6498895175635
2006-03-01,11.0,28.579377417254936,55.913080170549016
2006-03-02,11.0,27.771685607139048,55.14842890006392
2006-03-03,11.0,27.322456967112497,51.45315805634376
2006-03-06,11.0,28.03450175036853,52.559830901661776
2006-03-07,11.0,27.591209206611154,53.68252323117571
2006-03-08,11.0,27.472489622311407,53.62526417326901
2006-03-09,11.0,27.639860711706035,53.91781049401593
2006-03-10,11.0,29.242656962266842,52.76116505731734
2006-03-13,11.0,28.06806231703792,56.958278102778664
2006-03-14,11.0,28.180953918180496,51.53121840322018
2006-03-15,11.0,27.388818596497874,51.59002532415788
2006-03-16,11.0,27.078123520603686,52.11497865690178
2006-03-17,11.0,27.590473678440596,52.72920193761499
2006-03-20,11.0,28.719097792604373,52.57317848281364
2006-03-21,11.0,28.16713773303826,57.35940154820524
2006-03-22,11.0,28.299297545722197,52.682909952872585
2006-03-23,11.0,28.36928301960103,53.75684769404975
2006-03-24,11.0,27.70432531010086,51.47542808971011
2006-03-27,11.0,28.693982791986684,53.061610415857594
2006-03-28,11.0,27.68359620038891,55.20274116999498
2006-03-29,11.0,28.703116179631277,55.36095397713208
2006-03-30,11.0,28.22115107806767,55.96832289030631
2006-03-31,11.0,27.105477422876838,52.004722865074406
2006-04-03,11.0,27.62599525669973,52.65324962225244
2006-04-04,11.0,27.107530733563948,55.63524579494144
2006-04-05,11.0,28.581641066397104,53.951649580459915
2006-04-06,11.0,27.9876322895988,53.87908758264868
2006-04-07,11.0,26.88582878002511,55.180238127804856
2006-04-10,11.0,28.18787344085983,55.99329059145775
2006-04-11,11.0,27.73141786880584,52.60274175363943
2006-04-12,11.0,27.258097072483338,53.792596430279865
2006-04-13,11.0,28.838982918484348,53.7602764862279
2006-04-14,11.0,28.05364293304829,52.06250080980138
2006-04-17,11.0,27.853284298843345,54.599366359420685
2006-04-18,11.0,27.80028760950699,52.9217743681425
2006-04-19,11.0,27.243360265421114,53.98960276346041
2006-04-20,11.0,27.347725550207944,55.29894999669004
2006-04-21,11.0,28.642458392437543,54.537173468554464
2006-04-24,11.0,27.76305856510714,52.225969077310026
2006-04-25,11.0,28.011033850468433,54.40752231029951
2006-04-26,11.0,26.977834761899462,54.27751240759848
2006-04-27,11.0,27.340953982102246,52.877541970261944
2006-04-28,11.0,28.304906259937376,52.27369976994377
2006-05-01,11.0,28.188855880056916,54.30796701466189
2006-05-02,11.0,28.876687599362157,51.20559778392656
2006-05-03,11.0,28.671478165815614,51.86409417569337
2006-05-04,11.0,27.88464451375759,51.43333708596512
2006-05-05,11.0,28.236476782356636,51.57602318920421
2006-05-08,11.0,27.841698278548463,53.04225037963777
2006-05-09,11.0,29.027404909319323,56.12402597864445
2006-05-10,11.0,28.5745073480262,55.23666911572242
2006-05-11,11.0,28.084842545428877,56.24631678081946
2006-05-12,11.0,28.100197392438176,52.77841894361037
2006-05-15,11.0,28.722425143629906,49.97795923664799
2006-05-16,11.0,28.289788923556923,52.805284149120496
2006-05-17,11.0,28.779314008535042,56.255294976072484
2006-05-18,11.0,26.903176036870562,53.212873133817574
2006-05-19,11.0,28.230614130749398,53.95634956187089
2006-05-22,11.0,27.74228256765931,53.57068267793006
2006-05-23,11.0,28.878188993813996,55.39478549151623
2006-05-24,11.0,28.773199343594914,55.66076244181432
2006-05-25,11.0,28.016417904550654,50.90175212557636
2006-05-26,11.0,28.767815489405514,49.13960127343814
2006-05-29,11.0,28.891557259996254,55.309730759296016
2006-05-30,11.0,28.037203335963074,53.57467582435807
2006-05-31,11.0,29.23596688621593,55.31104631172717
2006-06-01,11.0,27.984329423665137,53.43893632815386
2006-06-02,11.0,27.892739524832045,55.041657395802325
2006-06-05,11.0,28.432936294292173,53.729429780574335
2006-06-06,11.0,27.823104634428844,52.56093528200518
2006-06-07,11.0,28.042669887897446,53.20681779066853
2006-06-08,11.0,28.704717212025454,53.66307905154873
2006-06-09,11.0,28.009609426108636,55.22247591157519
2006-06-12,11.0,27.152491103512347,53.65676046003413
2006-06-13,11.0,28.1836596939246,51.85621910085839
2006-06-14,11.0,27.651853210473803,57.329403244210276
2006-06-15,11.0,28.43263557864727,54.62271218910672
2006-06-16,11.0,28.34809485791312,56.72202483325141
2006-06-19,11.0,28.73570017408326,51.81498489966224
2006-06-20,11.0,28.453766150396348,53.49280449201411
2006-06-21,11.0,28.545122141829033,54.381741651488404
2006-06-22,11.0,27.665451619931144,55.315859537044496
2006-06-23,11.0,28.401993247945253,50.225104488777475
2006-06-26,11.0,28.984225644680144,50.28453986972336
2006-06-27,11.0,27.655675045681615,52.67728988536103
2006-06-28,11.0,28.899869145863548,55.09364742548809
2006-06-29,11.0,27.725324954399333,52.654319888198195
2006-06-30,11.0,27.574014377475013,53.74607509561513
2006-07-03,11.0,28.14810022167742,54.10370378317156
2006-07-04,11.0,28.357955208064404,52.343345891254984
2006-07-05,11.0,28.455875061986134,56.92840670228755
2006-07-06,11.0,27.519118789613398,52.40987023474277
2006-07-07,11.0,28.217270048627146,49.86976693017219
2006-07-10,11.0,27.657222714258246,52.03530067709271
2006-07-11,11.0,27.255538871964713,52.33287963723762
2006-07-12,11.0,27.535631842233606,54.34729841008746
2006-07-13,11.0,27.624549817022093,54.450060659995884
2006-07-14,11.0,28.260797580176252,55.17357852548117
2006-07-17,11.0,28.576106831534336,57.75888190925535
2006-07-18,11.0,27.263396685062368,54.05674296236836
2006-07-19,11.0,28.175980537104028,55.68900861401277
2006-07-20,11.0,27.411650907114545,53.10998010406866
2006-07-21,11.0,28.314542704507,54.579113808422925
2006-07-24,11.0,27.688634709498125,53.3027510941008
2006-07-25,11.0,27.47433549098836,53.70138404491667
2006-07-26,11.0,28.399832257673786,54.332699083790544
2006-07-27,11.0,27.706538697277452,55.96779619475214
2006-07-28,11.0,27.84201802432365,53.89233131767179
2006-07-31,11.0,26.89000545622181,53.88680967569909
2006-08-01,11.0,28.473275680711737,54.626996968983015
2006-08-02,11.0,28.410454260584554,55.75718287697852
2006-08-03,11.0,28.00272892214066,51.18391128531597
2006-08-04,11.0,27.23620952932212,54.48782215311277
2006-08-07,11.0,28.60468458916738,51.33781850387847
2006-08-08,11.0,27.666868306819605,56.61842140897332
2006-08-09,11.0,27.773323274949707,54.67749256629649
2006-08-10,11.0,29.156022028179766,56.45317211628523
2006-08-11,11.0,27.648181777945386,50.67032716413631
2006-08-14,11.0,28.37110498121325,53.66223935869409
2006-08-15,11.0,28.281046131041307,55.74071388924478
2006-08-16,11.0,28.195086096440043,56.80827331918932
2006-08-17,11.0,28.141000271277257,54.7008886332834
2006-08-18,11.0,28.1881942809446,53.14474333099845
2006-08-21,11.0,28.13597029547027,53.46015158238478
2006-08-22,11.0,27.974040820611968,51.9157133211801
2006-08-23,11.0,28.75564156205537,56.925560098404475
2006-08-24,11.0,27.34366971960036,55.30260048164121
2006-08-25,11.0,28.510729052007687,53.64142083417136
2006-08-28,11.0,28.411171149343776,55.087872338938496
2006-08-29,11.0,28.3491995606647,53.77909386255944
2006-08-30,11.0,28.558489713820066,53.397312505043
2006-08-31,11.0,27.953700302365803,52.489169040269
2006-09-01,11.0,27.06551296208656,52.52416299482728
2006-09-04,11.0,27.963853670142758,54.76136509386938
2006-09-05,11.0,27.504402891187723,56.09507501410964
2006-09-06,11.0,27.634070395070967,53.32719389757105
2006-09-07,11.0,27.378790163083796,52.41432513248445
2006-09-08,11.0,27.761327570778082,55.90491181737969
2006-09-11,11.0,27.701688153008277,54.15807696923979
2006-09-12,11.0,26.811215085036448,49.53546373310971
2006-09-13,11.0,28.350110955641146,52.58946642695141
2006-09-14,11.0,29.11016092900244,54.93713414375537
2006-09-15,11.0,28.303118596748146,52.42053336911628
2006-09-18,11.0,27.898538021732886,54.10237627327951
2006-09-19,11.0,27.97262680216189,51.511513085137636
2006-09-20,11.0,27.789507065993412,53.177106619852914
2006-09-21,11.0,28.045020791933478,51.826191639478864
2006-09-22,11.0,27.98149595296338,51.53665040692697
2006-09-25,11.0,27.579475784800852,52.482716369555106
2006-09-26,11.0,28.841444194473915,55.7452675280585
2006-09-27,11.0,27.256422882145113,54.833877698678506
2006-09-28,11.0,28.359165771597123,58.10364601423695
2006-09-29,11.0,27.949401186341234,52.80447566568152
2006-10-02,11.0,28.95041590753287,56.03837683662927
2006-10-03,11.0,28.17043229962411,57.71641767421405
2006-10-04,11.0,27.820047231408378,56.235918525374764
2006-10-05,11.0,27.87614640078275,56.27141183609951
2006-10-06,11.0,28.019953347259882,54.24160051548604
2006-10-09,11.0,27.4286046525018,54.46298583211892
2006-10-10,11.0,27.616565237441044,52.157798365860415
2006-10-11,11.0,27.10752801540407,48.65589146287151
2006-10-12,11.0,27.538511550812952,54.40877369964877
2006-10-13,11.0,28.046953240830224,52.08095958473016
2006-10-16,11.0,28.15008752464226,53.14983267173902
2006-10-17,11.0,27.0103351525018,52.34784585958857
2006-10-18,11.0,27.9313941484779,54.648143946648595
2006-10-19,11.0,28.281704975411067,53.6007877990475
2006-10-20,11.0,27.918543903311882,56.51477424978738
2006-10-23,11.0,27.6831056771111,52.55362282629042
2006-10-24,11.0,27.793919427475892,54.3611492500364
2006-10-25,11.0,27.72961832251139,53.617792977331895
2006-10-26,11.0,27.68163472044597,53.41155527874536
2006-10-27,11.0,28.086911762622425,53.845988680621396
2006-10-30,11.0,29.153844113867727,57.04099330679878
2006-10-31,11.0,27.628150041547407,55.68617447859334
2006-11-01,11.0,27.840928683669286,53.08738795946386
2006-11-02,11.0,27.974151030312385,52.77848907852819
2006-11-03,11.0,27.656322782820855,52.43530814823421
2006-11-06,11.0,28.549117901761715,54.231293404653684
2006-11-07,11.0,26.814557313346782,50.967654499267496
2006-11-08,11.0,27.734470414810662,53.56895061285995
2006-11-09,11.0,28.409156868159982,54.76413394732915
2006-11-10,11.0,27.85295284580568,52.54909227524699
2006-11-13,11.0,27.589580520574856,54.081301228400655
2006-11-14,11.0,28.220378377219383,54.530800357801574
2006-11-15,11.0,28.453171617698576,50.475609544275805
2006-11-16,11.0,28.10531772260753,54.41285690766166
2006-11-17,11.0,27.59938982009356,53.08227274504228
2006-11-20,11.0,28.22810165957587,57.69496024075584
2006-11-21,11.0,27.798975349862605,54.39622171637539
2006-11-22,11.0,28.372593440946915,52.16219085890631
2006-11-23,11.0,28.741629442428295,50.36589817091511
2006-11-24,11.0,26.697211622155734,53.900870289607845
2006-11-27,11.0,28.055533736597816,56.61215095313097
2006-11-28,11.0,27.132133031526187,52.789870310674786
2006-11-29,11.0,29.220894292664884,54.62921198791157
2006-11-30,11.0,27.765937733101904,55.480546199607225
2006-12-01,11.0,28.373186620912687,55.375698272298415
2006-12-04,11.0,27.982341570202554,53.99190573074221
2006-12-05,11.0,27.59845770964047,52.68350010918967
2006-12-06,11.0,27.538973476411286,53.48065653094546
2006-12-07,11.0,28.79283958655038,51.86036259960033
2006-12-08,11.0,28.477969030089156,52.114495493673594
2006-12-11,11.0,28.971792043688783,55.97945096148391
2006-12-12,11.0,28.02772666757885,54.67025353877548
2006-12-13,11.0,28.143959810623,54.5752555738984
2006-12-14,11.0,27.866404217172356,52.56535772705186
2006-12-15,11.0,27.856458898442494,56.3945856613747
2006-12-18,11.0,27.479056533761316,53.535126494025015
2006-12-19,11.0,28.042005095462176,54.26244988789339
2006-12-20,11.0,27.605376702556903,56.32972156513912
2006-12-21,11.0,28.2209544610821,52.55461977752272
2006-12-22,11.0,28.085005109490105,52.72935015351211
2006-12-25,11.0,28.14384102183786,56.06717188701276
2006-12-26,11.0,28.83756496984511,55.627831949405326
2006-12-27,11.0,27.981141025117203,54.687319904694384
2006-12-28,11.0,28.378363501426715,49.644513531714544
2006-12-29,11.0,29.02575473204279,56.558238375357874
2007-01-01,10.25,28.653308534647525,52.78002180053888
2007-01-02,10.25,28.576584849227423,52.84016666629581
2007-01-03,10.25,27.84665589223975,53.599773907556205
2007-01-04,10.25,28.1148215277839,51.60426938917033
2007-01-05,10.25,27.34086185398503,56.43693077853393
2007-01-08,10.25,28.249457200482208,54.34443281735731
2007-01-09,10.25,28.13723008880692,55.39876181206118
2007-01-10,10.25,28.01169256257809,52.450813591860715
2007-01-11,10.25,28.51359739412143,55.973234690013996
2007-01-12,10.25,27.3961125887878,56.84737338146211
2007-01-15,10.25,28.817431425580175,51.4509534855552
2007-01-16,10.25,28.450882343970143,51.75001168858331
2007-01-17,10.25,27.964683010174014,52.38958541305944
2007-01-18,10.25,27.925635206091304,55.8494982589912
2007-01-19,10.25,28.240305607624297,54.36199637216497
2007-01-22,10.25,28.76042561603189,53.86749286445838
2007-01-23,10.25,28.050803859345006,54.734531555604846
2007-01-24,10.25,28.072015450989614,57.864285892229915
2007-01-25,10.25,28.009059238812934,50.50853244556702
2007-01-26,10.25,28.891012056350736,53.38013094529616
2007-01-29,10.25,27.815558448531487,47.84723256275934
2007-01-30,10.25,27.985246200690465,55.01323865169625
2007-01-31,10.25,28.7317178271305,56.17402042532326
2007-02-01,10.25,28.07350541680643,53.38667419022502
2007-02-02,10.25,28.56852943002276,55.305561035250236
2007-02-05,10.25,27.54435997154852,50.928101061212715
2007-02-06,10.25,27.897353739185743,54.95731024567724
2007-02-07,10.25,28.742217019220114,58.909347181109155
2007-02-08,10.25,27.661830142118227,53.236060957653265
2007-02-09,10.25,27.924350480115145,54.83495376018087
2007-02-12,10.25,28.12834261544574,52.82015031067203
2007-02-13,10.25,27.505422741003507,54.35197628985214
2007-02-14,10.25,27.793094940689052,56.21551397232469
2007-02-15,10.25,28.05631834091282,55.198485923676024
2007-02-16,10.25,28.023340867080982,53.79531623358318
2007-02-19,10.25,28.640176010418568,53.76218288605986
2007-02-20,10.25,28.770728597416127,51.596744919820885
2007-02-21,10.25,27.571957563999543,56.03629396145574
2007-02-22,10.25,28.055634259583744,55.49827885213682
2007-02-23,10.25,28.337124154212383,51.4891245442702
2007-02-26,10.25,28.7581737328996,54.351770886711954
2007-02-27,10.25,28.359245148658566,52.146269830033134
2007-02-28,10.25,28.145456700796167,53.088906982278836
2007-03-01,10.25,28.333271265991314,55.623221387107975
2007-03-02,10.25,28.33688441716813,55.979263797725196
2007-03-05,10.25,27.536142853857815,55.422277846060666
2007-03-06,10.25,28.096399396253133,53.458749205561226
2007-03-07,10.25,28.729580497094346,54.92111402774165
2007-03-08,10.25,27.896321615652997,52.454822736131476
2007-03-09,10.25,28.06472332127372,55.50555376702994
2007-03-12,10.25,27.87874177523699,53.963468155787524
2007-03-13,10.25,26.84307025219656,53.05035527108395
2007-03-14,10.25,28.01029508861734,52.54239453632411
2007-03-15,10.25,28.150895965326438,55.35687956771039
2007-03-16,10.25,27.743753304559547,53.72622720571567
2007-03-19,10.25,27.422681525557635,53.020815612631516
2007-03-20,10.25,27.559696770109177,53.01316148430661
2007-03-21,10.25,28.382093808067783,51.51332953378729
2007-03-22,10.25,28.986262386523453,54.333050936232844
2007-03-23,10.25,28.691216670452718,54.57465242436566
2007-03-26,10.25,27.327826997584722,51.03664615823497
2007-03-27,10.25,28.427313655275352,51.847898544994294
2007-03-28,10.25,27.668418812095354,50.70369208789971
2007-03-29,10.25,27.70886646874561,56.40923082436201
2007-03-30,10.25,27.76901220101436,55.23667193717685
2007-04-02,10.25,28.353033474927717,56.20798821138434
2007-04-03,10.25,28.47962668822452,57.240539488087585
2007-04-04,10.25,27.950984464360108,54.87848636147691
2007-04-05,10.25,27.959464629495987,53.879837040992996
2007-04-06,10.25,28.232131871617895,54.39043116004375
2007-04-09,10.25,28.28399726976212,52.71053844860072
2007-04-10,10.25,28.588112853379265,52.392843905100115
2007-04-11,10.25,27.357814012245402,53.15902425756917
2007-04-12,10.25,28.010013669902015,53.50373866492482
2007-04-13,10.25,27.46598781205441,50.67961568054616
2007-04-16,10.25,27.974528860468297,51.52715166599486
2007-04-17,10.25,27.88691235615962,51.459384210265256
2007-04-18,10.25,27.976625273048647,51.37556687035488
2007-04-19,10.25,27.600128555944735,55.27463125005392
2007-04-20,10.25,27.256355103396285,53.33121847168081
2007-04-23,10.25,26.952781236642547,53.61447282055365
2007-04-24,10.25,27.93440992286758,54.765576838284375
2007-04-25,10.25,27.78449944708353,55.64566702543813
2007-04-26,10.25,27.662031167598087,54.91129675562167
2007-04-27,10.25,28.66127423141583,57.275440125782445
2007-04-30,10.25,27.570280906602346,54.079150562501226
2007-05-01,10.25,28.708417041069403,54.39456617519125
2007-05-02,10.25,28.81192187213463,52.78950141201347
2007-05-03,10.25,27.02454976660531,50.21154808780557
2007-05-04,10.25,28.046190729499486,54.15798053637159
2007-05-07,10.25,27.800151754582004,55.72776864036134
2007-05-08,10.25,26.54409802764137,52.51542740907054
2007-05-09,10.25,27.277679373465794,52.97840913823347
2007-05-10,10.25,28.387468053554237,55.92073094443452
2007-05-11,10.25,29.009599626355634,53.90202565607212
2007-05-14,10.25,28.451339071349626,52.15331234736555
2007-05-15,10.25,28.161816236256488,52.084122489567896
2007-05-16,10.25,27.989333809184455,55.312606049656715
2007-05-17,10.25,28.841331457324056,53.737654555741564
2007-05-18,10.25,29.074119600978822,53.7093240736487
2007-05-21,10.25,27.706578660237906,51.240571232597745
2007-05-22,10.25,27.000006719844855,54.954015208168194
2007-05-23,10.25,26.9509062683644,56.06495496236253
2007-05-24,10.25,28.660940496079903,53.275172941355045
2007-05-25,10.25,27.976470729612807,54.81865110240176
2007-05-28,10.25,28.09162095522936,53.18624110399553
2007-05-29,10.25,27.104674503521643,55.18772548206191
2007-05-30,10.25,27.623405543605767,54.98769554328443
2007-05-31,10.25,27.85225959304961,53.23138202221402
2007-06-01,10.25,28.103919191682035,49.745493374955046
2007-06-04,10.25,27.80070398054312,52.40108749546929
2007-06-05,10.25,27.48133690084933,54.68922919363966
2007-06-06,10.25,27.60771650369874,55.76795475749055
2007-06-07,10.25,28.604161642973615,52.79052822467225
2007-06-08,10.25,28.12239230980175,56.68906000635247
2007-06-11,10.25,28.306078403477777,56.98757006931993
2007-06-12,10.25,27.550563094561337,55.39667447037974
2007-06-13,10.25,26.523088257299687,51.7280246079205
2007-06-14,10.25,27.73844784655775,55.42271951382421
2007-06-15,10.25,27.566714722787253,52.92319610643473
2007-06-18,10.25,28.17450613431404,52.813522091163314
2007-06-19,10.25,29.64286185684092,54.90594790802011
2007-06-20,10.25,28.347583008809128,54.85711624209153
2007-06-21,10.25,29.367980079691744,54.912076016969095
2007-06-22,10.25,28.284384847669724,55.31387963277966
2007-06-25,10.25,27.685056881213644,53.88612700727112
2007-06-26,10.25,28.17395803906044,51.10230163427155
2007-06-27,10.25,28.890319299738856,58.16541156459292
2007-06-28,10.25,28.91478129816062,53.21815991890593
2007-06-29,10.25,27.71233131597846,52.57438706479011
2007-07-02,10.25,28.12659184784965,51.570294512457174
2007-07-03,10.25,27.285366560164427,54.30337340137766
2007-07-04,10.25,28.412334312345713,54.07139896456052
2007-07-05,10.25,28.776677349527947,53.75936145552007
2007-07-06,10.25,28.019899727058007,56.99676198178135
2007-07-09,10.25,27.666307972819936,55.31714983212251
2007-07-10,10.25,28.18006547563878,51.964626987755196
2007-07-11,10.25,28.208729515681583,58.14776525600664
2007-07-12,10.25,28.04057191592481,50.969491258712125
2007-07-13,10.25,28.089357562167976,53.76850298969358
2007-07-16,10.25,27.913092574765315,52.539556855605895
2007-07-17,10.25,28.4979774641132,54.74095869708715
2007-07-18,10.25,28.368113722582564,55.27227490911132
2007-07-19,10.25,27.508448426427925,53.17419594231978
2007-07-20,10.25,27.4947046984207,56.10090938369061
2007-07-23,10.25,27.87281279148672,54.39813682817205
2007-07-24,10.25,28.36841856205259,56.92200777187464
2007-07-25,10.25,28.07402870694541,55.858152041754344
2007-07-26,10.25,27.67842479493867,53.057498858765236
2007-07-27,10.25,28.130759298362914,56.11034560824102
2007-07-30,10.25,27.834594740238863,52.7095112903774
2007-07-31,10.25,28.440243230112067,55.253008850541065
2007-08-01,10.25,28.166529217533522,55.05298369402273
2007-08-02,10.25,27.842360906273928,52.96592400980272
2007-08-03,10.25,28.11575938602323,50.01133455963858
2007-08-06,10.25,28.6575240297621,56.95542234590867
2007-08-07,10.25,27.715184961726813,54.83767688493189
2007-08-08,10.25,28.20132849082358,54.04110504608992
2007-08-09,10.25,27.964769829767,54.03747325639568
2007-08-10,10.25,28.21349184193105,55.94955296810826
2007-08-13,10.25,27.672717529202135,58.3705533437628
2007-08-14,10.25,28.05516771657969,55.80549688335226
2007-08-15,10.25,28.5539116412084,54.73511466731542
2007-08-16,10.25,27.531496509376947,54.571932036887766
2007-08-17,10.25,27.33529744833746,54.728058350188334
2007-08-20,10.25,27.354272217756517,51.99242794241786
2007-08-21,10.25,27.414668734899905,55.170064599709576
2007-08-22,10.25,28.29766164394633,51.37882500243588
2007-08-23,10.25,27.297070157067267,54.8837571624459
2007-08-24,10.25,27.851052327628235,53.056764539821636
2007-08-27,10.25,28.309144651655355,55.73147617355455
2007-08-28,10.25,28.2083295302743,54.76135468170278
2007-08-29,10.25,27.80722051001876,53.298397792935624
2007-08-30,10.25,28.095461865877553,51.97893630847959
2007-08-31,10.25,28.053572664868785,56.95238567512741
2007-09-03,10.25,27.88787952222591,53.827272515237816
2007-09-04,10.25,27.89458264067271,57.4796544904617
2007-09-05,10.25,29.11771371737848,51.53783602902944
2007-09-06,10.25,28.40465545196565,53.49413155787629
2007-09-07,10.25,29.24032545875607,49.498631234541406
2007-09-10,10.25,27.75151843353975,55.512488086031624
2007-09-11,10.25,27.957516701555928,55.67636132966925
2007-09-12,10.25,27.333937117361675,52.78979913343933
2007-09-13,10.25,27.595216598955215,52.69126104925593
2007-09-14,10.25,28.95095657433125,53.223139864315925
2007-09-17,10.25,27.738982855079122,53.520234595923824
2007-09-18,10.25,28.95964065007223,52.881002112510686
2007-09-19,10.25,27.378318869660056,56.16183635488797
2007-09-20,10.25,27.473265482963363,53.06229975289374
2007-09-21,10.25,27.82938438948829,50.207360052510786
2007-09-24,10.25,27.968125039160412,53.49027969407446
2007-09-25,10.25,28.461543646225063,52.975170316753825
2007-09-26,10.25,28.22538520859313,51.38438685970849
2007-09-27,10.25,27.791842371327988,54.37819960632032
2007-09-28,10.25,27.933342096740947,50.14789696526346
2007-10-01,10.25,27.84046854010765,54.761750191301104
2007-10-02,10.25,27.542673132337136,53.93389160280742
2007-10-03,10.25,27.556018531699188,52.87330220470944
2007-10-04,10.25,28.513941945716706,51.708167624333534
2007-10-05,10.25,27.08591753603643,51.07325400214005
2007-10-08,10.25,28.808679348722528,55.76340489024349
2007-10-09,10.25,27.828502887198884,53.40105035348568
2007-10-10,10.25,27.61374569680392,50.64257973410995
2007-10-11,10.25,28.369879645348636,53.97642580845706
2007-10-12,10.25,28.74260829207356,53.45362289556278
2007-10-15,10.25,28.55881622080198,56.82594652931811
2007-10-16,10.25,28.250926024679945,53.17610204451272
2007-10-17,10.25,28.543431744860918,55.9588040116372
2007-10-18,10.25,27.141751211428065,53.562449167509754
2007-10-19,10.25,27.739084729255925,51.63674444812542
2007-10-22,10.25,27.544414969987578,54.94309165082912
2007-10-23,10.25,28.612319365607586,56.435224767980536
2007-10-24,10.25,27.808260990538056,55.813778431915956
2007-10-25,10.25,28.422703278391026,54.6279243438396
2007-10-26,10.25,28.267928471244318,55.994573247038545
2007-10-29,10.25,27.568846531918158,54.34065045685296
2007-10-30,10.25,27.706520895011856,54.16384547995946
2007-10-31,10.25,28.646908845407363,51.05477889127211
2007-11-01,10.25,27.61225867565779,54.424620368166856
2007-11-02,10.25,28.06243380509774,57.01590574685339
2007-11-05,10.25,27.60872935683678,50.72796487473764
2007-11-06,10.25,27.84302390654207,51.37565711411764
2007-11-07,10.25,27.976919028015015,53.34583400572794
2007-11-08,10.25,27.608566744851256,51.28855476815788
2007-11-09,10.25,27.51977652300806,55.368560425137126
2007-11-12,10.25,28.14313666838872,50.544915186263275
2007-11-13,10.25,27.577631295604412,55.36119284555356
2007-11-14,10.25,27.594671222150662,56.008683093877636
2007-11-15,10.25,27.530473428149016,55.31380494608275
2007-11-16,10.25,27.961045976834342,54.04087012360026
2007-11-19,10.25,28.471850817199922,55.06854203788583
2007-11-20,10.25,28.753264318156134,51.68939765442692
2007-11-21,10.25,27.637040957003112,54.51942374543539
2007-11-22,10.25,29.075155396665604,52.76321098061502
2007-11-23,10.25,27.497647569646603,55.78154344060394
2007-11-26,10.25,28.541774261663935,55.42045822178035
2007-11-27,10.25,27.639151772992278,52.37923227699988
2007-11-28,10.25,27.564538365064994,54.70331747855095
2007-11-29,10.25,27.627621921607805,54.786231753117214
2007-11-30,10.25,27.97377615017544,53.05185289904283
2007-12-03,10.25,28.289986085516805,54.04491085572759
2007-12-04,10.25,28.33493401895241,55.023079834643234
2007-12-05,10.25,27.528007492326054,53.08658417164084
2007-12-06,10.25,27.505170356244367,52.22828447474684
2007-12-07,10.25,27.541680653318227,54.455686722288476
2007-12-10,10.25,27.944322798807246,56.966780170532715
2007-12-11,10.25,27.894922197904563,53.69484624411836
2007-12-12,10.25,27.524912268965103,53.29564693905905
2007-12-13,10.25,28.13480184703162,52.414780408945056
2007-12-14,10.25,29.13128440416766,56.30015016402946
2007-12-17,10.25,27.747642269082423,55.75037891059326
2007-12-18,10.25,27.783244089398234,53.70756153360479
2007-12-19,10.25,28.279830785162183,52.425245908485756
2007-12-20,10.25,27.7205918541316,52.40672848768611
2007-12-21,10.25,28.334482240859092,52.289141935120426
2007-12-24,10.25,27.64072864661048,53.01346783709601
2007-12-25,10.25,28.916059803788652,52.878461987540284
2007-12-26,10.25,28.17238748629615,52.52382704263079
2007-12-27,10.25,27.689988525461644,56.23025440913562
2007-12-28,10.25,27.705654150265364,57.17052919508076
2007-12-31,10.25,27.743100123645984,51.82135691356712
2008-01-01,10.75,23.462070719081066,89.34216006982301
2008-01-02,10.75,23.79427174511676,90.5915261614949
2008-01-03,10.75,24.305553047723013,88.74865914187146
2008-01-04,10.75,23.433558593322864,94.94294109749144
2008-01-07,10.75,23.213495728675248,91.7737346618246
2008-01-08,10.75,24.03153883771462,93.41761473866204
2008-01-09,10.75,23.151770922776766,90.18382687240259
2008-01-10,10.75,23.35059822297407,87.45232943949883
2008-01-11,10.75,24.378297059253217,91.00667732219667
2008-01-14,10.75,23.897607371197132,92.510224530664
2008-01-15,10.75,24.64274347485449,92.59426745690689
2008-01-16,10.75,23.397592829531273,86.62467624106628
2008-01-17,10.75,23.95302381718386,90.42284730045074
2008-01-18,10.75,24.19979227660388,86.80417676653386
2008-01-21,10.75,23.414742534935545,88.8281932545173
2008-01-22,10.75,24.515880952249812,91.17084217714338
2008-01-23,10.75,24.25533944158302,92.66277206053512
2008-01-24,10.75,23.195356456656285,90.44496784528185
2008-01-25,10.75,23.9811291018957,87.70450846214412
2008-01-28,10.75,24.192978368129317,91.19874153675491
2008-01-29,10.75,23.70497166323597,88.2982571231033
2008-01-30,10.75,23.260067547245594,89.41535754087288
2008-01-31,10.75,24.139229394723706,90.18088116969571
2008-02-01,10.75,25.10562147514128,88.66029027548144
2008-02-04,10.75,23.806507950421153,91.27290171605189
2008-02-05,10.75,24.784620590642355,91.50491651102278
2008-02-06,10.75,23.623855589119266,92.05637188016418
2008-02-07,10.75,24.107772817504976,92.8506648684566
2008-02-08,10.75,24.38576126543806,89.71365152787992
2008-02-11,10.75,23.995793167014316,87.54608949488257
2008-02-12,10.75,23.851132175559385,87.7388959290706
2008-02-13,10.75,24.363063760675185,93.47031881720174
2008-02-14,10.75,24.945727557634612,93.23057953920339
2008-02-15,10.75,24.150293462319567,92.67673110462616
2008-02-18,10.75,23.741969911734827,88.82898695146147
2008-02-19,10.75,23.90512422137016,93.37620867783897
2008-02-20,10.75,25.259853822822688,89.66063181988612
2008-02-21,10.75,24.067453558169063,90.68615316636186
2008-02-22,10.75,23.702793150711013,91.65287081768695
2008-02-25,10.75,23.42746604175873,92.52243409204567
2008-02-26,10.75,23.087049452943695,91.0824601341674
2008-02-27,10.75,24.181792136923097,92.75002126225158
2008-02-28,10.75,24.32732099641225,90.02656788974559
2008-02-29,10.75,23.801651910017398,89.59425400067242
2008-03-03,10.75,23.992514790984522,89.35932114986248
2008-03-04,10.75,23.414769145355688,87.70125336092178
2008-03-05,10.75,24.06646423241375,84.40338581098156
2008-03-06,10.75,24.240747660283564,92.08285005930249
2008-03-07,10.75,23.73241786641618,89.53177099578636
2008-03-10,10.75,24.84522633479292,91.48628860961153
2008-03-11,10.75,23.581446836626544,91.19655824207784
2008-03-12,10.75,24.14173830200949,90.31619091514949
2008-03-13,10.75,24.424158609852302,91.88896707083177
2008-03-14,10.75,23.961355249925308,92.14301072255955
2008-03-17,10.75,23.905761590552753,88.09655574536836
2008-03-18,10.75,23.285566924775168,93.06585894665416
2008-03-19,10.75,24.678670747858142,91.72872955146299
2008-03-20,10.75,23.9150533991662,88.24882159819006
2008-03-21,10.75,24.268682712467413,88.70155922222656
2008-03-24,10.75,24.33636024393007,87.51426368986787
2008-03-25,10.75,23.685850753991122,91.25561674033578
2008-03-26,10.75,23.901235697854393,89.6462958949907
2008-03-27,10.75,24.667241175371753,85.01423308705186
2008-03-28,10.75,23.441401167129776,88.89138351669328
2008-03-31,10.75,25.063959037378627,89.23817118477096
2008-04-01,10.75,23.627563607361864,90.21134688811728
2008-04-02,10.75,23.410241271679745,86.92164825869324
2008-04-03,10.75,24.066154510344266,90.23330212084129
2008-04-04,10.75,25.104174132169934,93.00146770879144
2008-04-07,10.75,23.0445170322039,90.37401511741993
2008-04-08,10.75,23.929492140755155,91.17889792836908
2008-04-09,10.75,24.23813250862828,93.126767825402
2008-04-10,10.75,24.016824979267767,89.810912959621
2008-04-11,10.75,24.190960835001505,89.74637116663293
2008-04-14,10.75,23.640983458913862,90.68970553306313
2008-04-15,10.75,23.700139077034308,88.230290849582
2008-04-16,10.75,23.9257886764204,88.61087980621755
2008-04-17,10.75,23.435055956048625,85.92159606825003
2008-04-18,10.75,23.977656799279906,94.57669050743678
2008-04-21,10.75,23.80562735316425,91.66140430686153
2008-04-22,10.75,23.764977407422567,88.1053390561255
2008-04-23,10.75,24.16025320629932,92.04771435686926
2008-04-24,10.75,23.08967025340035,88.38390720153812
2008-04-25,10.75,23.885454948308425,90.13611155177726
2008-04-28,10.75,25.15867688280743,90.12596952543758
2008-04-29,10.75,23.456945156837186,89.10764863542494
2008-04-30,10.75,24.64275024824221,88.37434271927708
2008-05-01,10.75,24.027328060456348,92.41709536791295
2008-05-02,10.75,23.69852109555929,90.1689920719494
2008-05-05,10.75,23.339679170235097,93.36386588288381
2008-05-06,10.75,24.069840982642617,87.91809587145092
2008-05-07,10.75,24.726698552907337,89.05436770545772
2008-05-08,10.75,23.80539442740162,89.90863697003914
2008-05-09,10.75,23.959519287631615,92.20642157945626
2008-05-12,10.75,24.505185425095167,88.42157544216245
2008-05-13,10.75,24.17043539567314,91.14258411579281
2008-05-14,10.75,23.21386211013771,90.68583442720072
2008-05-15,10.75,24.049443607927593,92.85689101124089
2008-05-16,10.75,24.7561174553328,90.99594572974189
2008-05-19,10.75,23.98152940676625,86.40735420496527
2008-05-20,10.75,22.629255285261312,87.97217129449271
2008-05-21,10.75,24.194107495795535,88.07345698377031
2008-05-22,10.75,23.90077178022798,89.09501617000505
2008-05-23,10.75,23.08545279303939,92.64878988465998
2008-05-26,10.75,23.160395954973108,89.46962457346098
2008-05-27,10.75,24.487553571644405,90.06906447126158
2008-05-28,10.75,23.63380862720246,89.5500923500953
2008-05-29,10.75,23.546251809632004,91.07768218683975
2008-05-30,10.75,23.982180719534167,88.55630140789681
2008-06-02,10.75,23.67789850084003,89.65880248062479
2008-06-03,10.75,24.050024313888873,89.63460084607887
2008-06-04,10.75,23.898639985281665,89.85816646921253
2008-06-05,10.75,23.40000220995318,88.86841794025173
2008-06-06,10.75,23.74440110071931,87.3299636842308
2008-06-09,10.75,24.221376660654553,91.86528625980607
2008-06-10,10.75,24.020959020119314,89.76718926961473
2008-06-11,10.75,23.959028758804084,92.25702416858974
2008-06-12,10.75,24.968692120589694,90.95894111100695
2008-06-13,10.75,24.36551876269277,91.02934629767202
2008-06-16,10.75,24.426220632410672,92.26133986033324
2008-06-17,10.75,23.917015796102536,95.19581164214419
2008-06-18,10.75,24.110072595175637,92.60746242723808
2008-06-19,10.75,23.784450005237154,91.77279532462964
2008-06-20,10.75,24.388774882762064,90.58460970910808
2008-06-23,10.75,23.94480004795048,92.51763147516992
2008-06-24,10.75,24.111188874465277,88.50694844073746
2008-06-25,10.75,24.080305651077584,91.16950606974265
2008-06-26,10.75,23.990916559297272,92.55442276707653
2008-06-27,10.75,25.469094033577885,91.90478024602457
2008-06-30,10.75,23.666690361252638,89.84761822413054
2008-07-01,10.75,23.662144234920653,142.1467978046033
2008-07-02,10.75,24.34704837340588,140.90975708612226
2008-07-03,10.75,23.70241550046241,138.29664433952757
2008-07-04,10.75,23.854296819325555,137.31172352917568
2008-07-07,10.75,23.45679452332219,141.56249156496884
2008-07-08,10.75,24.245778959701294,139.51784112779094
2008-07-09,10.75,24.252128622242076,141.3958103078634
2008-07-10,10.75,23.842403970038276,139.50074749841565
2008-07-11,10.75,24.357408344240035,140.42429331728937
2008-07-14,10.75,23.070937493133204,141.61084093472107
2008-07-15,10.75,23.646573299242828,136.99757521186066
2008-07-16,10.75,23.915010406894535,143.3721980367064
2008-07-17,10.75,23.413858751548524,140.7512592384004
2008-07-18,10.75,23.125643481290638,135.91194344409794
2008-07-21,10.75,23.846052017480776,142.69624235398243
2008-07-22,10.75,24.34701004353037,141.9773324207453
2008-07-23,10.75,24.641054195713256,139.6201971616116
2008-07-24,10.75,23.726356058397315,142.79152907287764
2008-07-25,10.75,24.366607918810796,138.7224399692976
2008-07-28,10.75,24.318271019037834,139.73953367616943
2008-07-29,10.75,24.60930408716725,144.688894864947
2008-07-30,10.75,23.824904484822998,141.04176176680684
2008-07-31,10.75,23.100749752407662,142.1678005160554
2008-08-01,10.75,24.035092926211373,141.6336979650493
2008-08-04,10.75,23.493103129515138,137.22846737360652
2008-08-05,10.75,23.638247445468995,140.598133135887
2008-08-06,10.75,23.849390427973407,140.41432225174987
2008-08-07,10.75,23.830536184325428,142.37163914748942
2008-08-08,10.75,24.0707796334479,143.00184681452322
2008-08-11,10.75,24.351578158209808,142.57955652670398
2008-08-12,10.75,23.816132208362017,139.05384518615404
2008-08-13,10.75,24.197848753304,137.12583401367016
2008-08-14,10.75,24.007408004965253,140.9994474614007
2008-08-15,10.75,24.46774719793922,139.82264622948958
2008-08-18,10.75,23.90570407444684,137.89648405023468
2008-08-19,10.75,23.960536662112723,138.60747352719122
2008-08-20,10.75,23.812799776000546,139.88203229328252
2008-08-21,10.75,23.91887573002075,140.51633680068434
2008-08-22,10.75,23.608255935827064,138.88797251855547
2008-08-25,10.75,23.558701356928243,139.9682027111297
2008-08-26,10.75,24.387882692641362,139.85413096747288
2008-08-27,10.75,23.458399158407698,140.54969319438035
2008-08-28,10.75,23.84044095515105,138.04822763009224
2008-08-29,10.75,24.5076713931355,138.60374019290867
2008-09-01,13.0,23.823649602498197,142.69719766992793
2008-09-02,13.0,24.414370226842788,139.48187671161202
2008-09-03,13.0,23.70447713963658,140.95289688852463
2008-09-04,13.0,23.474418196824903,137.56397468396625
2008-09-05,13.0,23.20258707254959,142.37548517361918
2008-09-08,13.0,24.65636203463633,142.30316871508006
2008-09-09,13.0,23.43156440918279,140.59778863372415
2008-09-10,13.0,24.37359329506255,138.77202869002198
2008-09-11,13.0,23.50002648660331,137.12745198755104
2008-09-12,13.0,24.65869195896991,144.5486505401882
2008-09-15,13.0,25.10339136230755,139.1890593479941
2008-09-16,13.0,23.156734970154833,137.132594790055
2008-09-17,13.0,23.457621782920594,138.80665543915205
2008-09-18,13.0,24.38656593190161,140.7985918431872
2008-09-19,13.0,24.256521461682908,137.50516003802375
2008-09-22,13.0,24.388460927380095,138.81921068046827
2008-09-23,13.0,23.71312222479781,137.1181144308099
2008-09-24,13.0,24.993767080511684,142.88643921139925
2008-09-25,13.0,24.059024733344888,139.83426077841435
2008-09-26,13.0,23.39151871157824,137.0953368036202
2008-09-29,13.0,23.873425749978527,138.19982386500635
2008-09-30,13.0,23.398216551885582,138.7096593210346
2008-10-01,13.0,24.795470679277052,140.0460751937285
2008-10-02,13.0,23.669834368599943,138.17689477728862
2008-10-03,13.0,24.246241742372312,139.26971530030667
2008-10-06,13.0,23.76466342750891,138.72535732881713
2008-10-07,13.0,23.692306345118745,137.1267424003886
2008-10-08,13.0,23.044872909359476,138.1697492065441
2008-10-09,13.0,24.299087301495284,138.456777483074
2008-10-10,13.0,24.64959062631459,137.56134671668465
2008-10-13,13.0,23.542016209317424,137.11303255796625
2008-10-14,13.0,23.227385442500665,138.8096498698596
2008-10-15,13.0,24.401658021368913,141.72926880501007
2008-10-16,13.0,23.176879325446876,139.70414610271055
2008-10-17,13.0,24.60976646797413,133.633913468686
2008-10-20,13.0,23.54780243852269,142.02021621875812
2008-10-21,13.0,23.448353628587686,138.61396729352143
2008-10-22,13.0,24.124231210565647,142.87589835403318
2008-10-23,13.0,23.48093035749428,141.61348289416412
2008-10-24,13.0,23.646444459353397,139.3866876646804
2008-10-27,13.0,24.176990966335502,139.60992234164596
2008-10-28,13.0,22.78544383141668,137.71820911574665
2008-10-29,13.0,24.82120962296416,141.30302797141087
2008-10-30,13.0,24.02182006623287,143.23310724840184
2008-10-31,13.0,23.353516993798237,138.5461551416713
2008-11-03,13.0,23.49137731535658,138.79406035675206
2008-11-04,13.0,24.4958231891304,143.947169839892
2008-11-05,13.0,24.30052646753705,140.17262555809168
2008-11-06,13.0,24.693390328642607,136.95193328126314
2008-11-07,13.0,23.65862857759788,137.27228666731662
2008-11-10,13.0,24.148291918575403,143.40854468192114
2008-11-11,13.0,24.21328395589184,140.94739725761866
2008-11-12,13.0,24.347633750126118,137.89948145867723
2008-11-13,13.0,24.563640561716035,140.67459042191618
2008-11-14,13.0,23.641368047077826,138.3356913765676
2008-11-17,13.0,23.94291486611976,136.1598371236701
2008-11-18,13.0,23.694925127209927,139.30900041456388
2008-11-19,13.0,23.973694063321812,139.9825489976802
2008-11-20,13.0,24.349216391031486,136.8657676687961
2008-11-21,13.0,23.172982249869648,137.48622159139424
2008-11-24,13.0,24.554685784729642,137.99652873698005
2008-11-25,13.0,23.430408937868126,139.59132816043396
2008-11-26,13.0,23.846314840151383,140.25735170099833
2008-11-27,13.0,24.62197096248306,137.11424569309418
2008-11-28,13.0,24.164004858991703,138.83582353687447
2008-12-01,11.0,24.16976497413183,139.0586137613772
2008-12-02,11.0,23.409686977352443,136.5247780065728
2008-12-03,11.0,23.477957032088078,140.4496115828446
2008-12-04,11.0,24.47062819833446,141.19364206336107
2008-12-05,11.0,23.705428227257805,140.62383116680155
2008-12-08,11.0,23.752544063350076,137.35668043000845
2008-12-09,11.0,24.481975625527355,141.19590125628187
2008-12-10,11.0,23.475043227315236,139.79748819324135
2008-12-11,11.0,24.13461756644313,141.96500468072188
2008-12-12,11.0,24.021453663083847,140.95653403591632
2008-12-15,11.0,23.998657137068378,140.62425906700133
2008-12-16,11.0,23.74078218406125,139.43591640239552
2008-12-17,11.0,23.710072409268335,141.9123096624592
2008-12-18,11.0,23.460817918102567,137.7131055490864
2008-12-19,11.0,24.24133251302065,137.4722258264602
2008-12-22,11.0,23.665925404241634,145.48403352011204
2008-12-23,11.0,24.484372310583627,136.11490142209476
2008-12-24,11.0,23.887722479204673,137.61734159919078
2008-12-25,11.0,23.47077475528948,141.60743864703076
2008-12-26,11.0,23.88109305892579,136.74583945741452
2008-12-29,11.0,23.794571400431764,141.47293231570796
2008-12-30,11.0,24.504551705864028,142.45365159577233
2008-12-31,11.0,23.815499905374235,142.69224193380498
2009-01-01,11.0,31.791922601443524,41.462258220284916
2009-01-02,11.0,30.995035367765713,36.58994825845565
2009-01-05,11.0,32.35773921589151,39.80211622421363
2009-01-06,11.0,31.938556979011544,40.52215156514494
2009-01-07,11.0,31.86383769500262,38.91458444103731
2009-01-08,11.0,31.865665691795478,36.16486282732519
2009-01-09,11.0,32.00703989923229,42.77080439612838
2009-01-12,11.0,32.32671868533603,38.80075844386795
2009-01-13,11.0,31.973968229400377,38.88991826776027
2009-01-14,11.0,31.319181725910095,42.65662599169928
2009-01-15,11.0,32.287758060772035,34.093252331640784
2009-01-16,11.0,32.24928484550211,43.022465685809934
2009-01-19,11.0,32.10276349910823,44.45230951064313
2009-01-20,11.0,32.53762065348066,38.221077724783235
2009-01-21,11.0,32.01518933820648,39.021415373647336
2009-01-22,11.0,32.55568804449463,40.97644404424301
2009-01-23,11.0,32.7036055107392,40.501227808307156
2009-01-26,11.0,32.291156442762244,41.96944050995632
2009-01-27,11.0,31.626033189061033,40.99561587209392
2009-01-28,11.0,31.93460714074878,41.66081944979768
2009-01-29,11.0,32.619428017029186,46.87741839511966
2009-01-30,11.0,31.251186066965246,36.81164790909087
2009-02-02,11.0,31.804023165910696,42.68483684824342
2009-02-03,11.0,31.828517581776627,42.958570150397755
2009-02-04,11.0,31.567394699823133,37.80403201976789
2009-02-05,11.0,32.43643947495939,38.40246713639043
2009-02-06,11.0,32.18840753552039,41.0041024471924
2009-02-09,11.0,31.644470821699755,37.500424149865395
2009-02-10,11.0,32.30275646011792,38.77118207863296
2009-02-11,11.0,31.920791882665892,40.47844796504441
2009-02-12,11.0,31.554902713388827,38.63262446308802
2009-02-13,11.0,31.643540794878568,39.544816883254335
2009-02-16,11.0,32.21802553738797,38.26580802612598
2009-02-17,11.0,32.46950493926092,38.11534645703632
2009-02-18,11.0,31.756615883522606,40.94307492177804
2009-02-19,11.0,32.27222066683451,39.79761168091227
2009-02-20,11.0,32.79087707878874,40.246762744573445
2009-02-23,11.0,31.370564721814873,41.40833305949928
2009-02-24,11.0,32.17783493641931,40.36763667104645
2009-02-25,11.0,32.4153278456477,39.3297303032984
2009-02-26,11.0,31.952425091700583,38.23904608200626
2009-02-27,11.0,32.61914160542782,40.89796864256132
2009-03-02,11.0,33.099418519130644,43.988751843312386
2009-03-03,11.0,32.17167767419315,41.760922470169966
2009-03-04,11.0,31.883205133861,36.989906855167554
2009-03-05,11.0,32.48849140383098,35.95081669015245
2009-03-06,11.0,32.42103443018895,38.52976924259609
2009-03-09,11.0,30.740584522540907,36.925485113956334
2009-03-10,11.0,31.998632221954445,37.43046155898885
2009-03-11,11.0,31.802700266630442,35.24896391614689
2009-03-12,11.0,32.19835284575696,40.466238578895705
2009-03-13,11.0,31.903170859853105,37.6834141727967
2009-03-16,11.0,31.9574119538645,37.66375069001514
2009-03-17,11.0,31.568393620269458,38.67284042857914
2009-03-18,11.0,32.36726460921224,38.71488871166601
2009-03-19,11.0,32.82752111073437,39.47527972047585
2009-03-20,11.0,31.576164025392483,37.198909035956454
2009-03-23,11.0,31.301472488426512,41.96992717298995
2009-03-24,11.0,32.01000160991373,40.55801223675601
2009-03-25,11.0,31.985672169482367,40.827676709501155
2009-03-26,11.0,32.58546639306018,39.12009936983747
2009-03-27,11.0,31.385402523810733,42.148901171583
2009-03-30,11.0,31.731022412487953,40.97723208523975
2009-03-31,11.0,30.926148380366573,40.38078684431769
2009-04-01,11.0,32.68749181810591,41.99641079592255
2009-04-02,11.0,32.125272314161684,36.6590408699452
2009-04-03,11.0,31.768283543009602,40.38801066172228
2009-04-06,11.0,31.338864260704412,38.66122583447997
2009-04-07,11.0,31.384761970911374,38.54726394674017
2009-04-08,11.0,32.20713344989569,41.59834453550397
2009-04-09,11.0,31.446287477199643,42.74369543661807
2009-04-10,11.0,32.05200271157428,42.54483727165907
2009-04-13,11.0,33.02147243056751,40.01354411208911
2009-04-14,11.0,31.82620618852759,39.3524500870155
2009-04-15,11.0,31.51927777801281,42.48175050991529
2009-04-16,11.0,32.19100360272638,38.03622237236728
2009-04-17,11.0,31.387104129609135,43.3940724878673
2009-04-20,11.0,32.8599922651647,39.227964045357005
2009-04-21,11.0,32.70180983426417,39.90065977511505
2009-04-22,11.0,31.917914190523177,38.933581916988246
2009-04-23,11.0,31.55135340928789,40.069838946389204
2009-04-24,11.0,31.78711506361232,38.17848923443068
2009-04-27,11.0,31.852167193957285,39.25502588637067
2009-04-28,11.0,32.191783565853534,40.30725655499062
2009-04-29,11.0,32.51981616465056,39.78724535563723
2009-04-30,11.0,31.481743684620707,35.021561135055656
2009-05-01,11.0,32.50545478267137,44.947976023962994
2009-05-04,11.0,32.30884280640565,43.16326700541433
2009-05-05,11.0,31.746105254596696,37.669892602100596
2009-05-06,11.0,31.456644052161494,38.75688973796672
2009-05-07,11.0,32.05811635864628,39.65675651451905
2009-05-08,11.0,31.470205758148957,41.32940556844176
2009-05-11,11.0,32.5118404245813,40.94459376293928
2009-05-12,11.0,31.438058613933897,37.802332438475865
2009-05-13,11.0,32.273853096581576,44.68492057401558
2009-05-14,11.0,31.95969181759246,39.20682076345453
2009-05-15,11.0,31.7196875578124,43.60986206570776
2009-05-18,11.0,31.948584246840355,38.7918514947578
2009-05-19,11.0,32.5399915848171,42.113541413285894
2009-05-20,11.0,31.403871295503105,40.75139141884965
2009-05-21,11.0,31.793921722404093,38.28879918282515
2009-05-22,11.0,31.624128217656406,41.17530987375753
2009-05-25,11.0,31.980691433225644,40.36648408981843
2009-05-26,11.0,31.657659553743674,41.84421211196115
2009-05-27,11.0,31.115959378806693,38.4485764292242
2009-05-28,11.0,31.472431226533818,39.832233935558946
2009-05-29,11.0,32.81887750926906,41.617725836958904
2009-06-01,8.25,32.123364105643134,36.344458985584446
2009-06-02,8.25,32.10618102690404,37.691515479410874
2009-06-03,8.25,31.85869380499568,40.08058820931741
2009-06-04,8.25,31.974187287945416,40.3600547204903
2009-06-05,8.25,31.78509403858431,39.8088760469646
2009-06-08,8.25,32.26346426552053,41.59665666805371
2009-06-09,8.25,32.050404427129685,39.79948343602205
2009-06-10,8.25,31.414365894920692,42.04522054097048
2009-06-11,8.25,32.1268622515521,40.64699293002016
2009-06-12,8.25,30.770629038364223,37.76425012056106
2009-06-15,8.25,32.206929599838894,40.32342057865933
2009-06-16,8.25,31.295321571581738,39.843168927514135
2009-06-17,8.25,31.951972456914962,38.657824342530226
2009-06-18,8.25,31.402686198401906,36.96547080242015
2009-06-19,8.25,32.00141159976655,37.64029017084717
2009-06-22,8.25,32.28913925963811,38.30425274567126
2009-06-23,8.25,32.75141354262479,42.1175250389773
2009-06-24,8.25,31.22932117249426,39.35030134052765
2009-06-25,8.25,32.48773647783557,42.444233915063485
2009-06-26,8.25,32.06557635268874,37.95555503756788
2009-06-29,8.25,31.77466642358769,38.58801069475514
2009-06-30,8.25,32.37992825252973,38.87531623415513
2009-07-01,8.25,31.882037574457396,39.41737697109968
2009-07-02,8.25,32.35876525820034,40.480662339797725
2009-07-03,8.25,31.503865143436002,41.253480145157006
2009-07-06,8.25,31.683501483851852,42.51137183998468
2009-07-07,8.25,32.4718000263973,35.601345920506596
2009-07-08,8.25,32.74270026178521,44.04810693333999
2009-07-09,8.25,31.982484050423576,37.87821865203233
2009-07-10,8.25,30.60635553732211,40.200467582472285
2009-07-13,8.25,31.900475358695772,41.92139554438859
2009-07-14,8.25,32.01621305891121,41.28449736343101
2009-07-15,8.25,31.883613311653413,42.240951841738905
2009-07-16,8.25,32.168169280832764,42.035668442403235
2009-07-17,8.25,31.76154503620134,40.834072039804965
2009-07-20,8.25,32.419435430339014,41.50035990334119
2009-07-21,8.25,31.416643363634478,37.52414358738994
2009-07-22,8.25,32.61842435367707,38.579864709591114
2009-07-23,8.25,32.77503941198054,38.052338788101
2009-07-24,8.25,31.543470130969848,35.25922789365245
2009-07-27,8.25,31.543200087198468,38.12184050488505
2009-07-28,8.25,32.20534765688876,37.93068140485276
2009-07-29,8.25,31.406389795128554,38.137631939943596
2009-07-30,8.25,31.75369856444884,41.3352313448279
2009-07-31,8.25,32.55126347822801,38.4668540495386
2009-08-03,8.25,32.36880338223848,41.689655697975695
2009-08-04,8.25,32.990098170844796,36.865284375250766
2009-08-05,8.25,32.0853920738001,38.69316445506976
2009-08-06,8.25,31.694580998860907,39.21911370004654
2009-08-07,8.25,32.02562175582651,42.37232314071274
2009-08-10,8.25,31.924705830295682,40.122780552461805
2009-08-11,8.25,31.93172144539843,40.5831596448887
2009-08-12,8.25,31.988098145952133,37.80546821056581
2009-08-13,8.25,31.53411664557688,41.702943728394516
2009-08-14,8.25,32.14110887748532,39.88227845699763
2009-08-17,8.25,31.295668366120704,36.493137077526
2009-08-18,8.25,31.64158669604594,41.40115051844769
2009-08-19,8.25,31.94056061843009,40.58338296099167
2009-08-20,8.25,30.870223343672205,39.31205953415558
2009-08-21,8.25,32.38449576817246,39.30995092686322
2009-08-24,8.25,30.97342274507625,37.85917994118584
2009-08-25,8.25,32.33479384544909,42.31722461367863
2009-08-26,8.25,31.353595355035917,41.454069117227384
2009-08-27,8.25,31.79754065464825,37.883195391049696
2009-08-28,8.25,32.25956532347472,40.10122450989812
2009-08-31,8.25,33.09906975973974,38.581545657251475
2009-09-01,8.25,32.05822598885368,37.44911904901538
2009-09-02,8.25,31.008686835900246,43.11087447396547
2009-09-03,8.25,32.476847566317886,39.29253882062565
2009-09-04,8.25,31.884040797570492,38.31792867462233
2009-09-07,8.25,32.03495332722941,37.61953954486032
2009-09-08,8.25,32.27893151494381,39.51702533025654
2009-09-09,8.25,30.88731102154714,35.75979892013576
2009-09-10,8.25,32.003268423867596,39.69544339847593
2009-09-11,8.25,31.79515305502365,42.42169485093471
2009-09-14,8.25,32.610917453002756,41.85457113722669
2009-09-15,8.25,32.363556881669375,40.96369413801135
2009-09-16,8.25,31.186499038609227,44.81008185931024
2009-09-17,8.25,32.63131292617452,40.51248246319681
2009-09-18,8.25,32.22476254408011,38.17741710731579
2009-09-21,8.25,31.226379201273392,41.66939179969587
2009-09-22,8.25,32.02787655174639,40.26944880753825
2009-09-23,8.25,32.51741305692793,40.07987516777994
2009-09-24,8.25,31.392978063713304,40.5914597909273
2009-09-25,8.25,32.68878866792271,39.207707055576364
2009-09-28,8.25,31.243685612936236,43.73825824408675
2009-09-29,8.25,31.604386411676508,36.74386754574731
2009-09-30,8.25,31.528564582305155,41.63218286521645
2009-10-01,8.25,32.68846686579433,40.26615825049539
2009-10-02,8.25,31.7544919317254,40.91075772679292
2009-10-05,8.25,31.4185914986695,39.23951006220485
2009-10-06,8.25,32.222605439457034,43.02790963853341
2009-10-07,8.25,32.330590495296356,41.76895532538486
2009-10-08,8.25,32.333768047397065,38.45969939934823
2009-10-09,8.25,31.864330417386995,42.23916136021437
2009-10-12,8.25,32.12726715051848,40.600375831882815
2009-10-13,8.25,31.674883456885357,38.83281763035749
2009-10-14,8.25,32.837400838967866,36.614826925853215
2009-10-15,8.25,32.57210257932896,41.53755277389126
2009-10-16,8.25,32.541478414520334,38.55188794085854
2009-10-19,8.25,32.39705796728677,41.05330672145354
2009-10-20,8.25,32.2598666529975,42.92359271239413
2009-10-21,8.25,31.377818757925105,38.377533027779
2009-10-22,8.25,32.316650618127824,42.689393462284784
2009-10-23,8.25,32.05713261503166,37.70232339546127
2009-10-26,8.25,32.63168204247546,42.96609345669379
2009-10-27,8.25,32.403709591191216,43.64141717984874
2009-10-28,8.25,32.27519023507651,41.79952440536302
2009-10-29,8.25,31.157887601234922,40.87689901514054
2009-10-30,8.25,31.955499731695763,41.780940809725465
2009-11-02,8.25,31.721053870048173,39.32653424819356
2009-11-03,8.25,32.126182962091534,37.34449218065153
2009-11-04,8.25,31.792225864278677,38.520297778791644
2009-11-05,8.25,31.862027111953346,44.57682924116977
2009-11-06,8.25,32.22951695245335,37.67105318943445
2009-11-09,8.25,31.783930943215612,41.91843672828709
2009-11-10,8.25,32.060795769787006,39.778035054336144
2009-11-11,8.25,31.240294054562845,39.28569601669441
2009-11-12,8.25,31.58379926161997,43.3779413783138
2009-11-13,8.25,32.32802178360148,40.1854742475269
2009-11-16,8.25,31.384903941651764,41.86538774152655
2009-11-17,8.25,32.6228625388015,44.798070536654286
2009-11-18,8.25,32.48719967765066,39.581874562811976
2009-11-19,8.25,31.865885032330105,40.947048656968576
2009-11-20,8.25,33.49936705275123,41.409062900785756
2009-11-23,8.25,32.621551788924144,39.35540109653105
2009-11-24,8.25,31.525360246647132,40.98410596232442
2009-11-25,8.25,32.37308702685002,42.25596885776142
2009-11-26,8.25,32.03293153315988,41.56511703381912
2009-11-27,8.25,31.611643954570294,40.23389016131879
2009-11-30,8.25,31.465045428416897,34.233333111941185
2009-12-01,8.25,32.49744666744419,37.107858940196785
2009-12-02,8.25,31.701027267687934,43.669184812443234
2009-12-03,8.25,31.949061822481475,38.09047394361024
2009-12-04,8.25,31.539487035886737,42.33557392450421
2009-12-07,8.25,31.625921031350703,37.54779630854354
2009-12-08,8.25,31.936535399964264,38.07319904645483
2009-12-09,8.25,32.19409114636208,41.360081931126814
2009-12-10,8.25,30.705820418224278,43.10855389902674
2009-12-11,8.25,32.00845989958337,41.301411970511914
2009-12-14,8.25,31.626939493707482,40.7131677587078
2009-12-15,8.25,32.70118132672511,37.27872706202221
2009-12-16,8.25,33.471376323002715,35.74421234051863
2009-12-17,8.25,31.820360482523142,39.13515467132065
2009-12-18,8.25,31.138885719643405,40.309096195395306
2009-12-21,8.25,32.05843848495928,39.896397396264675
2009-12-22,8.25,31.897285335253397,44.421665172685955
2009-12-23,8.25,32.98567532450065,36.91580864438984
2009-12-24,8.25,32.833294671687774,39.39063043242479
2009-12-25,8.25,32.43268748529828,43.34071302067343
2009-12-28,8.25,31.706652959393672,41.301608180648955
2009-12-29,8.25,32.338883283090404,37.81144451880617
2009-12-30,8.25,32.132503179534154,35.56981885384578
2009-12-31,8.25,32.120661601649694,39.21439092618602
2010-01-01,8.0,29.076720476546,80.67467621135243
2010-01-04,8.0,27.682840875995534,78.98995013604261
2010-01-05,8.0,28.583330463728874,79.89145789787254
2010-01-06,8.0,29.3723165232995,77.61503066372029
2010-01-07,8.0,29.327334112535965,77.95847905695402
2010-01-08,8.0,28.524173588191395,79.77452960001504
2010-01-11,8.0,28.210985708639438,81.55332498917728
2010-01-12,8.0,29.063289653361466,78.59141820023291
2010-01-13,8.0,27.54661297560209,84.29859385913366
2010-01-14,8.0,28.42566287383112,79.91473383961953
2010-01-15,8.0,29.880080537577655,78.79584970781767
2010-01-18,8.0,29.722533664436884,77.43177152346462
2010-01-19,8.0,29.243624679382574,78.95971233424649
2010-01-20,8.0,29.153668157240627,82.88478959304541
2010-01-21,8.0,28.024914607737802,83.44793732648728
2010-01-22,8.0,28.62966638167544,81.2283789568489
2010-01-25,8.0,28.85241570101711,80.11249844899825
2010-01-26,8.0,28.640293125249407,77.12935157248248
2010-01-27,8.0,28.824878332546067,74.85703845083334
2010-01-28,8.0,29.649612212173146,80.37743798470744
2010-01-29,8.0,28.72908846936434,79.20382280994474
2010-02-01,8.0,28.829530409721617,78.90522306665707
2010-02-02,8.0,29.369765643341875,80.7944328395646
2010-02-03,8.0,28.290262140698598,77.32449590931633
2010-02-04,8.0,28.57989771058058,82.9230391837668
2010-02-05,8.0,28.63113870612158,83.72514665796851
2010-02-08,8.0,29.027796073275873,81.37990179034644
2010-02-09,8.0,28.827518966253166,79.39727258713079
2010-02-10,8.0,28.843329545326434,78.79118005765814
2010-02-11,8.0,28.66757300644875,79.38322571953088
2010-02-12,8.0,28.464584869892622,80.6390323135668
2010-02-15,8.0,29.30457146210529,82.01786564576787
2010-02-16,8.0,28.831097940518873,80.90049358645415
2010-02-17,8.0,29.309509490073687,82.52182644503783
2010-02-18,8.0,28.444186334759426,81.104105584194
2010-02-19,8.0,28.667378921125177,82.06645847920856
2010-02-22,8.0,28.88940848607662,79.94057964542965
2010-02-23,8.0,28.936066481591894,77.7019227894057
2010-02-24,8.0,29.377184362966105,82.57346921151519
2010-02-25,8.0,28.78474535520382,84.37020607858095
2010-02-26,8.0,29.373371121405437,80.59058388700663
2010-03-01,8.0,29.187472004279847,78.90899396225791
2010-03-02,8.0,28.946573694958527,80.94679840790056
2010-03-03,8.0,28.524350601751742,79.29509114008434
2010-03-04,8.0,29.37843763273166,80.06357346035236
2010-03-05,8.0,28.536831266343174,80.16930311934942
2010-03-08,8.0,28.98935980992136,78.48547732959939
2010-03-09,8.0,28.97302977853196,78.562465652773
2010-03-10,8.0,28.896452428691358,79.85655581968783
2010-03-11,8.0,28.805340138507344,79.604125759561
2010-03-12,8.0,28.588961652519163,81.14001002918904
2010-03-15,8.0,28.19153178131496,80.54125998700606
2010-03-16,8.0,29.701902366420175,81.21235146802351
2010-03-17,8.0,28.754138267871376,79.71785899470562
2010-03-18,8.0,28.935943952441264,78.3864496995901
2010-03-19,8.0,28.93288630803303,77.91344419451775
2010-03-22,8.0,29.547802168614375,81.97886752521529
2010-03-23,8.0,29.96659711075882,79.02909244974
2010-03-24,8.0,29.079923709794343,78.73535138231514
2010-03-25,8.0,28.92149866577154,82.55850827812117
2010-03-26,8.0,28.438271496420295,79.21306960717168
2010-03-29,8.0,28.278205775293618,75.64044887203777
2010-03-30,8.0,28.11301253517795,80.44093774907664
2010-03-31,8.0,28.602077520238264,78.90168222226887
2010-04-01,8.0,27.954572601343443,78.55467822141861
2010-04-02,8.0,29.539414976870056,79.72178701795175
2010-04-05,8.0,29.211548121996714,75.90473490133787
2010-04-06,8.0,28.87417974265761,76.28158382179419
2010-04-07,8.0,29.554691990380395,79.07968349557775
2010-04-08,8.0,28.464421961298363,81.1221954319184
2010-04-09,8.0,28.59000947231772,79.47380058017585
2010-04-12,8.0,28.03310335984913,79.38690035373384
2010-04-13,8.0,29.387176847510105,79.99641585816896
2010-04-14,8.0,28.594829356845363,81.78018218354796
2010-04-15,8.0,29.007847806637912,80.07825497006745
2010-04-16,8.0,29.501288200287338,79.89840481840083
2010-04-19,8.0,29.68542537774971,78.88733203430044
2010-04-20,8.0,28.985426824254716,79.2211753599168
2010-04-21,8.0,29.192118718135678,80.35827389311
2010-04-22,8.0,28.54807487697817,82.63051885671301
2010-04-23,8.0,29.841686671503766,80.47534785880045
2010-04-26,8.0,28.916924719850318,78.37164096176473
2010-04-27,8.0,29.04014247593406,79.39881628312732
2010-04-28,8.0,28.796573463868388,82.21556042523808
2010-04-29,8.0,29.59962449920688,80.15612810615289
2010-04-30,8.0,29.099796961541596,77.23354187301277
2010-05-03,8.0,29.38046728870681,80.8676277246947
2010-05-04,8.0,29.17697906998944,78.71244732064838
2010-05-05,8.0,28.889795308391996,77.70190515471225
2010-05-06,8.0,29.464734280649797,80.16929543980518
2010-05-07,8.0,29.17265809728769,78.31743163992829
2010-05-10,8.0,28.51951046957638,81.62522319672303
2010-05-11,8.0,28.50539430809531,80.18009328568736
2010-05-12,8.0,29.074413364515816,82.68781223337092
2010-05-13,8.0,29.453728951193813,80.69423321152976
2010-05-14,8.0,29.8197102742532,79.00538069286691
2010-05-17,8.0,28.1113932712096,78.97950530849242
2010-05-18,8.0,29.01282992454936,79.27721627859299
2010-05-19,8.0,29.244823831087498,80.98722891587643
2010-05-20,8.0,29.14783456749738,77.11664027979282
2010-05-21,8.0,29.504663552516856,80.54636370880415
2010-05-24,8.0,29.327766988245752,78.16110803684654
2010-05-25,8.0,28.50724990820983,84.48020181357498
2010-05-26,8.0,28.492604155654636,81.10526341221068
2010-05-27,8.0,29.156227428075862,81.30199646454629
2010-05-28,8.0,29.49525271221126,80.14595569326956
2010-05-31,8.0,29.07170877647635,76.80980131992338
2010-06-01,8.0,28.21103346521586,80.03716989204896
2010-06-02,8.0,28.476414292341865,80.78168522283066
2010-06-03,8.0,29.345757927932667,78.85856092876973
2010-06-04,8.0,28.825677454541434,79.84623318083638
2010-06-07,8.0,29.058978651601645,81.26248243953752
2010-06-08,8.0,29.53270901957588,80.22307015041793
2010-06-09,8.0,28.398895476190024,80.54379261061469
2010-06-10,8.0,28.792878672049024,81.05014454914459
2010-06-11,8.0,28.738563593313028,82.47036362849273
2010-06-14,8.0,29.177701268263935,78.33299697630808
2010-06-15,8.0,29.386444089135995,83.87913587238404
2010-06-16,8.0,28.25986627155061,83.87450551144806
2010-06-17,8.0,28.997231820416864,78.89285842995882
2010-06-18,8.0,29.434664552023104,81.34457964632702
2010-06-21,8.0,28.072606774269584,83.64363763979468
2010-06-22,8.0,28.967803779280196,82.88117110408868
2010-06-23,8.0,28.392107779608388,76.56478716192662
2010-06-24,8.0,28.679216548225234,79.6929142464168
2010-06-25,8.0,27.747482705259237,78.99372434457067
2010-06-28,8.0,29.696367059377515,81.7121298350806
2010-06-29,8.0,28.822085436298245,81.89139627492793
2010-06-30,8.0,28.596404067982043,77.63665664207277
2010-07-01,8.0,29.164133522728577,78.58561544648305
2010-07-02,8.0,28.478844883656375,76.85093232692313
2010-07-05,8.0,28.43137773555935,79.82318786476164
2010-07-06,8.0,29.755164584906865,79.42445867659508
2010-07-07,8.0,29.9043315141634,80.92938178290031
2010-07-08,8.0,28.703968163858757,83.60919765292951
2010-07-09,8.0,29.53367735495809,80.5353348483724
2010-07-12,8.0,29.178020221994043,79.40178464633436
2010-07-13,8.0,28.293084354144824,81.60795577322884
2010-07-14,8.0,28.535934053075106,79.29769977839028
2010-07-15,8.0,29.775549899598467,79.64039360409807
2010-07-16,8.0,28.286602483587913,80.34784864398246
2010-07-19,8.0,30.14049966903743,77.61806137876508
2010-07-20,8.0,28.71431891204411,79.38316875763212
2010-07-21,8.0,29.790407453146617,78.4029240222079
2010-07-22,8.0,28.847218102678582,81.6139218889891
2010-07-23,8.0,29.399951795750574,77.94082213655297
2010-07-26,8.0,29.697516570060344,78.1208145974887
2010-07-27,8.0,29.694976908840506,78.57948721300579
2010-07-28,8.0,28.707817234603514,78.43435526581098
2010-07-29,8.0,28.571305950050437,83.34725997554266
2010-07-30,8.0,28.959393995124433,82.16918351278031
2010-08-02,8.0,28.34976018948301,80.97972915598355
2010-08-03,8.0,29.11963208780528,79.18690939238283
2010-08-04,8.0,28.589601673861242,79.87247301672593
2010-08-05,8.0,29.541354886771458,83.15883015774291
2010-08-06,8.0,28.71494379189093,79.38081827434057
2010-08-09,8.0,28.12887051525999,77.85155616987579
2010-08-10,8.0,29.700457388084647,81.63335683204073
2010-08-11,8.0,29.091684001665932,79.52918277842242
2010-08-12,8.0,29.014567445210037,79.65308948642402
2010-08-13,8.0,29.547197392473105,79.5501998282224
2010-08-16,8.0,29.435788251149077,79.69047541763572
2010-08-17,8.0,28.619073227994786,80.99396420890814
2010-08-18,8.0,28.77510919698692,79.39040939798006
2010-08-19,8.0,28.443522374970332,80.61676098380957
2010-08-20,8.0,28.267773972437592,82.0878246704641
2010-08-23,8.0,29.289296267457694,82.95574171652964
2010-08-24,8.0,29.196092155020843,78.19480292640287
2010-08-25,8.0,29.38041460576126,82.0415332316142
2010-08-26,8.0,29.64080272074797,82.26636729999802
2010-08-27,8.0,29.387237397462837,82.52258110995707
2010-08-30,8.0,29.43172973815263,80.09844203909596
2010-08-31,8.0,27.96101937091393,79.52162471181575
2010-09-01,8.0,28.846507379037504,76.9104392657612
2010-09-02,8.0,29.482288247334992,80.19859736567486
2010-09-03,8.0,28.415895631897392,83.56441081735493
2010-09-06,8.0,29.045835691418883,80.62862184596773
2010-09-07,8.0,29.259732220306752,79.5685221757839
2010-09-08,8.0,29.221426746919242,81.16041815503313
2010-09-09,8.0,29.18439815397915,77.62701618354926
2010-09-10,8.0,29.299456359522786,79.45412490796562
2010-09-13,8.0,29.09037194746411,81.62985629306428
2010-09-14,8.0,28.268535896304492,81.1178511131656
2010-09-15,8.0,29.253477767701746,78.99951307913568
2010-09-16,8.0,29.14237328027687,83.5673601955053
2010-09-17,8.0,28.275125774572274,77.0807001985279
2010-09-20,8.0,29.689867605543284,80.626545142792
2010-09-21,8.0,29.26691884987402,81.69352471877798
2010-09-22,8.0,28.30982583951127,82.47072660184662
2010-09-23,8.0,28.591387418013923,80.2438818065771
2010-09-24,8.0,28.71797397912691,81.53159679218487
2010-09-27,8.0,28.717618280599677,80.00853158489275
2010-09-28,8.0,29.14652509440922,83.33695333695132
2010-09-29,8.0,28.51182412447087,80.64579634256091
2010-09-30,8.0,29.564068373560968,82.31994172692318
2010-10-01,8.0,29.522901725683994,77.68877652852883
2010-10-04,8.0,29.309658654799794,79.77225452931721
2010-10-05,8.0,29.022120887696925,81.07894386370845
2010-10-06,8.0,29.46872375757577,81.06121425055522
2010-10-07,8.0,28.862026138597994,78.86336762494022
2010-10-08,8.0,28.637755569308396,76.2783905297814
2010-10-11,8.0,29.59505482280987,76.47970180627759
2010-10-12,8.0,29.158771378509506,78.10525890579217
2010-10-13,8.0,28.657971179709303,85.57483242738135
2010-10-14,8.0,28.791128816479212,73.92868527044507
2010-10-15,8.0,28.631786008117366,79.66484510268832
2010-10-18,8.0,30.011087429414303,79.41207702715498
2010-10-19,8.0,29.00204921872526,80.08432177948053
2010-10-20,8.0,29.078885655626834,79.83515584198588
2010-10-21,8.0,29.36060952393097,78.03920666258135
2010-10-22,8.0,28.3923195086965,82.03781780648889
2010-10-25,8.0,29.54827363314311,76.73698023831602
2010-10-26,8.0,28.696076934606072,83.7398171985772
2010-10-27,8.0,29.915008143057573,80.90357790929278
2010-10-28,8.0,28.843670634992705,78.17702125655677
2010-10-29,8.0,29.518820007381592,78.61899329822327
2010-11-01,8.0,27.751600941440458,82.28803411885025
2010-11-02,8.0,28.412433461957015,77.31535542699785
2010-11-03,8.0,28.853196420501188,80.09910802434165
2010-11-04,8.0,27.984608500937554,79.9378157954549
2010-11-05,8.0,29.300442224420703,79.88445062228351
2010-11-08,8.0,29.156479062718123,81.0904573050062
2010-11-09,8.0,28.504586175070063,81.28933229749141
2010-11-10,8.0,28.99202068506775,80.82624212357821
2010-11-11,8.0,29.403238614961563,82.2417185745837
2010-11-12,8.0,27.948475241565014,80.51519391722422
2010-11-15,8.0,28.363255491882672,78.99679617238968
2010-11-16,8.0,28.832455850388328,77.73743853404748
2010-11-17,8.0,29.011861813316237,80.12367376881622
2010-11-18,8.0,28.97069428919923,80.77988756284638
2010-11-19,8.0,29.444647392717854,76.46531529828376
2010-11-22,8.0,29.2386056228277,80.88684887236592
2010-11-23,8.0,29.34831742028553,78.25653230942929
2010-11-24,8.0,28.30506213359782,78.1979275714449
2010-11-25,8.0,29.07241192739969,80.30108252334949
2010-11-26,8.0,28.84642874538103,75.80153473302025
2010-11-29,8.0,29.731035940834385,82.89409344369312
2010-11-30,8.0,29.08719781868895,81.82329758822976
2010-12-01,8.0,28.665473032641984,77.62129957397973
2010-12-02,8.0,29.42625063797752,79.62289554309325
2010-12-03,8.0,29.281648897932325,80.30536535741327
2010-12-06,8.0,28.58919916367976,78.50246250102863
2010-12-07,8.0,28.825755148615414,79.00568655019677
2010-12-08,8.0,28.83427677019582,79.75468408772616
2010-12-09,8.0,29.61373054613977,79.97732338108018
2010-12-10,8.0,29.10162093693922,79.7345447833991
2010-12-13,8.0,29.363391239280087,80.11282479957919
2010-12-14,8.0,28.753364139434957,80.74948332198424
2010-12-15,8.0,29.167400145569722,79.32838532115028
2010-12-16,8.0,29.651680451464827,80.86657888695791
2010-12-17,8.0,28.819461617374674,82.33892236728454
2010-12-20,8.0,29.057577401918888,80.90423776084846
2010-12-21,8.0,28.318346871881197,83.48247233642783
2010-12-22,8.0,28.617220955044985,77.19490962119768
2010-12-23,8.0,28.832778554001088,78.83411388505675
2010-12-24,8.0,28.46958034552414,80.72758117185502
2010-12-27,8.0,29.660986838760923,80.48511139657896
2010-12-28,8.0,28.580996489879244,79.22773532324118
2010-12-29,8.0,29.39339929605862,81.22548010328391
2010-12-30,8.0,29.09341811876574,80.41648492010658
2010-12-31,8.0,29.01542597425523,82.35226753599501
2011-01-03,8.0,29.74308182248258,77.88016500924452
2011-01-04,8.0,27.86969985153621,80.11127276755676
2011-01-05,8.0,28.901897551588448,79.11037007650053
2011-01-06,8.0,28.45980983171728,81.71458842738538
2011-01-07,8.0,28.01928979543348,81.09228782525322
2011-01-10,8.0,28.402634133121154,79.03702221020069
2011-01-11,8.0,29.008618767501535,82.00144790120875
2011-01-12,8.0,28.637326435396776,79.95622921682289
2011-01-13,8.0,29.448306794912575,77.51362801378595
2011-01-14,8.0,28.893077076029336,79.49217814832184
2011-01-17,8.0,28.83763082263953,84.63653665343188
2011-01-18,8.0,28.839859524746952,79.6203773478557
2011-01-19,8.0,28.95075279693523,80.47351441229537
2011-01-20,8.0,28.790760732528625,80.57593325331703
2011-01-21,8.0,28.57437315121792,79.91370443488248
2011-01-24,8.0,29.49459244198802,83.06446329461633
2011-01-25,8.0,28.687952474805527,81.46624144588507
2011-01-26,8.0,28.808236691826906,81.3054631053131
2011-01-27,8.0,29.214702540045156,79.46191310715344
2011-01-28,8.0,29.159370623078626,81.3905798418774
2011-01-31,8.0,28.553280968826975,79.38388334358224
2011-02-01,8.0,29.377490972055373,80.85464847143368
2011-02-02,8.0,29.268835169919203,84.12919834059868
2011-02-03,8.0,29.088987417093627,83.12325880722007
2011-02-04,8.0,28.784341574709256,79.7666866386574
2011-02-07,8.0,28.796634654739297,80.44727618412327
2011-02-08,8.0,28.899101448499195,77.80388619510654
2011-02-09,8.0,28.384084029436117,79.51461615515787
2011-02-10,8.0,28.98036577570152,75.55216351145593
2011-02-11,8.0,29.4460510202235,81.82735341534865
2011-02-14,8.0,29.438185594917012,78.503130538526
2011-02-15,8.0,28.809574114361773,79.8075620037027
2011-02-16,8.0,29.53204163636277,79.09329292859674
2011-02-17,8.0,29.95295227726472,82.06023630158101
2011-02-18,8.0,28.841896232368587,82.73778314245158
2011-02-21,8.0,29.345757353216083,82.82285395841267
2011-02-22,8.0,27.868595018654602,77.44590928116402
2011-02-23,8.0,28.370926635909004,81.30862963013773
2011-02-24,8.0,29.04556051466676,78.25667213129009
2011-02-25,8.0,28.496633468740807,80.29734974861336
2011-02-28,8.0,30.019601022361226,81.9267042310049
2011-03-01,8.0,29.298939843648277,79.47808449999826
2011-03-02,8.0,29.482915823429064,80.44127965075211
2011-03-03,8.0,28.985486796919705,78.7622702888916
2011-03-04,8.0,28.498395990068175,82.18341591653179
2011-03-07,8.0,28.74059485891256,79.56626111447042
2011-03-08,8.0,29.12719023981318,78.9315241164002
2011-03-09,8.0,28.681042330795496,80.68050224265404
2011-03-10,8.0,29.3355959958636,81.84057696104243
2011-03-11,8.0,29.35570748460232,77.21012653939847
2011-03-14,8.0,29.002490651969794,80.91571010296167
2011-03-15,8.0,28.0871824564915,79.00336237439708
2011-03-16,8.0,29.85739246683298,81.33422821678049
2011-03-17,8.0,28.893663571655242,78.9638009770746
2011-03-18,8.0,30.354638324235516,78.27331642628225
2011-03-21,8.0,29.326267848176098,78.57999365943671
2011-03-22,8.0,28.89502246163397,80.33100372428005
2011-03-23,8.0,29.223910938249002,81.0711662205694
2011-03-24,8.0,27.990357241460693,78.75056766693663
2011-03-25,8.0,29.513071201617983,80.11015309915673
2011-03-28,8.0,30.28347061876474,78.70991428846554
2011-03-29,8.0,27.95538326307831,79.25136833902573
2011-03-30,8.0,28.856295495087146,79.01298565872578
2011-03-31,8.0,28.947330938604235,78.58470927359984
2011-04-01,8.0,29.43761431458153,77.56043754818198
2011-04-04,8.0,30.052987837082767,79.85218580199137
2011-04-05,8.0,29.191441061297784,82.26548250743423
2011-04-06,8.0,30.070895912107765,80.17017850374843
2011-04-07,8.0,29.08521623844233,79.40410264205059
2011-04-08,8.0,29.225711909398115,81.61154394529024
2011-04-11,8.0,29.164117783080126,79.01564612326106
2011-04-12,8.0,29.610149891502545,80.3858104624626
2011-04-13,8.0,28.788839470944897,76.88869790874872
2011-04-14,8.0,29.409143379380755,79.99171182651712
2011-04-15,8.0,28.384601696871787,79.33405724462628
2011-04-18,8.0,28.857747947674294,76.27522253683125
2011-04-19,8.0,28.681628188530595,79.10419749999664
2011-04-20,8.0,29.04398077930897,75.30160877638839
2011-04-21,8.0,28.841960125298108,78.81942538166464
2011-04-22,8.0,29.566066846228487,80.98741364282233
2011-04-25,8.0,28.56066595241418,78.1857093539825
2011-04-26,8.0,28.134342032094494,78.57892937496017
2011-04-27,8.0,28.321358090144223,76.95981046279694
2011-04-28,8.0,29.49708402315066,80.57705637789182
2011-04-29,8.0,28.515221328341887,79.11455394247585
2011-05-02,8.0,29.198922207760354,79.91875188508769
2011-05-03,8.0,28.85260624837596,82.29821638937025
2011-05-04,8.0,29.41212202737663,78.00000478242592
2011-05-05,8.0,28.884617147441695,82.5287671167873
2011-05-06,8.0,30.38217425805857,79.48966408260762
2011-05-09,8.0,29.949058507909253,82.10254264351434
2011-05-10,8.0,28.842394909797154,79.77496690960956
2011-05-11,8.0,28.773932705452506,76.73084760929146
2011-05-12,8.0,30.56616307540423,77.51699818389451
2011-05-13,8.0,28.460574519335704,79.47827474479442
2011-05-16,8.0,28.972488226040827,76.67356452057868
2011-05-17,8.0,29.011224459852713,81.05974077539841
2011-05-18,8.0,28.99883105109271,81.63985309977576
2011-05-19,8.0,28.130644139734738,77.03372525173374
2011-05-20,8.0,29.24830120483797,79.43027678231861
2011-05-23,8.0,28.51482495430384,79.81388359015158
2011-05-24,8.0,29.717994562084534,81.37762866538874
2011-05-25,8.0,28.27201747878269,80.82006277220182
2011-05-26,8.0,29.02973296368774,79.17247522580799
2011-05-27,8.0,27.891939676524057,77.17107599301929
2011-05-30,8.0,27.922808146829638,80.00296782147491
2011-05-31,8.0,28.580324020853684,79.74116423910371
2011-06-01,8.0,28.650894958831486,78.35958695594151
2011-06-02,8.0,29.732863206494716,84.2355534146261
2011-06-03,8.0,28.979704081869052,80.34586087165478
2011-06-06,8.0,29.646203450455776,78.70018985264947
2011-06-07,8.0,28.810106702661663,78.88016735453672
2011-06-08,8.0,29.303042591440168,81.66471422823128
2011-06-09,8.0,28.63726234154055,82.37802881497134
2011-06-10,8.0,28.6032634654507,81.23402975868008
2011-06-13,8.0,28.08957493054105,82.03297163956171
2011-06-14,8.0,29.16787699692564,77.52335612906046
2011-06-15,8.0,29.131041707350075,79.90909876905427
2011-06-16,8.0,29.388656443642926,77.69825075003331
2011-06-17,8.0,29.107459143570697,81.60730868893774
2011-06-20,8.0,30.013097988596982,81.79452940867432
2011-06-21,8.0,29.088013818338755,78.0202571230223
2011-06-22,8.0,29.49591335716906,78.80109904114568
2011-06-23,8.0,28.83794545850045,78.07276144145779
2011-06-24,8.0,28.545764982849306,80.45098902590978
2011-06-27,8.0,29.35884758509332,79.79838066853313
2011-06-28,8.0,28.95542600608983,80.07653696087569
2011-06-29,8.0,29.41602152296481,79.34656991106361
2011-06-30,8.0,29.176468270922342,83.66560859581033
2011-07-01,8.0,28.60349333660492,81.91961318404167
2011-07-04,8.0,29.537168938838516,79.71256939938856
2011-07-05,8.0,28.564405023107668,76.93978431828054
2011-07-06,8.0,29.312663131647753,76.61021371142313
2011-07-07,8.0,29.640805555762928,76.76390774594176
2011-07-08,8.0,28.80770258079242,80.87631003147688
2011-07-11,8.0,29.577997226836157,79.67192917333153
2011-07-12,8.0,29.198808417026598,82.46376987581911
2011-07-13,8.0,29.42597188919813,81.43362698463415
2011-07-14,8.0,28.581622154448706,75.54066632115507
2011-07-15,8.0,29.107150116026872,78.35735543355136
2011-07-18,8.0,28.295959344987747,76.64329767214072
2011-07-19,8.0,29.85565025765523,79.19590140019314
2011-07-20,8.0,27.993000839207745,80.62084829102814
2011-07-21,8.0,28.822624090185574,80.15060987606923
2011-07-22,8.0,28.53414570290019,79.96474068638555
2011-07-25,8.0,29.33735020760112,77.65308668064263
2011-07-26,8.0,29.961972972964958,84.62100380588197
2011-07-27,8.0,29.327457549343762,80.30510936110272
2011-07-28,8.0,30.480641848475674,83.14395971687028
2011-07-29,8.0,28.31102991172058,81.63415111555602
2011-08-01,8.0,28.349407933735716,81.21900952003627
2011-08-02,8.0,28.5534428841923,81.22116057298797
2011-08-03,8.0,29.060622347647953,78.88966899762913
2011-08-04,8.0,28.486538812358376,78.81977109426686
2011-08-05,8.0,28.62416862284749,79.79960238299964
2011-08-08,8.0,29.310241761963646,79.67448800799325
2011-08-09,8.0,28.38041405844309,75.0956715092598
2011-08-10,8.0,28.43340199351495,79.96861395647858
2011-08-11,8.0,28.800730623504965,81.14193492941868
2011-08-12,8.0,28.84777846458034,77.39503861253628
2011-08-15,8.0,29.505007858610657,77.86102887958914
2011-08-16,8.0,28.54968012601094,80.1301166619058
2011-08-17,8.0,28.63986000793955,80.8222287132061
2011-08-18,8.0,29.290835058139503,79.66574047109285
2011-08-19,8.0,29.400697161891692,80.69109814318278
2011-08-22,8.0,29.714362233563293,80.2659560081606
2011-08-23,8.0,29.23456017743238,79.23071055232533
2011-08-24,8.0,29.065182029980914,79.9290795729699
2011-08-25,8.0,29.287519203373076,79.93755078044555
2011-08-26,8.0,28.866293597055726,80.04500736445776
2011-08-29,8.0,28.862616202812262,79.70184077758886
2011-08-30,8.0,28.112944843860625,80.68183819476087
2011-08-31,8.0,29.446707978344666,81.89573394934271
2011-09-01,8.0,29.105729472525873,80.86955995425608
2011-09-02,8.0,29.388519633184153,75.38243980018424
2011-09-05,8.0,27.59209475276135,77.22665851844332
2011-09-06,8.0,28.976449146053227,81.18418143576808
2011-09-07,8.0,28.572059246811182,78.37054724024837
2011-09-08,8.0,29.750681252410118,82.34802413130585
2011-09-09,8.0,29.307108457741915,77.04391015483839
2011-09-12,8.0,29.11711770540528,81.65022698612036
2011-09-13,8.0,28.784033515329487,78.2509547286634
2011-09-14,8.0,29.198604155065823,82.24535905371023
2011-09-15,8.0,28.535907185310947,78.52263639118645
2011-09-16,8.0,28.95013732615712,78.0660093001815
2011-09-19,8.0,28.71081830650629,80.1611699069872
2011-09-20,8.0,30.133244827490845,77.06535624092093
2011-09-21,8.0,29.73497387809542,78.10398560223656
2011-09-22,8.0,29.531523741991414,81.73656854034209
2011-09-23,8.0,28.25484448892292,82.90364382988555
2011-09-26,8.0,29.432078556142027,79.54590341320791
2011-09-27,8.0,29.09383333757097,79.00910210641364
2011-09-28,8.0,29.611730069758075,76.95310558677384
2011-09-29,8.0,29.16119754756347,81.26901192644989
2011-09-30,8.0,28.996641166980847,79.11609968399023
2011-10-03,8.0,29.11689214816828,77.57916213197063
2011-10-04,8.0,28.09718335418873,80.55553061367124
2011-10-05,8.0,28.6162983639161,77.3621274585431
2011-10-06,8.0,29.186667769351637,80.3045831293484
2011-10-07,8.0,29.569694179203292,79.21595097413594
2011-10-10,8.0,28.72475344184394,80.3839139687121
2011-10-11,8.0,28.979596560068032,77.0942173649586
2011-10-12,8.0,28.199503777662304,80.39644125819582
2011-10-13,8.0,29.72965540667688,76.44620005408804
2011-10-14,8.0,29.55687086611656,80.54246366121146
2011-10-17,8.0,29.3260513092836,79.82120932317419
2011-10-18,8.0,29.203403093815446,76.25284975382351
2011-10-19,8.0,29.7762745325734,79.97319743468343
2011-10-20,8.0,28.59749450434264,81.39676889706527
2011-10-21,8.0,28.543419221836672,79.11219313314994
2011-10-24,8.0,29.530759893128213,77.39788570951157
2011-10-25,8.0,29.497156690854062,79.14163135266361
2011-10-26,8.0,28.403252206955425,75.46626477817473
2011-10-27,8.0,28.734320059211566,80.63235907452068
2011-10-28,8.0,29.844546565538696,81.50387369946029
2011-10-31,8.0,29.205833664107953,79.0614477149745
2011-11-01,8.0,29.393580759009087,79.48349669150484
2011-11-02,8.0,28.420476728735323,82.22584240844148
2011-11-03,8.0,29.32832226226859,83.07632179031468
2011-11-04,8.0,28.29022922711456,81.46143163468611
2011-11-07,8.0,28.010089317199657,77.97144757113826
2011-11-08,8.0,29.363411980090433,82.4733566189437
2011-11-09,8.0,29.717222584817243,81.23381747425393
2011-11-10,8.0,28.873106962125416,80.47546168065237
2011-11-11,8.0,28.726724659072772,80.62043703763247
2011-11-14,8.0,29.855424328123185,82.1351368068945
2011-11-15,8.0,28.902608315442695,76.27947811523883
2011-11-16,8.0,28.96711563822137,79.69651481537952
2011-11-17,8.0,29.846978613220166,77.72283895289492
2011-11-18,8.0,28.823207593485893,80.82114404420345
2011-11-21,8.0,28.672986195327567,78.36660023427221
2011-11-22,8.0,29.407754112068545,86.17256226529544
2011-11-23,8.0,28.644071922810443,81.50428306748377
2011-11-24,8.0,28.92769923093891,77.67067018343383
2011-11-25,8.0,28.340420699143902,81.91690211953538
2011-11-28,8.0,29.092698544188256,79.18158765219377
2011-11-29,8.0,29.034048743601545,80.18407679359461
2011-11-30,8.0,29.484010137361572,79.71620262331582
2011-12-01,8.0,29.428628268330865,76.3462940027834
2011-12-02,8.0,29.27575900423479,78.79148859896432
2011-12-05,8.0,29.197127846390508,77.74528061950011
2011-12-06,8.0,28.96337294312383,75.17308344646614
2011-12-07,8.0,29.304777984497903,78.93905077159343
2011-12-08,8.0,28.443833913165506,79.47743357660825
2011-12-09,8.0,27.825516964072847,77.06065283897865
2011-12-12,8.0,29.580958835606445,82.15717823277984
2011-12-13,8.0,29.337080231123956,80.7440774028046
2011-12-14,8.0,28.936506782860043,80.20505183843409
2011-12-15,8.0,29.53727930422299,81.028997707184
2011-12-16,8.0,28.634251291526738,81.09270396615585
2011-12-19,8.0,28.647253733958426,80.53458743341513
2011-12-20,8.0,28.577931138152916,83.0897332208829
2011-12-21,8.0,29.283810987557942,75.80981042465878
2011-12-22,8.0,28.208520961392622,81.0644717101479
2011-12-23,8.0,28.61651919660898,79.25204482552584
2011-12-26,8.0,29.144857511618067,82.80015298414217
2011-12-27,8.0,28.397924462038695,80.73661519250948
2011-12-28,8.0,28.669844797169407,79.77264182726964
2011-12-29,8.0,27.894216211442718,82.8836237502155
2011-12-30,8.0,29.302903324700768,79.63410606440932
2012-01-02,8.25,28.65608240332886,80.83778738177455
2012-01-03,8.25,28.450359374929423,78.74070691969492
2012-01-04,8.25,28.352488637020713,80.26337324282382
2012-01-05,8.25,28.79089324389745,84.13066623551033
2012-01-06,8.25,28.209922206554282,81.72070628312929
2012-01-09,8.25,29.971189838574332,80.8524871850228
2012-01-10,8.25,27.807627691415508,77.25258580092645
2012-01-11,8.25,28.774690425106755,84.71548460411108
2012-01-12,8.25,29.053453464645628,77.558204917926
2012-01-13,8.25,28.612310497931723,80.14230652585339
2012-01-16,8.25,29.106065868646557,80.92306400255418
2012-01-17,8.25,28.60019921252692,81.26276720112588
2012-01-18,8.25,29.765047231836576,78.58777020179018
2012-01-19,8.25,28.44056149294511,81.34101623072308
2012-01-20,8.25,27.82438802932584,77.54511564619365
2012-01-23,8.25,28.350750074773337,83.31595920074426
2012-01-24,8.25,29.193247387406856,77.43168821070624
2012-01-25,8.25,28.941037810225566,78.96251562020616
2012-01-26,8.25,29.376066453991058,81.1422625406121
2012-01-27,8.25,29.250872308355483,79.65873338904285
2012-01-30,8.25,28.681859825137398,83.03183025389407
2012-01-31,8.25,28.755458253102226,82.51722832667323
2012-02-01,8.25,28.807335612173386,80.98734633126948
2012-02-02,8.25,29.942173041748326,78.56216607081836
2012-02-03,8.25,29.345411157343683,79.74904276748423
2012-02-06,8.25,29.94584344958925,77.0787907472241
2012-02-07,8.25,29.420389686170907,78.316580253832
2012-02-08,8.25,28.968208302539225,79.51335894410195
2012-02-09,8.25,28.490319256507167,81.7584608667459
2012-02-10,8.25,29.100759835574372,80.8495289981097
2012-02-13,8.25,28.969565413891885,79.46049771694642
2012-02-14,8.25,28.953176357330893,78.4825046781561
2012-02-15,8.25,28.895450461550375,81.5288271528322
2012-02-16,8.25,27.973768646211887,78.84466464586129
2012-02-17,8.25,29.630419908267328,81.36096231019312
2012-02-20,8.25,28.97477325539134,81.03515195830711
2012-02-21,8.25,28.29287344198568,82.13414383604172
2012-02-22,8.25,29.24088135453682,78.28864402288853
2012-02-23,8.25,28.572081915696735,79.11290022456696
2012-02-24,8.25,29.28107031148539,79.9956217244245
2012-02-27,8.25,29.44082823025623,79.38394964358378
2012-02-28,8.25,29.50981824533466,78.65272079404383
2012-02-29,8.25,28.91954163667259,78.63503041143998
2012-03-01,8.25,28.793111135990742,77.44070742266666
2012-03-02,8.25,28.687230819867665,78.4551174653383
2012-03-05,8.25,28.63872195576975,81.39757734838217
2012-03-06,8.25,28.99138496789454,81.78292591266973
2012-03-07,8.25,28.89532846880413,80.58886327579856
2012-03-08,8.25,28.587348092088916,79.50877490076589
2012-03-09,8.25,28.428107623098548,79.78697344827205
2012-03-12,8.25,28.94562195387071,82.82043695267163
2012-03-13,8.25,28.782901191028085,81.70933014533365
2012-03-14,8.25,28.429316513359066,74.77478510776174
2012-03-15,8.25,29.415285506710703,78.29580003501889
2012-03-16,8.25,29.886046375412626,78.96149008108057
2012-03-19,8.25,29.481294106992113,83.06242820962483
2012-03-20,8.25,28.63990599416198,81.26475718617377
2012-03-21,8.25,28.97488515770503,77.12160162902241
2012-03-22,8.25,29.77021447584373,81.3896031105193
2012-03-23,8.25,28.413150178611254,85.74492260694146
2012-03-26,8.25,29.39129756334261,81.64737822932778
2012-03-27,8.25,28.275958395928004,78.2613160978306
2012-03-28,8.25,29.842018813715665,83.00346425851662
2012-03-29,8.25,28.784842737624505,80.66992595001696
2012-03-30,8.25,30.114521862261906,78.65283515606767
2012-04-02,8.25,29.864031899320914,80.09763151293446
2012-04-03,8.25,28.946784745209307,79.5159488873365
2012-04-04,8.25,28.640297313444794,78.59874564473594
2012-04-05,8.25,29.097387735945457,77.56495956951292
2012-04-06,8.25,28.909920516676717,78.79648595961633
2012-04-09,8.25,28.799216518207203,79.89959106802267
2012-04-10,8.25,28.170943372710852,81.59051026878403
2012-04-11,8.25,28.742723208172706,77.4481588016301
2012-04-12,8.25,28.44476043912188,77.24103723329657
2012-04-13,8.25,29.275823853212618,80.21008219467379
2012-04-16,8.25,29.495535658298714,79.34171437390727
2012-04-17,8.25,29.3703420019618,79.21258204078126
2012-04-18,8.25,29.171187544813755,78.16160311934419
2012-04-19,8.25,28.573546466429548,78.25909596676073
2012-04-20,8.25,29.102700386300956,77.75516731241377
2012-04-23,8.25,29.396382571822187,76.41675142073757
2012-04-24,8.25,28.706882212800135,80.67467055843244
2012-04-25,8.25,29.059493210697504,80.98923440187292
2012-04-26,8.25,28.92726920536504,83.3270647986882
2012-04-27,8.25,29.831183334805242,81.17959237772844
2012-04-30,8.25,29.42577406763226,79.92927448922472
2012-05-01,8.25,29.304579805874194,80.94800214841806
2012-05-02,8.25,28.141653133017282,79.25303807391347
2012-05-03,8.25,29.086418663383792,78.29497620266785
2012-05-04,8.25,28.922493285537715,81.29622106195991
2012-05-07,8.25,28.918171444715064,80.62806408359044
2012-05-08,8.25,28.218293263629178,77.44641660186151
2012-05-09,8.25,28.456115688851217,79.92402466745637
2012-05-10,8.25,28.965991256047108,78.33594603313786
2012-05-11,8.25,29.55717788909523,81.84026486484274
2012-05-14,8.25,28.704737715080288,79.14550927786536
2012-05-15,8.25,28.800030636447865,83.4152872715381
2012-05-16,8.25,29.890545997643105,82.35847606517987
2012-05-17,8.25,28.851588805416082,77.81771972477898
2012-05-18,8.25,28.935605238073208,78.66639965363393
2012-05-21,8.25,28.94237760897413,81.34386884969993
2012-05-22,8.25,28.327247426797744,80.11145942019105
2012-05-23,8.25,29.285899061707557,79.44007678601454
2012-05-24,8.25,28.67356194070783,80.11076042394632
2012-05-25,8.25,28.98496469148013,79.75064029528725
2012-05-28,8.25,29.222186482208897,82.01470675116691
2012-05-29,8.25,29.971278794517698,79.4301413544958
2012-05-30,8.25,28.34111497772688,80.93728677557384
2012-05-31,8.25,29.432491092533112,80.92783279777515
2012-06-01,8.25,29.434361628086982,82.486887051474
2012-06-04,8.25,28.680892613610364,79.85887535431507
2012-06-05,8.25,29.29975192402599,80.31360752308858
2012-06-06,8.25,29.821718075645947,80.7481417097469
2012-06-07,8.25,28.61751439539378,78.7019996424178
2012-06-08,8.25,29.120734898567576,79.6836729188479
2012-06-11,8.25,29.20240068196989,78.18291978938888
2012-06-12,8.25,29.267089427476776,81.37434600423948
2012-06-13,8.25,29.384645880358008,83.13357300545674
2012-06-14,8.25,29.083152414126086,76.18179649519499
2012-06-15,8.25,29.256718093174,81.99603650566895
2012-06-18,8.25,28.544263174938138,79.91181184946565
2012-06-19,8.25,29.082001746819778,82.52484117322363
2012-06-20,8.25,28.76182936715974,80.52058720382102
2012-06-21,8.25,28.385085547422957,81.94213593251146
2012-06-22,8.25,28.74542772528155,79.79044128842507
2012-06-25,8.25,29.13472819609903,80.09577656351507
2012-06-26,8.25,29.217898638185098,81.92630584509382
2012-06-27,8.25,28.365770439538615,84.90605154695787
2012-06-28,8.25,28.531161641637564,78.94512380326708
2012-06-29,8.25,29.36232813984661,80.23107468219722
2012-07-02,8.25,29.25407404630793,78.55094742032308
2012-07-03,8.25,29.443551331023176,79.52214584534936
2012-07-04,8.25,29.68391521358828,78.97352654476391
2012-07-05,8.25,29.2689435547953,78.0048318979625
2012-07-06,8.25,28.792596186414563,81.01555613498019
2012-07-09,8.25,29.05742472904096,80.40716422543835
2012-07-10,8.25,29.82994855046369,78.21042872184513
2012-07-11,8.25,30.382224498892693,77.67061034322838
2012-07-12,8.25,29.23154818287118,81.73535345700728
2012-07-13,8.25,29.267777069405653,79.01105012305975
2012-07-16,8.25,29.36285418349871,84.48622736683643
2012-07-17,8.25,29.011896422909683,79.83114370316537
2012-07-18,8.25,29.58192695117131,80.0876298539235
2012-07-19,8.25,29.504022646366426,79.54648250944076
2012-07-20,8.25,29.177188223574408,77.17949157811623
2012-07-23,8.25,28.84099004699719,77.17434885040076
2012-07-24,8.25,28.239651806311432,82.7745183410048
2012-07-25,8.25,29.366206773807125,82.67549820384511
2012-07-26,8.25,29.106429157613054,78.03153650174873
2012-07-27,8.25,28.63111613467295,80.99604344183798
2012-07-30,8.25,28.435039867502688,82.66511937798576
2012-07-31,8.25,29.330716424691627,77.34890315883494
2012-08-01,8.25,28.199381839191517,79.97726930955446
2012-08-02,8.25,29.149820593721902,78.94980715052907
2012-08-03,8.25,29.421775204584446,80.3301653839283
2012-08-06,8.25,29.27494644320831,82.46529566663571
2012-08-07,8.25,28.80463011282078,80.79608383850706
2012-08-08,8.25,28.375312757762543,81.17950573661378
2012-08-09,8.25,29.293509619897595,75.5623008438979
2012-08-10,8.25,29.60026154597671,81.39993744726763
2012-08-13,8.25,28.71363332262848,79.92821316426978
2012-08-14,8.25,29.25345410014643,84.31836428351143
2012-08-15,8.25,29.790757559365904,81.19870687251503
2012-08-16,8.25,29.169423548220806,79.34674289976942
2012-08-17,8.25,28.801559927561105,83.77348381236847
2012-08-20,8.25,29.52042677003158,79.8563364942934
2012-08-21,8.25,28.631219512921096,80.5508135068974
2012-08-22,8.25,28.350903992473487,77.23402207633573
2012-08-23,8.25,29.406160595572988,78.73783842821594
2012-08-24,8.25,28.796918868258217,78.56252208236921
2012-08-27,8.25,28.84173949299816,79.6349531389857
2012-08-28,8.25,28.686529682224464,77.56183167741328
2012-08-29,8.25,28.76359130222296,76.55870072587781
2012-08-30,8.25,29.701516713763432,80.21311927252893
2012-08-31,8.25,29.831249382891833,77.06400195775768
2012-09-03,8.25,29.897489318072303,81.45569137569694
2012-09-04,8.25,29.545060310588756,83.94093053744712
2012-09-05,8.25,29.23313562988662,80.45446456393483
2012-09-06,8.25,28.283857204033442,80.52612580603221
2012-09-07,8.25,28.906237648549826,75.55827508410671
2012-09-10,8.25,30.078377244311845,81.24879311115147
2012-09-11,8.25,28.782189210623674,79.84948555946299
2012-09-12,8.25,29.757072237386136,80.95779240923238
2012-09-13,8.25,29.02751790951527,77.6582621989077
2012-09-14,8.25,27.660928807073425,79.46460576204476
2012-09-17,8.25,29.32024278183448,82.462052590702
2012-09-18,8.25,29.633127348089154,78.4757209125521
2012-09-19,8.25,28.975502015679726,79.35191952192116
2012-09-20,8.25,29.616525502242705,81.80445623601534
2012-09-21,8.25,28.166086242791458,81.39251590498965
2012-09-24,8.25,28.307217868050316,82.11358214196247
2012-09-25,8.25,29.102432154042845,78.57172309124883
2012-09-26,8.25,29.238557363908765,79.6880296730591
2012-09-27,8.25,29.67828943429614,78.20390300848008
2012-09-28,8.25,29.31946223337428,78.08233654636807
2012-10-01,8.25,28.403185455317477,78.09350856450865
2012-10-02,8.25,29.106522811037195,79.91877139010154
2012-10-03,8.25,29.300363722644075,83.17412075520963
2012-10-04,8.25,28.062883000651436,82.53833664741863
2012-10-05,8.25,28.978183265130994,81.07957555163652
2012-10-08,8.25,28.83220872803089,78.17585170844886
2012-10-09,8.25,28.672653463127126,77.95975719512931
2012-10-10,8.25,29.249388525876338,79.42195237103607
2012-10-11,8.25,28.425159236721036,80.81802224730482
2012-10-12,8.25,29.208439756001823,81.11604918152395
2012-10-15,8.25,29.279745564604447,80.47947126809969
2012-10-16,8.25,29.54188165513049,79.81382217847998
2012-10-17,8.25,28.4382903686037,80.42783890043339
2012-10-18,8.25,28.247382890822728,78.89863684766696
2012-10-19,8.25,29.139451803669505,77.11549566034445
2012-10-22,8.25,28.85686438306615,79.42122972089683
2012-10-23,8.25,30.45132513124686,80.3661479057813
2012-10-24,8.25,29.229249238121465,79.74431644246599
2012-10-25,8.25,29.02908085585209,76.95083617782805
2012-10-26,8.25,28.91358602216179,79.57514632405963
2012-10-29,8.25,28.390969077280275,78.77373450263204
2012-10-30,8.25,29.2819407764773,82.67248441549881
2012-10-31,8.25,28.9604274868646,81.12332971238067
2012-11-01,8.25,28.960843158285282,73.9757098541653
2012-11-02,8.25,29.047221662749326,80.10123216224395
2012-11-05,8.25,29.110606264958623,77.7265512023754
2012-11-06,8.25,28.130372177041238,77.09450562578469
2012-11-07,8.25,29.418511503185467,75.42060025256163
2012-11-08,8.25,28.576777812592038,81.75332503623567
2012-11-09,8.25,28.930983901265687,82.02628667707467
2012-11-12,8.25,29.642952460332644,77.00027823803384
2012-11-13,8.25,29.889724296135057,82.23808290452698
2012-11-14,8.25,28.149752780686804,84.20536667275711
2012-11-15,8.25,29.015122413837325,79.58687108662562
2012-11-16,8.25,29.136456592583016,78.19330288765184
2012-11-19,8.25,28.246234986904277,79.85430484887365
2012-11-20,8.25,29.40129568220908,82.33740447457409
2012-11-21,8.25,29.058131338707085,82.63198926373992
2012-11-22,8.25,29.0970797978475,79.92963242842637
2012-11-23,8.25,28.541223540829034,78.16214082598253
2012-11-26,8.25,29.206443321690674,80.48596073617331
2012-11-27,8.25,29.41911197819497,79.80496985997745
2012-11-28,8.25,29.063648941862965,80.23830108465586
2012-11-29,8.25,28.743032049518472,79.22654322412991
2012-11-30,8.25,28.781965340976818,80.38345490775244
2012-12-03,8.25,29.110197853562983,76.2720118182346
2012-12-04,8.25,29.024398689190313,80.71775607766439
2012-12-05,8.25,29.452411059559697,82.27280430646049
2012-12-06,8.25,28.759870856237917,79.61963010517071
2012-12-07,8.25,28.39080969862959,80.25147492209044
2012-12-10,8.25,29.17969303866025,76.7886286627455
2012-12-11,8.25,28.761235073500647,81.04064084951708
2012-12-12,8.25,29.391840974518182,81.85400851559474
2012-12-13,8.25,29.0037693152288,83.28176627050769
2012-12-14,8.25,29.32740660218241,75.2506751372881
2012-12-17,8.25,28.492841476634606,81.05703770163454
2012-12-18,8.25,29.07169313161491,76.52032961403945
2012-12-19,8.25,28.650368396308043,80.7823169154278
2012-12-20,8.25,28.38981317346189,78.89128760673225
2012-12-21,8.25,28.56944606096449,81.0010813673363
2012-12-24,8.25,28.72776145411207,80.86192608247651
2012-12-25,8.25,29.622347263511926,80.16605501305746
2012-12-26,8.25,28.714529800253672,79.0870287081489
2012-12-27,8.25,28.36422987486089,80.32385683571503
2012-12-28,8.25,29.065738711248333,81.8771187658093
2012-12-31,8.25,29.014590330338837,80.53498355335131
2013-01-01,8.25,28.753973493994902,81.58104402851656
2013-01-02,8.25,28.919388267076936,77.22248554224558
2013-01-03,8.25,29.488113542998285,80.12842380087243
2013-01-04,8.25,29.33535288269959,79.03150960471893
2013-01-07,8.25,29.292115103436867,81.55496561534802
2013-01-08,8.25,28.408160607739884,81.06192590990642
2013-01-09,8.25,30.443274030857662,78.97264001508968
2013-01-10,8.25,29.52562610513711,80.3072511013399
2013-01-11,8.25,29.258514281595435,79.71907510522276
2013-01-14,8.25,28.417844112801394,80.78443143421975
2013-01-15,8.25,29.473865056367053,80.69705217688019
2013-01-16,8.25,28.749435744850334,80.13675604443216
2013-01-17,8.25,28.90286459768202,77.32424847358247
2013-01-18,8.25,28.15961036197036,82.96975238984878
2013-01-21,8.25,28.379258457029746,82.1110701339988
2013-01-22,8.25,29.21927324941357,80.17889608435418
2013-01-23,8.25,29.503117337635246,81.03751250881467
2013-01-24,8.25,29.342452209897516,81.20228510269861
2013-01-25,8.25,29.325409498371474,78.61884622623397
2013-01-28,8.25,28.967616771520145,82.48422701993542
2013-01-29,8.25,28.796646492316896,75.93622624666871
2013-01-30,8.25,29.144447571782695,76.59144174926016
2013-01-31,8.25,29.410704161550136,78.5705682707628
2013-02-01,8.25,29.002431127466796,80.67150935814611
2013-02-04,8.25,29.605126009956702,80.26634452206247
2013-02-05,8.25,28.892465368091997,80.14547788136193
2013-02-06,8.25,28.509860532351976,79.85706941774026
2013-02-07,8.25,28.9948188789795,79.35846263628066
2013-02-08,8.25,29.052986139129786,77.4492522697901
2013-02-11,8.25,28.958984966361797,77.24655093762492
2013-02-12,8.25,29.64032778044113,77.4316799816498
2013-02-13,8.25,29.40265099036202,77.81389322952403
2013-02-14,8.25,28.284529505689147,77.17057485417267
2013-02-15,8.25,29.767183507099144,77.12797727903322
2013-02-18,8.25,27.629291469585414,79.45232404697633
2013-02-19,8.25,30.07551218642625,82.11171816403841
2013-02-20,8.25,28.856347243221563,80.8805936817536
2013-02-21,8.25,28.90521613167425,78.14770023654852
2013-02-22,8.25,28.96999188051318,78.61988954301708
2013-02-25,8.25,29.19260271642009,83.79382008809709
2013-02-26,8.25,28.99986839936658,79.00192994894473
2013-02-27,8.25,28.933302405581365,77.82591577253584
2013-02-28,8.25,29.654459154678094,79.42357577147473
2013-03-01,8.25,29.282798039875424,78.86132780245717
2013-03-04,8.25,28.520598072814618,78.28711447070086
2013-03-05,8.25,29.37033695716786,80.06936088338227
2013-03-06,8.25,29.26205350159167,82.53347575260344
2013-03-07,8.25,28.72736313720939,77.35937314011302
2013-03-08,8.25,29.396069213181082,80.77643055332084
2013-03-11,8.25,28.92121369938848,81.97591046172082
2013-03-12,8.25,28.88916326393745,80.90101280455792
2013-03-13,8.25,28.875543441283533,82.06949067742421
2013-03-14,8.25,27.7859409715238,81.07476386022293
2013-03-15,8.25,28.7366503335327,78.60517158334865
2013-03-18,8.25,29.3565866210628,83.59176997283241
2013-03-19,8.25,28.988794378548118,81.04007140648562
2013-03-20,8.25,28.357406785072126,84.56894359115726
2013-03-21,8.25,29.48231562759602,76.27676396020388
2013-03-22,8.25,28.8506999202283,84.78040682815181
2013-03-25,8.25,28.38921225466924,81.7271045610223
2013-03-26,8.25,30.103006230835508,80.94093875493017
2013-03-27,8.25,28.473413702756122,78.15599646971594
2013-03-28,8.25,29.439745755642853,81.48273082845195
2013-03-29,8.25,28.615342949572696,82.39600303153159
2013-04-01,8.25,29.06791341728691,76.48535347149803
2013-04-02,8.25,28.548909518315913,81.14024139182729
2013-04-03,8.25,28.38034790936317,78.70743371134529
2013-04-04,8.25,29.261101272335704,81.15544816579606
2013-04-05,8.25,29.2026452725672,77.93964930074158
2013-04-08,8.25,29.57232472210953,82.54234737447396
2013-04-09,8.25,28.982809034852067,79.84015944257607
2013-04-10,8.25,30.110175897063247,81.49953716120169
2013-04-11,8.25,29.13417333371852,81.93275570598088
2013-04-12,8.25,29.283387340618606,80.59814785062686
2013-04-15,8.25,28.320785377446384,78.26227339555595
2013-04-16,8.25,28.692957842438734,81.26610053222085
2013-04-17,8.25,29.25983985025799,79.80846632559175
2013-04-18,8.25,28.95788611879321,80.38002169694478
2013-04-19,8.25,29.09384156751732,79.27003249229715
2013-04-22,8.25,28.591753122142904,76.42033238462982
2013-04-23,8.25,29.06097348673581,80.11713020695106
2013-04-24,8.25,29.05927294579587,78.8034965971138
2013-04-25,8.25,28.40978249005738,80.6001102913173
2013-04-26,8.25,29.321274922340294,79.92830062471589
2013-04-29,8.25,28.149967526541015,78.94713561286618
2013-04-30,8.25,29.09211904029884,84.26694075203004
2013-05-01,8.25,29.88279634691275,79.37516574738329
2013-05-02,8.25,29.34027526890954,80.15993543814167
2013-05-03,8.25,29.33714962301855,83.75681830081973
2013-05-06,8.25,28.55128666252566,77.98313324657245
2013-05-07,8.25,29.88453102657643,81.67989964591092
2013-05-08,8.25,29.688359047301144,78.50542119948362
2013-05-09,8.25,28.578204988552216,79.53793296547957
2013-05-10,8.25,28.76261837909256,80.79273125888818
2013-05-13,8.25,29.627328022463345,82.29283055986659
2013-05-14,8.25,29.89807368915838,77.95476239229728
2013-05-15,8.25,28.367656982454857,80.51188068192867
2013-05-16,8.25,28.49814461513771,78.514336031273
2013-05-17,8.25,28.928106621788917,81.29016373493197
2013-05-20,8.25,27.914452985278743,81.93915118973732
2013-05-21,8.25,29.00952258010471,81.3357802907829
2013-05-22,8.25,29.592871757014994,78.39002093662275
2013-05-23,8.25,28.280681491882124,77.79425132167253
2013-05-24,8.25,29.063553482487542,79.6561158724355
2013-05-27,8.25,28.709114647502343,77.54517901794826
2013-05-28,8.25,29.81997297437696,81.02818822096899
2013-05-29,8.25,28.715104068933474,82.82642752398708
2013-05-30,8.25,29.75949654387429,78.42550771607581
2013-05-31,8.25,28.701272464594386,81.04619540187797
2013-06-03,8.25,29.385587902667066,78.41503945771144
2013-06-04,8.25,29.12597280918135,82.51260587834118
2013-06-05,8.25,28.930863666742848,82.02355249079912
2013-06-06,8.25,28.604735715473012,79.84007095440141
2013-06-07,8.25,29.161547710658947,81.53025766539247
2013-06-10,8.25,28.779732368757543,81.67452930076365
2013-06-11,8.25,28.65511688759593,77.61555860150644
2013-06-12,8.25,29.73636137068786,80.98989712333133
2013-06-13,8.25,29.273765113746613,78.75566974663364
2013-06-14,8.25,29.3218194759536,80.24814951136388
2013-06-17,8.25,28.80420074069387,79.31162210522913
2013-06-18,8.25,28.907010826458347,80.05769571354789
2013-06-19,8.25,28.875711666324445,81.84079730063024
2013-06-20,8.25,29.16861945625049,77.71299322403407
2013-06-21,8.25,29.320901725921253,76.50184670094393
2013-06-24,8.25,28.984874314844213,79.10477195727549
2013-06-25,8.25,28.60367750290968,82.21089109996363
2013-06-26,8.25,29.380285228513273,78.20308357050155
2013-06-27,8.25,29.01670193410417,78.96856879951855
2013-06-28,8.25,28.27958181061451,82.33404067649967
2013-07-01,8.25,27.932352624960156,82.76916641693687
2013-07-02,8.25,29.148948587730235,81.38516976696519
2013-07-03,8.25,28.585263100561146,80.81613028527113
2013-07-04,8.25,29.215531064698226,82.00212937291933
2013-07-05,8.25,28.612190845568033,79.16934798573853
2013-07-08,8.25,29.066592886247502,81.38522720753231
2013-07-09,8.25,28.810799236018955,78.40518040467133
2013-07-10,8.25,29.875960405136652,83.23672556328916
2013-07-11,8.25,29.47515782890932,82.08629257024266
2013-07-12,8.25,29.673648450093914,81.31699895896726
2013-07-15,8.25,29.012023884559532,79.31587957003269
2013-07-16,8.25,29.41118046955744,81.38697314698496
2013-07-17,8.25,29.045825038800572,79.96298447957831
2013-07-18,8.25,29.734795683716865,78.88765814473342
2013-07-19,8.25,28.963718967371864,81.16995964222694
2013-07-22,8.25,28.301255329819604,76.19535043300228
2013-07-23,8.25,28.00068923737303,81.77360990688007
2013-07-24,8.25,29.834155559782257,77.9398505914074
2013-07-25,8.25,29.23925223707543,81.46574883932554
2013-07-26,8.25,29.27212842502087,77.0196434505375
2013-07-29,8.25,29.74482392114579,79.17274335693052
2013-07-30,8.25,28.174132528137022,80.9078903060978
2013-07-31,8.25,28.820699392384096,81.74138634831422
2013-08-01,8.25,28.881965085192483,78.61808556513095
2013-08-02,8.25,29.37113761660351,78.14965915463203
2013-08-05,8.25,28.65367988744956,82.04387338046898
2013-08-06,8.25,28.399313128242603,83.80251781304226
2013-08-07,8.25,28.394825674501448,78.1802227960153
2013-08-08,8.25,29.57470903813601,74.77083609645055
2013-08-09,8.25,28.62873395309844,83.04149755315056
2013-08-12,8.25,28.723991257839096,79.70547403872237
2013-08-13,8.25,29.317249075363954,78.18915428546912
2013-08-14,8.25,28.65052729588255,80.1163737146178
2013-08-15,8.25,28.14752578862218,83.88941662660237
2013-08-16,8.25,28.20914941313755,81.31514508472222
2013-08-19,8.25,28.971596301642272,81.56118462888323
2013-08-20,8.25,29.24866421518261,80.3235782119467
2013-08-21,8.25,28.89887737807479,80.95396977390767
2013-08-22,8.25,29.215221351904535,83.39468411567994
2013-08-23,8.25,28.19358123699618,78.19486191937213
2013-08-26,8.25,28.227348229515947,81.52020202269675
2013-08-27,8.25,30.12696795814712,79.93069380017606
2013-08-28,8.25,29.61639213606834,79.87402002144971
2013-08-29,8.25,29.384485945949258,77.71123645461859
2013-08-30,8.25,28.67013766463278,80.84166410147695
2013-09-02,8.25,28.880996904634774,81.16442797065771
2013-09-03,8.25,28.9991613414332,79.62650340519019
2013-09-04,8.25,29.657173056858262,82.8943732315768
2013-09-05,8.25,29.201391383222546,80.1666654228064
2013-09-06,8.25,29.2629569006439,75.7533004095621
2013-09-09,8.25,28.91617253244125,81.09960403732207
2013-09-10,8.25,29.396332533420043,77.6746295144487
2013-09-11,8.25,29.151161373715638,82.8568811220427
2013-09-12,8.25,29.02201136637284,83.75217838269498
2013-09-13,8.25,28.628457913906864,82.01435010894625
2013-09-16,8.25,28.943214128949183,79.9989023108835
2013-09-17,8.25,28.460233648110023,81.20190731104566
2013-09-18,8.25,28.979930497006524,78.50449855788972
2013-09-19,8.25,29.044455678982448,81.22534517352548
2013-09-20,8.25,27.797740807696844,78.41014525424116
2013-09-23,8.25,28.884830230449747,83.75917823241107
2013-09-24,8.25,28.412059897697702,78.02837539534924
2013-09-25,8.25,29.249319662758346,76.72333422701742
2013-09-26,8.25,29.318579871775498,79.67063254659799
2013-09-27,8.25,28.786830091167342,81.18462957484257
2013-09-30,8.25,29.274511043560956,84.63509495003211
2013-10-01,8.25,29.29553346816753,78.55288028944145
2013-10-02,8.25,28.885142080294116,80.12519984447331
2013-10-03,8.25,29.76714348765183,79.99830259109328
2013-10-04,8.25,28.637462531496748,77.89395864660374
2013-10-07,8.25,29.735682851626585,77.99776084259041
2013-10-08,8.25,28.887400285408397,76.22821494215935
2013-10-09,8.25,28.578336823387016,83.05489845114023
2013-10-10,8.25,28.824225762097807,78.41119137443624
2013-10-11,8.25,28.450305386135337,75.82854831405363
2013-10-14,8.25,29.3922789336946,79.22663182233057
2013-10-15,8.25,28.198615510962362,82.43716035827882
2013-10-16,8.25,29.694804276884412,81.03102435767622
2013-10-17,8.25,28.53206639912677,81.02176784710505
2013-10-18,8.25,29.418326685922978,83.23758683827513
2013-10-21,8.25,29.012112930530233,82.08396360947253
2013-10-22,8.25,29.135407641524797,74.76617485311188
2013-10-23,8.25,28.70497831436132,79.0453179165017
2013-10-24,8.25,29.176404000166567,80.86908290044428
2013-10-25,8.25,29.067487144275432,80.37857402114196
2013-10-28,8.25,28.271044465915335,81.11155238935254
2013-10-29,8.25,28.51874999853337,85.36685546234045
2013-10-30,8.25,28.729543944495095,78.0605435706773
2013-10-31,8.25,28.622501740936777,75.50074464912606
2013-11-01,8.25,29.626405472691825,75.13347955395156
2013-11-04,8.25,29.00350709192375,81.84300496425402
2013-11-05,8.25,28.61066432618006,79.67971494555209
2013-11-06,8.25,28.75461508799848,77.02212018500582
2013-11-07,8.25,28.747768458226467,79.53012141503724
2013-11-08,8.25,28.85597526399747,79.03969878693485
2013-11-11,8.25,28.4623352976402,79.29292684235612
2013-11-12,8.25,28.593034444701342,76.1735535726836
2013-11-13,8.25,29.383303455582105,81.18565302707667
2013-11-14,8.25,29.092671551683456,81.4354818342128
2013-11-15,8.25,28.9238312267299,80.25788699783271
2013-11-18,8.25,29.00131140865755,79.84746695780899
2013-11-19,8.25,28.977219621712294,80.3578706070651
2013-11-20,8.25,28.895434447634177,80.09841670144655
2013-11-21,8.25,29.25855241935374,76.44880309438638
2013-11-22,8.25,29.221579992923964,78.32415746545664
2013-11-25,8.25,28.214118513386392,80.42791740886547
2013-11-26,8.25,28.934218907045377,78.52944720879908
2013-11-27,8.25,28.247090300329617,81.76726701210735
2013-11-28,8.25,29.31778860172785,77.29678910534153
2013-11-29,8.25,29.383833278425143,84.69709399557736
2013-12-02,8.25,28.694610551179153,84.14763867854244
2013-12-03,8.25,28.94162052233264,79.43334404713453
2013-12-04,8.25,27.94427985143888,77.00583341502693
2013-12-05,8.25,29.486394907046012,78.92768906039836
2013-12-06,8.25,29.354836870125702,82.42744614479713
2013-12-09,8.25,29.57504263086876,79.32186377241466
2013-12-10,8.25,29.74327207016855,80.78811428669107
2013-12-11,8.25,28.38794535351161,80.10267029544828
2013-12-12,8.25,29.444022100819222,81.14421177544801
2013-12-13,8.25,29.73965222220923,81.00155261173228
2013-12-16,8.25,28.252711064485382,79.4069163080094
2013-12-17,8.25,28.914394394077142,82.90644100808125
2013-12-18,8.25,28.81829900838529,81.01832917016127
2013-12-19,8.25,29.42773093209575,82.36314543088967
2013-12-20,8.25,27.80302946682796,79.51036169241405
2013-12-23,8.25,29.907978848116098,79.66837468679807
2013-12-24,8.25,28.943731467902705,85.36119881440457
2013-12-25,8.25,29.458047201008572,79.92567769775023
2013-12-26,8.25,28.969881381154206,82.50694689969981
2013-12-27,8.25,29.246062525489837,77.08798814182622
2013-12-30,8.25,27.839290870691926,80.71533438085108
2013-12-31,8.25,28.807558813599645,79.18445004903779
2014-01-01,17.0,33.58023625267367,110.12759512923029
2014-01-02,17.0,32.82288184354675,107.10366805506392
2014-01-03,17.0,32.50899579329045,102.52272256659931
2014-01-06,17.0,33.44113652151704,107.66726312021049
2014-01-07,17.0,33.28842711836292,110.82796765148797
2014-01-08,17.0,33.04719695374804,108.71928202361684
2014-01-09,17.0,33.56229131422435,109.84720735440308
2014-01-10,17.0,33.59781762159728,106.77820413980396
2014-01-13,17.0,32.95858854558861,109.27365654796402
2014-01-14,17.0,33.987163193776354,107.08336170579817
2014-01-15,17.0,33.7916949767135,108.63875540421684
2014-01-16,17.0,32.00785077505469,110.34462428372248
2014-01-17,17.0,32.48494128828341,105.85021084501548
2014-01-20,17.0,31.87235409017888,104.4055802299628
2014-01-21,17.0,32.83764250263762,107.15815714732624
2014-01-22,17.0,32.39439090084997,108.65836305145929
2014-01-23,17.0,32.592840800630164,111.29438909023555
2014-01-24,17.0,33.545284073391436,108.17524027135808
2014-01-27,17.0,32.12258547013246,109.25304793346123
2014-01-28,17.0,33.06486787051541,106.62766089457234
2014-01-29,17.0,33.06183822124021,106.68365337592897
2014-01-30,17.0,32.95880535622393,108.69319003582463
2014-01-31,17.0,33.06538934098989,111.17574702979626
2014-02-03,17.0,31.88385914479212,108.04819627063037
2014-02-04,17.0,32.59522274210116,108.53160797274766
2014-02-05,17.0,33.77150043262869,106.63635590747126
2014-02-06,17.0,32.40156445724516,106.87133201315187
2014-02-07,17.0,33.8333054067821,110.24191374733164
2014-02-10,17.0,32.2965887941108,105.08906026955385
2014-02-11,17.0,32.23647968379384,106.47527546567838
2014-02-12,17.0,32.52411059136795,107.52156517640451
2014-02-13,17.0,33.56454148414346,108.21774275932896
2014-02-14,17.0,32.72693958512531,107.82018791776592
2014-02-17,17.0,33.17270349421957,109.58134553461481
2014-02-18,17.0,33.0368184610086,113.91242577787698
2014-02-19,17.0,32.97276890863484,105.88595949242553
2014-02-20,17.0,33.63705904630379,108.545214355949
2014-02-21,17.0,33.38575897049352,106.65645677212164
2014-02-24,17.0,32.42854840141881,109.85754817180273
2014-02-25,17.0,32.86221460820417,111.68262159845492
2014-02-26,17.0,33.871719910015415,107.88835411719317
2014-02-27,17.0,33.15978089458397,110.00734163909426
2014-02-28,17.0,32.24607701795434,106.0653723278315
2014-03-03,17.0,32.28148054881161,110.53438902820776
2014-03-04,17.0,33.44507265428311,111.44978325019596
2014-03-05,17.0,33.35121865858803,107.73820331446191
2014-03-06,17.0,32.539317212431335,109.34140540903861
2014-03-07,17.0,33.373815089487174,105.50630025140656
2014-03-10,17.0,33.79969606835962,106.75990094999699
2014-03-11,17.0,33.7289294198303,109.08843852934856
2014-03-12,17.0,33.802139018411225,112.7468256183952
2014-03-13,17.0,33.2777443875314,104.36108130386287
2014-03-14,17.0,32.91117009043506,108.38772939109289
2014-03-17,17.0,32.798759959766585,110.52709894712693
2014-03-18,17.0,32.991306555693576,111.66025191767899
2014-03-19,17.0,32.56198834777157,107.59950297137418
2014-03-20,17.0,32.82035063774048,110.59131627952371
2014-03-21,17.0,33.6375598741488,109.48086900541655
2014-03-24,17.0,32.19546449578125,111.55358966502374
2014-03-25,17.0,32.22966513715429,107.60452610542372
2014-03-26,17.0,33.415265302209214,108.1955778935036
2014-03-27,17.0,32.82491353765826,106.76204355785711
2014-03-28,17.0,32.03717848772083,107.41113014114295
2014-03-31,17.0,32.96933292182978,107.39951854170428
2014-04-01,17.0,32.8979392075932,106.37098613199092
2014-04-02,17.0,32.78445776175433,111.59336280328213
2014-04-03,17.0,33.34285301324074,108.12662597757051
2014-04-04,17.0,32.3334022156042,107.03944727498764
2014-04-07,17.0,33.0064927074298,107.19848595338594
2014-04-08,17.0,32.89451375269378,104.905955734481
2014-04-09,17.0,33.018912613955855,109.22277009469231
2014-04-10,17.0,32.133906920931636,106.27223964611838
2014-04-11,17.0,32.738675555929994,106.77430228802275
2014-04-14,17.0,33.00988459551861,110.27492442579764
2014-04-15,17.0,33.270579818148946,106.92695858551647
2014-04-16,17.0,33.92319825270625,108.91961287789003
2014-04-17,17.0,33.40297419436951,106.89750813164781
2014-04-18,17.0,33.23057760031671,106.98177882306659
2014-04-21,17.0,33.635737396140186,106.74106166655693
2014-04-22,17.0,32.84808877672838,107.63471791372561
2014-04-23,17.0,33.776964081817425,105.22215006656751
2014-04-24,17.0,33.559636395031056,109.52491409356139
2014-04-25,17.0,32.77706110467877,113.61813545700964
2014-04-28,17.0,33.96197758786665,109.19064463163872
2014-04-29,17.0,33.22346765745334,106.15483067884036
2014-04-30,17.0,34.09648448803087,109.35143137549811
2014-05-01,17.0,33.15159112714165,104.91246912039759
2014-05-02,17.0,32.71903507024468,106.46294079636493
2014-05-05,17.0,32.616231678323295,107.12387960984387
2014-05-06,17.0,32.82212827263353,110.09033467536253
2014-05-07,17.0,32.71435252898517,109.3964180379482
2014-05-08,17.0,33.63569427847935,105.14467898969282
2014-05-09,17.0,32.98551287772487,109.62862642579688
2014-05-12,17.0,32.19298866371879,106.88933916619675
2014-05-13,17.0,33.10650215793584,109.21629842584599
2014-05-14,17.0,33.062756521555144,106.48167672554656
2014-05-15,17.0,32.76569618941549,107.78822583658429
2014-05-16,17.0,33.133796010992135,106.35008176317349
2014-05-19,17.0,32.97794528343555,107.79461602993231
2014-05-20,17.0,33.316882683688284,105.62715539222168
2014-05-21,17.0,33.28748946934161,106.29317941113601
2014-05-22,17.0,33.182451428199535,106.72857961853953
2014-05-23,17.0,32.35057204811497,106.05919439210676
2014-05-26,17.0,34.05950836407116,107.24216119317828
2014-05-27,17.0,32.222007148333844,108.16757000533269
2014-05-28,17.0,32.93564541159245,110.65343015027398
2014-05-29,17.0,32.4527833243256,105.76107332521855
2014-05-30,17.0,33.19816908083006,105.92472936070378
2014-06-02,17.0,33.06920286240366,108.06690326057955
2014-06-03,17.0,32.9156169576899,104.72868181363593
2014-06-04,17.0,33.75888639196893,108.48867938696483
2014-06-05,17.0,33.55424795858856,108.03102958192278
2014-06-06,17.0,32.83644232845423,109.08974865732355
2014-06-09,17.0,33.402067320958125,112.47509977209286
2014-06-10,17.0,33.78234012891923,108.11708005004097
2014-06-11,17.0,33.55067251977148,106.91935578867985
2014-06-12,17.0,32.93189070726625,109.92449406028014
2014-06-13,17.0,32.20484954928524,107.97544079378271
2014-06-16,17.0,33.16232395245993,107.67208003389602
2014-06-17,17.0,33.334305167696996,111.57445206573051
2014-06-18,17.0,32.61519154985824,109.50134343720265
2014-06-19,17.0,33.01127263352902,106.09683814207544
2014-06-20,17.0,32.958556095616984,106.1564655196762
2014-06-23,17.0,33.693855317902624,105.32934899488028
2014-06-24,17.0,33.92690808779504,105.79918654949039
2014-06-25,17.0,33.58760723515035,110.256685369923
2014-06-26,17.0,32.957222158411945,106.98355207165783
2014-06-27,17.0,33.57385812347391,104.42856093766733
2014-06-30,17.0,33.324394102915136,108.9152080492271
2014-07-01,17.0,32.96255021180913,108.3386009927011
2014-07-02,17.0,34.04619514450165,107.10323617989637
2014-07-03,17.0,32.63099078005875,106.72679799196769
2014-07-04,17.0,33.30195448780477,108.03536529390671
2014-07-07,17.0,33.41978032277696,108.14654028770784
2014-07-08,17.0,32.85625058023813,108.80322848843569
2014-07-09,17.0,33.27956909393967,104.50237848058721
2014-07-10,17.0,33.472748625110576,105.80319379435443
2014-07-11,17.0,33.12231721026396,107.10451381339949
2014-07-14,17.0,33.23624778167139,105.33227315631979
2014-07-15,17.0,33.05271556147451,108.9545792518419
2014-07-16,17.0,33.398760055763354,109.35030451881487
2014-07-17,17.0,32.885510665403096,106.78671868144808
2014-07-18,17.0,32.844101108303576,109.32642452941431
2014-07-21,17.0,33.01028007692457,108.45374249675513
2014-07-22,17.0,33.59183443709915,108.46594963967185
2014-07-23,17.0,32.12631842566451,102.2445139525468
2014-07-24,17.0,32.54531534164459,107.61023751243192
2014-07-25,17.0,34.13788502414272,106.80284940403497
2014-07-28,17.0,33.13759420838715,107.71726458521199
2014-07-29,17.0,32.79648197651865,107.1488915870472
2014-07-30,17.0,33.397425917744144,105.60241360060016
2014-07-31,17.0,32.60748649989899,107.33062523394258
2014-08-01,17.0,31.948605543902506,107.17062493339506
2014-08-04,17.0,33.1773999738737,109.80385144592596
2014-08-05,17.0,32.634608082977586,107.71871074845382
2014-08-06,17.0,33.05069488906495,106.85747891450728
2014-08-07,17.0,33.16470039491924,105.50644428314314
2014-08-08,17.0,33.07105808478289,113.45395004584687
2014-08-11,17.0,32.145502293944006,109.98980587253264
2014-08-12,17.0,33.013140421293706,108.32967621478227
2014-08-13,17.0,33.222300970682205,105.16204926718163
2014-08-14,17.0,32.299970368387875,104.9640309840219
2014-08-15,17.0,32.240413220576734,111.34207405921092
2014-08-18,17.0,32.4654877070728,111.22256259682423
2014-08-19,17.0,33.37338236938012,108.54992893299503
2014-08-20,17.0,32.00084212675621,106.38025723197562
2014-08-21,17.0,33.414886925572176,106.90222703409978
2014-08-22,17.0,33.196027874145116,106.2620996941979
2014-08-25,17.0,32.87124902473404,112.1558043138987
2014-08-26,17.0,32.25968516879979,107.59178343875423
2014-08-27,17.0,32.60176622755439,109.62396170910753
2014-08-28,17.0,33.390952026005316,109.90649143259131
2014-08-29,17.0,33.62836260092168,105.43049957944534
2014-09-01,17.0,32.48431859117937,108.1578642822868
2014-09-02,17.0,33.57093175514189,107.43791547922322
2014-09-03,17.0,33.342937616354064,110.57591404017444
2014-09-04,17.0,32.99658140111761,109.2064785512338
2014-09-05,17.0,32.631072435179796,107.89180844784391
2014-09-08,17.0,32.70930498936001,108.29489825376812
2014-09-09,17.0,33.91146130807715,106.62824039226345
2014-09-10,17.0,33.08922090710653,106.10167537651425
2014-09-11,17.0,33.664934171005456,106.48707719883905
2014-09-12,17.0,33.12077899164407,108.99054081313115
2014-09-15,17.0,32.77365103720428,109.83701907584434
2014-09-16,17.0,33.29204509021757,109.2636587650897
2014-09-17,17.0,34.078917536039945,104.8671255949719
2014-09-18,17.0,32.677941669756954,108.64731471812983
2014-09-19,17.0,33.456934451723676,109.22683948206169
2014-09-22,17.0,33.09525449114381,111.40859064808876
2014-09-23,17.0,32.275240991813845,105.32782825431902
2014-09-24,17.0,32.264063078580044,110.14704046111909
2014-09-25,17.0,32.774008126530724,111.18762433277554
2014-09-26,17.0,33.17374429207046,105.80924006817315
2014-09-29,17.0,33.43918648484426,109.3000603565114
2014-09-30,17.0,32.214543473009385,104.61108991062211
2014-10-01,17.0,33.32634876007857,107.94878586748283
2014-10-02,17.0,32.9408098722349,105.92257713196067
2014-10-03,17.0,33.00165689076628,109.36431112857015
2014-10-06,17.0,33.294305923016424,107.90055042755768
2014-10-07,17.0,33.87305266005866,107.30131177913593
2014-10-08,17.0,33.15182090020305,109.22067138311533
2014-10-09,17.0,32.32163150864548,106.29454752357019
2014-10-10,17.0,32.90645374353539,108.03974967926898
2014-10-13,17.0,33.42606701157324,109.39117681554251
2014-10-14,17.0,33.44252169845827,107.33587743748447
2014-10-15,17.0,33.33291218704515,108.26238563398745
2014-10-16,17.0,32.74498442233047,107.49036563433361
2014-10-17,17.0,32.316087351191356,110.86121560998076
2014-10-20,17.0,33.294753877911965,110.82423919823722
2014-10-21,17.0,32.392881570201034,107.83550811001075
2014-10-22,17.0,33.346505508212594,107.76637707224215
2014-10-23,17.0,33.346644679347314,105.97898964072651
2014-10-24,17.0,32.76615353163449,112.51379430615955
2014-10-27,17.0,32.943768355007926,109.5654061108838
2014-10-28,17.0,33.09933893355978,109.80218298016948
2014-10-29,17.0,32.69259266333945,110.85280886537723
2014-10-30,17.0,32.309159982944976,107.9037520934498
2014-10-31,17.0,32.980390361476545,107.46407485663045
2014-11-03,17.0,33.03251630523992,110.98275876592456
2014-11-04,17.0,33.68052368182653,106.91713339295607
2014-11-05,17.0,32.60900396418607,107.63725353241155
2014-11-06,17.0,33.53424808689056,108.6225601453062
2014-11-07,17.0,32.42646526053678,105.8347467460326
2014-11-10,17.0,32.327698900150615,109.60306160568496
2014-11-11,17.0,32.84956877764536,109.09964062805784
2014-11-12,17.0,32.52954549469514,106.91801541055797
2014-11-13,17.0,32.32069209631078,110.32985947170576
2014-11-14,17.0,33.972165157907384,105.65454159264412
2014-11-17,17.0,32.77417618182203,107.26020911607058
2014-11-18,17.0,34.15565179337813,110.9882562314112
2014-11-19,17.0,32.50263310055071,107.73587273455611
2014-11-20,17.0,32.1457267166835,105.03348275538177
2014-11-21,17.0,33.64564485946416,108.48518777126336
2014-11-24,17.0,32.63667168386988,107.43734805951875
2014-11-25,17.0,33.06943289909941,109.04793916071417
2014-11-26,17.0,32.322183257493556,110.1932802514234
2014-11-27,17.0,32.98094342903498,107.86598084101398
2014-11-28,17.0,32.31418696507146,103.25549416971658
2014-12-01,11.5,56.139277890183244,62.07595755138456
2014-12-02,11.5,57.065604879003665,59.179947381343624
2014-12-03,11.5,56.52918175196209,58.35375251998315
2014-12-04,11.5,56.02173488773631,60.19230790070851
2014-12-05,11.5,56.31441535845374,59.19440569998704
2014-12-08,11.5,55.86959207223453,63.50254325309928
2014-12-09,11.5,55.86455008082244,60.63944338023633
2014-12-10,11.5,55.34829458598221,61.00039237572554
2014-12-11,11.5,55.59586919876644,58.26954388209647
2014-12-12,11.5,57.03048569257786,60.274106089623366
2014-12-15,11.5,55.39798431436071,59.86963043357445
2014-12-16,11.5,55.67225364360818,61.37258080432218
2014-12-17,11.5,55.95314066152045,61.32987092763014
2014-12-18,11.5,55.96979535262371,58.874971874307214
2014-12-19,11.5,56.19186290986548,60.25804068373448
2014-12-22,11.5,55.76543964594297,61.947718893991535
2014-12-23,11.5,56.22268818349817,58.76024486953249
2014-12-24,11.5,56.571192720573364,63.810734343020755
2014-12-25,11.5,56.63331617199075,57.65423348505366
2014-12-26,11.5,55.86624409968158,59.485466516547575
2014-12-29,11.5,56.305671714451485,58.20344658159408
2014-12-30,11.5,55.426933188929404,61.01916286432257
2014-12-31,11.5,55.639141977363835,60.0231287933015
2015-01-01,11.5,60.821593135149534,47.31466029253558
2015-01-02,11.5,60.36000682786376,52.65277126955752
2015-01-05,11.5,59.95935797438107,51.38801164741466
2015-01-06,11.5,60.52204193442218,48.317565186904304
2015-01-07,11.5,60.580653972934186,48.44567142824377
2015-01-08,11.5,59.66992061930893,52.54030567567995
2015-01-09,11.5,60.48151469308212,49.145895203120645
2015-01-12,11.5,59.88886941865079,48.315569596130196
2015-01-13,11.5,59.94826104620725,51.04323117952979
2015-01-14,11.5,60.071466641514455,51.28782122441561
2015-01-15,11.5,59.809609563829625,48.88879798419922
2015-01-16,11.5,59.782704426086994,52.864254394417515
2015-01-19,11.5,60.49236042412434,49.99651410516876
2015-01-20,11.5,59.235530547324956,51.82540138678819
2015-01-21,11.5,59.46918652727041,51.81865297004739
2015-01-22,11.5,60.33736699155524,47.35267909515203
2015-01-23,11.5,59.96355027042042,52.316109812903136
2015-01-26,11.5,60.49575632601139,52.04559718074819
2015-01-27,11.5,60.17896613906173,50.670034147596596
2015-01-28,11.5,59.333147670478176,45.176917021659236
2015-01-29,11.5,60.031417209638796,50.46876993791006
2015-01-30,11.5,60.26727390054461,48.18173805412954
2015-02-02,11.5,60.11701982926666,47.26999053097914
2015-02-03,11.5,59.765862913186275,49.68633711492926
2015-02-04,11.5,59.8630298399399,45.64031164155579
2015-02-05,11.5,59.71995742211962,49.79222868688985
2015-02-06,11.5,59.33740145919941,52.18471912471765
2015-02-09,11.5,59.26863021757613,51.09832298695282
2015-02-10,11.5,60.19501047804719,52.34441260246512
2015-02-11,11.5,59.564270817235546,49.364062641991254
2015-02-12,11.5,60.28779921372603,50.90629165746241
2015-02-13,11.5,59.702466256274235,47.82301189131798
2015-02-16,11.5,59.34342570664253,46.10834642712541
2015-02-17,11.5,59.79602818238773,47.77767174669053
2015-02-18,11.5,61.047187486209026,48.52085741804939
2015-02-19,11.5,59.95219461040848,48.44014883705473
2015-02-20,11.5,60.322933334166116,52.45606229396306
2015-02-23,11.5,60.084401904962036,49.69709331570918
2015-02-24,11.5,59.297400981916766,54.285088447288054
2015-02-25,11.5,60.724481623011584,53.049897923410704
2015-02-26,11.5,59.876089095088034,47.982505397546575
2015-02-27,11.5,59.344743717640654,52.05230031697958
2015-03-02,11.5,59.743883245778335,52.093451433374426
2015-03-03,11.5,59.8968779525129,49.28068334279017
2015-03-04,11.5,60.37473976175061,50.03965709840522
2015-03-05,11.5,59.65961840969486,48.68163482603063
2015-03-06,11.5,61.31017279999197,54.767098633905796
2015-03-09,11.5,59.531415508745695,53.232756185952695
2015-03-10,11.5,60.30599748111551,49.41798884274869
2015-03-11,11.5,59.01301362929419,53.12474279279232
2015-03-12,11.5,59.93815066687035,49.10969905549159
2015-03-13,11.5,60.18361713966106,51.90185367014907
2015-03-16,11.5,59.44020837308869,50.51191168640603
2015-03-17,11.5,60.74952274052084,49.82293717274113
2015-03-18,11.5,60.217238325592085,47.96169747031519
2015-03-19,11.5,59.84117976757678,48.8377240650195
2015-03-20,11.5,60.21183875081399,51.21827343959221
2015-03-23,11.5,59.703342919031606,50.13951190027578
2015-03-24,11.5,60.62568995120379,49.334725705836156
2015-03-25,11.5,60.50764930091109,52.91038350699262
2015-03-26,11.5,60.18669503355375,50.258719873776855
2015-03-27,11.5,60.30584602374896,50.003031674715416
2015-03-30,11.5,59.261401894949394,48.92386830871761
2015-03-31,11.5,60.73347255337223,50.59039679129191
2015-04-01,11.5,59.95032108936735,51.18597955100997
2015-04-02,11.5,60.51252282471305,50.29457323661954
2015-04-03,11.5,60.37492111176235,51.176958611855575
2015-04-06,11.5,60.504857383771935,48.67969734226705
2015-04-07,11.5,59.47611852487052,47.83312409470748
2015-04-08,11.5,59.53975032884205,49.483001070760366
2015-04-09,11.5,61.12413738441028,50.85188601387335
2015-04-10,11.5,59.24032896325382,52.06553816811449
2015-04-13,11.5,59.45119482324564,54.47127044763377
2015-04-14,11.5,60.02162199829908,51.289601267437654
2015-04-15,11.5,60.022489863664305,45.940646376765756
2015-04-16,11.5,59.729990961433764,52.34381087506429
2015-04-17,11.5,60.308039435959635,50.83270956532573
2015-04-20,11.5,60.45104171880025,48.615372658718414
2015-04-21,11.5,59.9909161835456,51.647737258101124
2015-04-22,11.5,59.8657550701558,50.84372034573828
2015-04-23,11.5,59.988868905192426,49.03385421674707
2015-04-24,11.5,59.75131960401279,50.243030030663554
2015-04-27,11.5,59.15088152890557,48.20909285816519
2015-04-28,11.5,60.150462218503776,49.60197674082828
2015-04-29,11.5,60.38291785687402,47.38870292524708
2015-04-30,11.5,59.92303636083805,50.85127448828073
2015-05-01,11.5,58.86746090904722,50.74086792135813
2015-05-04,11.5,59.714142477339124,52.268255469092814
2015-05-05,11.5,60.452861035933964,52.00648367390623
2015-05-06,11.5,59.2808757437316,48.68094076607744
2015-05-07,11.5,60.34794201105186,50.77324660242463
2015-05-08,11.5,59.777291935815114,50.842184085610754
2015-05-11,11.5,59.99061242466253,48.40065244414831
2015-05-12,11.5,59.657050244608065,51.814261014994095
2015-05-13,11.5,59.432208745191026,49.36736357650764
2015-05-14,11.5,60.71712323413519,48.70743516217982
2015-05-15,11.5,60.407919516285745,49.66369388039427
2015-05-18,11.5,60.32236051475102,46.62871691759794
2015-05-19,11.5,60.45427774110096,46.45931135939661
2015-05-20,11.5,60.251357436151245,51.16553399831986
2015-05-21,11.5,60.47206562789012,48.674659000341826
2015-05-22,11.5,59.66804962700979,47.554173452561784
2015-05-25,11.5,60.68884344363952,46.74785528093729
2015-05-26,11.5,60.644215529768665,47.458243301396344
2015-05-27,11.5,60.19024098375897,48.46212687983135
2015-05-28,11.5,59.856002726057476,46.01410388988278
2015-05-29,11.5,59.38823539067513,51.314717105971
2015-06-01,11.0,60.1143288871021,50.82993238650251
2015-06-02,11.0,60.842457589834034,48.406952255822006
2015-06-03,11.0,59.4195814133245,52.61203875102273
2015-06-04,11.0,60.509037574262805,48.57455022042478
2015-06-05,11.0,59.764280563046725,49.92389404990434
2015-06-08,11.0,59.80695110759236,52.662845005746895
2015-06-09,11.0,59.412270504368564,49.30672907058353
2015-06-10,11.0,59.623753536716514,51.5997871124645
2015-06-11,11.0,60.32339104278057,51.39299795194708
2015-06-12,11.0,60.385563784378384,49.02569740786253
2015-06-15,11.0,60.1179290405383,49.443098394502705
2015-06-16,11.0,59.749593567620074,47.26766867299125
2015-06-17,11.0,59.44822139888388,44.406244613616536
2015-06-18,11.0,60.030879233405116,48.45146763487416
2015-06-19,11.0,59.81752284789169,50.4747133102864
2015-06-22,11.0,60.10559071121872,47.55804580987966
2015-06-23,11.0,59.839381150089835,51.22755499077083
2015-06-24,11.0,59.85216760665727,49.1086426818827
2015-06-25,11.0,60.07948034305623,51.98421106882755
2015-06-26,11.0,60.17609623232186,47.851962881558755
2015-06-29,11.0,60.61196064504887,49.88401087691905
2015-06-30,11.0,59.831505832962655,47.584673738938044
2015-07-01,11.0,60.27274725852614,46.182165793861515
2015-07-02,11.0,60.90181102951604,49.474636734675904
2015-07-03,11.0,60.28603816211378,47.60093848825596
2015-07-06,11.0,60.58212549678249,49.88128351982778
2015-07-07,11.0,59.68968633036564,50.840418527093284
2015-07-08,11.0,59.63982217982583,47.09032856400854
2015-07-09,11.0,59.92031293580753,51.66024002066696
2015-07-10,11.0,59.973530057393134,47.5917044451591
2015-07-13,11.0,60.53541225855797,48.57087390492402
2015-07-14,11.0,59.635158025409325,48.66857970088494
2015-07-15,11.0,59.955686044901206,50.4305784065807
2015-07-16,11.0,60.537412623506604,51.13417928074143
2015-07-17,11.0,60.107771791699335,51.04171833140383
2015-07-20,11.0,59.994591514847706,48.60853711483958
2015-07-21,11.0,60.11924881073347,51.061597726284404
2015-07-22,11.0,59.43622374924457,51.71200828058149
2015-07-23,11.0,59.42812344287902,48.80740717439804
2015-07-24,11.0,59.2058931241832,46.87656338004451
2015-07-27,11.0,60.1033408936848,49.316818358334785
2015-07-28,11.0,60.45942737492151,52.2842524380022
2015-07-29,11.0,60.382793242301936,53.46866100976165
2015-07-30,11.0,60.57181399628241,45.730662389589014
2015-07-31,11.0,60.72711110952694,50.53087334080101
2015-08-03,11.0,60.07232369224408,50.73541240943571
2015-08-04,11.0,59.96769614111322,52.92414615226756
2015-08-05,11.0,60.73798234742123,50.33373146602212
2015-08-06,11.0,59.649492401661455,50.36990994613304
2015-08-07,11.0,59.410733689808374,49.28995038545711
2015-08-10,11.0,59.83056027371545,48.09178183381845
2015-08-11,11.0,59.772128345332895,48.86684325939626
2015-08-12,11.0,60.02416337291051,50.7842919798906
2015-08-13,11.0,59.57499015442844,47.65617583681869
2015-08-14,11.0,60.184866572381665,52.41528737326021
2015-08-17,11.0,59.71544397980476,50.53039930733835
2015-08-18,11.0,60.61410191317793,46.88484874018732
2015-08-19,11.0,59.40271724828015,50.53406527890178
2015-08-20,11.0,59.93026359197395,48.87071788785664
2015-08-21,11.0,59.83254285421125,53.31866752103324
2015-08-24,11.0,60.115444961335236,46.84051479433784
2015-08-25,11.0,60.463352241413354,49.749436984625724
2015-08-26,11.0,60.133105453194474,48.31822161261291
2015-08-27,11.0,59.93570440082439,51.39626157783262
2015-08-28,11.0,60.345627518882644,51.89540881841166
2015-08-31,11.0,60.42151238470807,47.25675979365285
2015-09-01,11.0,60.13459989835217,50.34140145252422
2015-09-02,11.0,60.19379591365325,53.430846254840816
2015-09-03,11.0,60.32331777314781,51.740832469646705
2015-09-04,11.0,59.17803663707537,53.12787093723731
2015-09-07,11.0,59.82459739427177,50.727632444143275
2015-09-08,11.0,60.18811696560433,47.2634366231332
2015-09-09,11.0,59.854196258112815,46.76485658529678
2015-09-10,11.0,59.85592655518091,48.87358765094607
2015-09-11,11.0,60.187450771399966,48.58956803665774
2015-09-14,11.0,60.19882248700772,53.42605216914402
2015-09-15,11.0,60.233529677285446,53.98508301955024
2015-09-16,11.0,59.603888269139844,51.357729081869344
2015-09-17,11.0,59.291098319722906,51.25297352722374
2015-09-18,11.0,60.402193391176255,48.22343566799288
2015-09-21,11.0,59.62879224625575,51.02104881784888
2015-09-22,11.0,59.594237321863865,47.15051287362327
2015-09-23,11.0,59.54912423729399,47.76914427437263
2015-09-24,11.0,60.57551507066777,53.009400193095885
2015-09-25,11.0,60.10601340604323,50.60745407918306
2015-09-28,11.0,60.171261699192264,51.423100633110266
2015-09-29,11.0,60.34477559161373,45.076426545054545
2015-09-30,11.0,59.97881473479222,49.090390598022026
2015-10-01,11.0,60.506344231332854,48.959578757549735
2015-10-02,11.0,59.401598422010224,52.17437111886923
2015-10-05,11.0,59.457196497123,51.89583720679206
2015-10-06,11.0,59.42961526716698,51.769020487429145
2015-10-07,11.0,60.21083424878517,50.25386649384016
2015-10-08,11.0,60.25320884809935,52.821262417569486
2015-10-09,11.0,59.76370898164325,48.40589193318853
2015-10-12,11.0,59.88378082560561,49.426126278290575
2015-10-13,11.0,60.63403530039761,53.49606049672934
2015-10-14,11.0,59.652781902023456,50.201141889442916
2015-10-15,11.0,60.147716395626645,52.575788973218856
2015-10-16,11.0,59.65714206449007,49.09549162476779
2015-10-19,11.0,60.547987162470086,50.24996422015593
2015-10-20,11.0,60.314213092136335,52.11286061224364
2015-10-21,11.0,59.300539286997704,52.66120967559488
2015-10-22,11.0,59.869599485176025,49.831598748622945
2015-10-23,11.0,58.96049660446854,47.24371554160751
2015-10-26,11.0,60.450227790505416,48.17567057979232
2015-10-27,11.0,61.02365447546072,49.22556090483804
2015-10-28,11.0,58.909779439999724,50.94930746674314
2015-10-29,11.0,59.28645065453148,48.46866876972981
2015-10-30,11.0,60.083660041784924,50.92365497353131
2015-11-02,11.0,59.99077059485527,50.58613116384287
2015-11-03,11.0,59.79457741409744,49.07713090038604
2015-11-04,11.0,59.131189991374434,46.231902843853725
2015-11-05,11.0,60.16172341498756,51.00343839307941
2015-11-06,11.0,60.44375692597349,46.61743778475054
2015-11-09,11.0,61.42349272437711,51.69191263797342
2015-11-10,11.0,60.65364396106841,54.31912451860791
2015-11-11,11.0,59.35064200402938,50.04553319811767
2015-11-12,11.0,59.994054294419115,48.97382326091965
2015-11-13,11.0,60.29603886072436,53.03646231858787
2015-11-16,11.0,59.65586927623835,49.45398049452473
2015-11-17,11.0,60.39000600077144,50.534052598308435
2015-11-18,11.0,60.35168889496847,51.33163240864851
2015-11-19,11.0,60.61867985786792,48.39417163577733
2015-11-20,11.0,60.40112137663376,53.03584319046314
2015-11-23,11.0,60.14257182505388,52.272853582050324
2015-11-24,11.0,59.681034126495554,54.487720713616504
2015-11-25,11.0,59.353460702753424,51.15940493327325
2015-11-26,11.0,60.10950806907697,49.33144129425016
2015-11-27,11.0,59.798082954144824,47.560577816140146
2015-11-30,11.0,59.84640138116343,50.259115950415925
2015-12-01,11.0,60.56089524535968,50.20557085075115
2015-12-02,11.0,60.68446200690293,52.52534625439298
2015-12-03,11.0,59.38231669187335,49.62449213378219
2015-12-04,11.0,59.894784697042404,48.551430444553745
2015-12-07,11.0,59.78339741485172,46.41543947021823
2015-12-08,11.0,60.15745432100134,49.80132789043409
2015-12-09,11.0,58.86686115551192,48.57728638471813
2015-12-10,11.0,59.26958100747861,49.20527794717815
2015-12-11,11.0,59.9412525334808,49.59365174628566
2015-12-14,11.0,60.39305760215266,50.19158336417875
2015-12-15,11.0,60.037645368726785,48.1793576657404
2015-12-16,11.0,60.33575353652885,48.627320695481515
2015-12-17,11.0,60.09865418884349,52.90149003800093
2015-12-18,11.0,60.638144786872054,49.47837069588526
2015-12-21,11.0,60.74294377441609,51.431455524196984
2015-12-22,11.0,59.619768556417256,49.228072237054825
2015-12-23,11.0,60.441822669893774,49.485429132193865
2015-12-24,11.0,60.254059774233525,52.04622347225267
2015-12-25,11.0,61.252334072541736,48.9384350261339
2015-12-28,11.0,59.60108249049294,51.74333331018195
2015-12-29,11.0,59.94163223448409,51.18356040786463
2015-12-30,11.0,59.483863183342066,49.22662716361283
2015-12-31,11.0,59.513531883949,47.70974632926066
2016-01-01,10.5,75.30085099473528,35.92241941408025
2016-01-04,10.5,74.65165745757677,34.954513346699095
2016-01-05,10.5,74.89010687453107,33.56407997479634
2016-01-06,10.5,74.49610740249749,34.17946695719106
2016-01-07,10.5,75.73111949328758,29.297644387635334
2016-01-08,10.5,75.48859023929055,34.59982096748435
2016-01-11,10.5,74.59304133057564,34.157631450615476
2016-01-12,10.5,75.30943775824744,34.087568558278456
2016-01-13,10.5,75.13929616741851,33.482807848213675
2016-01-14,10.5,74.65702353725037,36.228978358511085
2016-01-15,10.5,75.06216350431424,35.84839545596804
2016-01-18,10.5,75.42919234871727,35.56308992284926
2016-01-19,10.5,75.46995976373178,32.90353013175243
2016-01-20,10.5,76.1659918480346,33.69110254632635
2016-01-21,10.5,75.04714457658588,29.38488560304553
2016-01-22,10.5,74.88110553294435,35.84584949681136
2016-01-25,10.5,75.28107013193892,37.658484117636505
2016-01-26,10.5,74.90851873046616,30.842068293311947
2016-01-27,10.5,74.70754777985856,36.98251577251078
2016-01-28,10.5,74.53710838206678,37.33831945794306
2016-01-29,10.5,73.2861722358475,33.19491654750038
2016-02-01,10.5,75.36741971510375,40.262352537366695
2016-02-02,10.5,74.18101313396416,33.12369582669591
2016-02-03,10.5,74.56007327835282,34.04897178108608
2016-02-04,10.5,75.14622179559751,34.50050774082672
2016-02-05,10.5,74.83924660271133,36.05104010001296
2016-02-08,10.5,76.07464862458913,33.317486766220725
2016-02-09,10.5,74.24538001345974,34.02037454974402
2016-02-10,10.5,76.11936054795001,32.30884962873219
2016-02-11,10.5,75.69029230452529,35.224937431346696
2016-02-12,10.5,75.45454819254915,37.68653933247227
2016-02-15,10.5,75.71965608823876,34.58255091009611
2016-02-16,10.5,75.20230599935802,36.36818901745405
2016-02-17,10.5,74.14837350139257,34.28368896990926
2016-02-18,10.5,75.25742584055796,38.01723011953505
2016-02-19,10.5,74.2596623040715,35.14252126139817
2016-02-22,10.5,74.7358188604921,32.87871687281806
2016-02-23,10.5,74.96095895114213,35.190671224467636
2016-02-24,10.5,74.54446874104785,34.57038131643682
2016-02-25,10.5,75.47302223518224,34.525470392637956
2016-02-26,10.5,74.89312121150041,35.78890645479816
2016-02-29,10.5,75.20465411550224,31.88721884151865
2016-03-01,10.5,74.99529341881981,34.624307174045285
2016-03-02,10.5,75.06308957983674,37.153783776066774
2016-03-03,10.5,74.55656635778658,37.61087351738075
2016-03-04,10.5,74.41297927739913,33.54089021483525
2016-03-07,10.5,74.92311566482056,31.712514323919464
2016-03-08,10.5,74.51694286152589,38.00748434873516
2016-03-09,10.5,75.69677785247879,33.17940266146286
2016-03-10,10.5,74.31178245810406,34.15251995681887
2016-03-11,10.5,76.16850115552201,33.35502419468607
2016-03-14,10.5,75.15101256376364,34.840504032765025
2016-03-15,10.5,75.03466345245027,33.81226131813455
2016-03-16,10.5,74.72986687539003,36.681026828737004
2016-03-17,10.5,75.32846051617632,36.40368109583644
2016-03-18,10.5,74.89786249463948,32.38656364863936
2016-03-21,10.5,75.15023709723397,31.940355583811794
2016-03-22,10.5,75.4209115835199,32.70380769645843
2016-03-23,10.5,75.33465473459682,33.68638602163832
2016-03-24,10.5,75.61993060047385,36.160854815729486
2016-03-25,10.5,75.2689205368304,35.632789244406695
2016-03-28,10.5,74.52436615589369,38.16103487194435
2016-03-29,10.5,73.96010533191968,33.66072566415663
2016-03-30,10.5,75.10551686464548,32.824728278710154
2016-03-31,10.5,75.11273157722785,34.93583595880776
2016-04-01,10.5,75.96296490755529,31.511064891377515
2016-04-04,10.5,74.94207969153453,35.176803453507546
2016-04-05,10.5,75.18724615155712,33.826890336568354
2016-04-06,10.5,75.38858820288284,38.90743167281454
2016-04-07,10.5,75.25670406049376,34.572573747415156
2016-04-08,10.5,75.42197189590864,39.04070909669482
2016-04-11,10.5,74.59089534593707,35.857523489425326
2016-04-12,10.5,74.51181683311627,36.49095630353352
2016-04-13,10.5,74.85971958472166,35.843870998753836
2016-04-14,10.5,73.91296680515346,31.916880839665552
2016-04-15,10.5,74.98021020486601,37.73954590980457
2016-04-18,10.5,74.6702084537959,36.57229441171204
2016-04-19,10.5,75.16110666681386,35.15404563869353
2016-04-20,10.5,74.86746560549838,32.20889615308537
2016-04-21,10.5,74.49228359368269,31.617575614042696
2016-04-22,10.5,75.65542843150453,34.464811436451505
2016-04-25,10.5,75.041259552104,36.763964969707295
2016-04-26,10.5,75.43142942071263,35.168055705977764
2016-04-27,10.5,75.09175723037704,35.65005462596585
2016-04-28,10.5,75.23199756560352,38.02166127402305
2016-04-29,10.5,74.31950213767428,36.72509304859589
2016-05-02,10.5,75.63905175197814,36.37170517494852
2016-05-03,10.5,75.43934082518815,36.381598430103146
2016-05-04,10.5,74.99057984966376,35.854151117566516
2016-05-05,10.5,75.14400104693664,36.19451185717762
2016-05-06,10.5,75.50130293011313,36.009494975565836
2016-05-09,10.5,74.81399989794477,36.12972156710221
2016-05-10,10.5,74.20845979266774,42.12357407114989
2016-05-11,10.5,74.82336801280834,34.78648544951954
2016-05-12,10.5,75.07619474607738,30.517062877447216
2016-05-13,10.5,74.98378010396331,32.84733204931637
2016-05-16,10.5,75.65878307866438,37.2460789959651
2016-05-17,10.5,74.52004880554036,35.7917103208171
2016-05-18,10.5,74.5833546847666,34.42491043256767
2016-05-19,10.5,74.47097674916121,35.84442733839453
2016-05-20,10.5,75.21437054752874,36.86511391007543
2016-05-23,10.5,74.23698312346308,36.09818925969361
2016-05-24,10.5,75.37187819901665,37.85907157750348
2016-05-25,10.5,74.53355773934527,38.77403840645365
2016-05-26,10.5,74.61344882012274,36.850350896249154
2016-05-27,10.5,75.88511262999562,34.88342258452841
2016-05-30,10.5,75.61628986434783,37.70194435207067
2016-05-31,10.5,75.05960665887845,33.530512861308345
2016-06-01,10.0,74.34448092472866,32.66702959591071
2016-06-02,10.0,76.00721122832543,32.651637942586255
2016-06-03,10.0,74.90183922378206,34.498044493789784
2016-06-06,10.0,75.1237904882341,32.85274334425078
2016-06-07,10.0,75.45596688455574,35.666415121553754
2016-06-08,10.0,74.01855239673003,36.28005719283353
2016-06-09,10.0,74.67998133408419,38.67446685824421
2016-06-10,10.0,74.96596262998314,34.308945592838
2016-06-13,10.0,75.06535985585572,37.27740338525146
2016-06-14,10.0,74.34819657896517,35.53195929942135
2016-06-15,10.0,75.16316883065714,36.41149022185741
2016-06-16,10.0,75.01687020196927,38.72697795034486
2016-06-17,10.0,75.83365882451297,36.64579113834852
2016-06-20,10.0,75.50014539450285,33.48989279430819
2016-06-21,10.0,74.86537210636233,32.775029410724756
2016-06-22,10.0,74.90196525652433,32.08848574672266
2016-06-23,10.0,75.50724838516145,31.478510874081
2016-06-24,10.0,75.14181214432523,34.13248695079078
2016-06-27,10.0,74.31443329465688,35.423419297987785
2016-06-28,10.0,76.04689541764515,35.055797728839075
2016-06-29,10.0,74.50506565354235,33.76856386043869
2016-06-30,10.0,76.23948477169971,31.27007339113573
2016-07-01,10.0,75.21397746103982,37.602740950470945
2016-07-04,10.0,74.6822793551637,33.601141039280975
2016-07-05,10.0,73.81648365794061,36.04165307326056
2016-07-06,10.0,75.38838223462419,32.94740029759434
2016-07-07,10.0,74.2248447071904,31.759575772665073
2016-07-08,10.0,75.1786472791841,34.067538310937856
2016-07-11,10.0,75.96681635126119,36.12254733396909
2016-07-12,10.0,74.43116056738494,31.613528128501066
2016-07-13,10.0,75.3690277060365,34.36715853684626
2016-07-14,10.0,74.59420019257105,34.75518907825384
2016-07-15,10.0,75.56657476838446,34.15631654499334
2016-07-18,10.0,75.0329113399774,32.501320062219754
2016-07-19,10.0,74.99046830107322,34.70159718880028
2016-07-20,10.0,75.60364415573761,33.59527854011639
2016-07-21,10.0,75.31264622057512,32.08714010985103
2016-07-22,10.0,74.59765548073776,37.34961074348236
2016-07-25,10.0,75.89355671087715,36.96235339283558
2016-07-26,10.0,74.23208675799023,33.72437729760901
2016-07-27,10.0,75.13784854782381,33.811870743870614
2016-07-28,10.0,74.58856765455535,34.80268141236584
2016-07-29,10.0,74.25638764622107,36.70339312912756
2016-08-01,10.0,74.43290949510013,37.62909430530786
2016-08-02,10.0,74.97538024007969,32.06079543778726
2016-08-03,10.0,75.17486338207428,36.9017439441669
2016-08-04,10.0,75.52946591559972,35.23576491846441
2016-08-05,10.0,75.73801825469684,34.65719447814823
2016-08-08,10.0,75.13884357355202,32.58716711538388
2016-08-09,10.0,74.7784033605646,34.68256757294828
2016-08-10,10.0,75.5195086535023,34.75754299538432
2016-08-11,10.0,74.69267925787888,34.30093451327122
2016-08-12,10.0,74.20219273548433,34.657697996682586
2016-08-15,10.0,75.46950575622134,37.14289193458595
2016-08-16,10.0,75.66195592590675,35.62517634811645
2016-08-17,10.0,74.58909417596314,36.920193402968906
2016-08-18,10.0,75.9804115817495,32.141603455881196
2016-08-19,10.0,75.29152615941794,34.28794748083733
2016-08-22,10.0,75.21698098898244,34.00599416196837
2016-08-23,10.0,74.74165695059953,36.13530891322628
2016-08-24,10.0,75.50864438412178,35.47598183039231
2016-08-25,10.0,74.2378109364286,36.53049322855671
2016-08-26,10.0,74.83010477721164,38.212196169871994
2016-08-29,10.0,74.63341838201889,35.45630673408128
2016-08-30,10.0,74.3455336249263,34.93223278584289
2016-08-31,10.0,75.43149372765782,34.48429974286501
2016-09-01,10.0,75.17056923829544,31.510160268742805
2016-09-02,10.0,75.40234575259709,32.499796286892625
2016-09-05,10.0,74.86084999553825,31.75674890112162
2016-09-06,10.0,75.49253977598654,33.922811478642785
2016-09-07,10.0,75.0385708781576,34.213761517919
2016-09-08,10.0,74.76392683301377,38.45576141375088
2016-09-09,10.0,74.68055561721782,35.20027854198504
2016-09-12,10.0,74.00854811668756,35.30545816562032
2016-09-13,10.0,75.58218565170847,33.4974560063198
2016-09-14,10.0,75.52545258446737,34.71649396451818
2016-09-15,10.0,76.4636844491091,30.5867948107822
2016-09-16,10.0,74.83269014767144,36.28099868191823
2016-09-19,10.0,74.66660319886243,34.175800514498874
2016-09-20,10.0,74.14928238870455,32.566465393734475
2016-09-21,10.0,75.47998317189953,34.65855372623292
2016-09-22,10.0,75.36491321727283,36.333036465361666
2016-09-23,10.0,75.77588995964922,36.544697759722816
2016-09-26,10.0,74.54167899028904,38.59416842728183
2016-09-27,10.0,75.35818278223259,34.75532405628655
2016-09-28,10.0,74.73897971182734,32.71808814556318
2016-09-29,10.0,75.67185809697376,35.694996332790936
2016-09-30,10.0,75.26810756074615,36.955689816165446
2016-10-03,10.0,74.22215298449626,35.98304985652263
2016-10-04,10.0,74.93440148016103,35.26658169288272
2016-10-05,10.0,74.02594289881179,36.46714567194407
2016-10-06,10.0,74.41835914386587,34.30557496349694
2016-10-07,10.0,74.44860125725316,35.12886627819079
2016-10-10,10.0,74.67952927536786,35.541657685657015
2016-10-11,10.0,74.86865710799768,29.712742908413283
2016-10-12,10.0,75.08229154753803,33.667010180044436
2016-10-13,10.0,75.05727285039717,32.47742141361475
2016-10-14,10.0,74.98807008529991,32.2188460844206
2016-10-17,10.0,75.16619271402405,32.18648204070707
2016-10-18,10.0,74.37510267932956,35.205866731168186
2016-10-19,10.0,75.03658935725241,36.072063513954475
2016-10-20,10.0,75.71722951325917,32.7254152919172
2016-10-21,10.0,74.91709858656804,32.832337026164275
2016-10-24,10.0,75.24733638278323,35.81256476345522
2016-10-25,10.0,75.20081235584668,36.9886844563001
2016-10-26,10.0,75.4311342153013,35.79626760288756
2016-10-27,10.0,75.14356944986869,36.94582448429823
2016-10-28,10.0,75.42268261434967,34.633004160385
2016-10-31,10.0,75.25364568958872,36.55706861720674
2016-11-01,10.0,75.32864250434704,34.334044583234714
2016-11-02,10.0,75.22106382113918,35.70374773417503
2016-11-03,10.0,74.49660532608532,32.71290355361967
2016-11-04,10.0,74.4146178266537,37.84483954579811
2016-11-07,10.0,74.82338627074787,38.42868196514233
2016-11-08,10.0,75.77582026408817,35.36204046195737
2016-11-09,10.0,74.91417347803635,38.31042216149268
2016-11-10,10.0,75.15477974237933,35.927716865852204
2016-11-11,10.0,74.0163468387387,34.80512383336468
2016-11-14,10.0,75.09687095033405,34.09953263069494
2016-11-15,10.0,75.04295400920832,38.7207692540887
2016-11-16,10.0,73.6633405210868,34.69849498484847
2016-11-17,10.0,75.1454444709854,34.98337499054168
2016-11-18,10.0,74.17450972167238,36.85671216847727
2016-11-21,10.0,74.63732541754396,35.7652905827957
2016-11-22,10.0,75.49723600663746,34.40778228608999
2016-11-23,10.0,75.07872576341886,36.87913921064821
2016-11-24,10.0,74.77577495451511,31.83951130048718
2016-11-25,10.0,74.7329624003264,34.82103884252625
2016-11-28,10.0,74.79100388318342,35.06099683463597
2016-11-29,10.0,75.0804444772454,34.70623501440336
2016-11-30,10.0,74.39967857130208,36.66169870725742
2016-12-01,10.0,75.56220873407334,33.33072784478352
2016-12-02,10.0,74.42621816056122,34.76323553652209
2016-12-05,10.0,74.1364712335802,40.01772198379345
2016-12-06,10.0,75.49557656597354,36.43870064386442
2016-12-07,10.0,74.78153933797027,36.981326047211155
2016-12-08,10.0,75.03522979532956,34.78050716072114
2016-12-09,10.0,75.32731550850475,37.76684194993153
2016-12-12,10.0,74.64028152605272,31.837095106692527
2016-12-13,10.0,75.0685728761767,37.24971901851328
2016-12-14,10.0,75.32410749079426,34.51271107481403
2016-12-15,10.0,75.8216174429375,33.645511360678235
2016-12-16,10.0,74.7444705537506,33.50399597376406
2016-12-19,10.0,74.76852639982059,34.84083078834488
2016-12-20,10.0,75.28166330966266,36.95698260019508
2016-12-21,10.0,75.10429648202943,32.55293536540497
2016-12-22,10.0,74.93148212025258,37.993822348099556
2016-12-23,10.0,75.79634499125429,32.989123498650635
2016-12-26,10.0,74.15878136534421,34.29400443982186
2016-12-27,10.0,74.28912727477108,33.88700438086797
2016-12-28,10.0,74.1645590301223,35.086544225320836
2016-12-29,10.0,75.60083998049998,33.6972323010351
2016-12-30,10.0,75.25736166061023,33.83906307918301
2017-01-02,9.0,58.3922027153926,55.881310955917016
2017-01-03,9.0,57.52596818582033,54.909776001095786
2017-01-04,9.0,57.50121404168849,54.111963605401854
2017-01-05,9.0,58.26011455959556,52.64005724684637
2017-01-06,9.0,58.361149985312025,54.9882914283835
2017-01-09,9.0,57.887438809072755,57.946738014463605
2017-01-10,9.0,58.43449407762652,52.79471015343694
2017-01-11,9.0,58.39839380319918,57.006258504409764
2017-01-12,9.0,58.94956939506176,56.429051224373424
2017-01-13,9.0,58.36646306730964,51.575787004185266
2017-01-16,9.0,58.853601542390734,56.21704087348895
2017-01-17,9.0,58.03096458571149,55.03626445381043
2017-01-18,9.0,58.699813088054306,54.83309530766502
2017-01-19,9.0,58.71038319075294,58.99242904858943
2017-01-20,9.0,57.928693130094935,56.88264555352918
2017-01-23,9.0,57.65572980936087,53.143749953338734
2017-01-24,9.0,57.743662085907324,56.27947348045819
2017-01-25,9.0,58.20756208204799,53.16630999092191
2017-01-26,9.0,57.42514649593579,53.25050487190239
2017-01-27,9.0,57.77313456717188,55.32081277928432
2017-01-30,9.0,58.59861516864064,57.3474347928906
2017-01-31,9.0,58.33341698272271,52.02547240434036
2017-02-01,9.0,56.823680494903215,53.99242126968749
2017-02-02,9.0,57.33367646775682,57.351668123273264
2017-02-03,9.0,59.079443189853684,53.11833937811505
2017-02-06,9.0,58.589783703965864,55.06280328458753
2017-02-07,9.0,57.708536392637804,54.37868135252215
2017-02-08,9.0,57.25578391508578,57.55307467694238
2017-02-09,9.0,57.37524646873941,55.63768881837846
2017-02-10,9.0,58.254580521420856,54.402565051605976
2017-02-13,9.0,58.98846417847845,53.326796582295366
2017-02-14,9.0,58.95662875511355,59.21014315328927
2017-02-15,9.0,57.212157253255405,54.848482444541276
2017-02-16,9.0,57.85211436153942,54.54742363471173
2017-02-17,9.0,57.57147614211438,55.998725790084244
2017-02-20,9.0,58.06847515348461,56.43773305168346
2017-02-21,9.0,57.3344695938797,52.19982776676645
2017-02-22,9.0,57.72709081141092,54.61999741878278
2017-02-23,9.0,57.56636944104849,52.85531755794425
2017-02-24,9.0,58.26180229296009,53.870915428803414
2017-02-27,9.0,57.74257056431853,57.5469799694028
2017-02-28,9.0,57.814411152620956,57.30684511158414
2017-03-01,9.0,58.25545923428582,56.17762031805719
2017-03-02,9.0,58.821260419062206,52.18953071581559
2017-03-03,9.0,59.05788775235574,55.37340441210856
2017-03-06,9.0,58.22800633769043,53.84879960640409
2017-03-07,9.0,57.95571300409536,56.98382641451463
2017-03-08,9.0,58.65812365339534,53.87325208002433
2017-03-09,9.0,58.58358227350578,53.34394051591477
2017-03-10,9.0,58.44090546625444,55.72134102798313
2017-03-13,9.0,57.21032978439294,57.42700790037793
2017-03-14,9.0,58.604087701585,57.13587578985502
2017-03-15,9.0,58.17910067930552,57.59853619804624
2017-03-16,9.0,57.553148844897294,57.61691804449195
2017-03-17,9.0,57.664061971262505,58.26534141591515
2017-03-20,9.0,58.2910161444364,55.36125048178525
2017-03-21,9.0,56.744180678106346,54.11074122383712
2017-03-22,9.0,57.93726341781517,53.34899677509753
2017-03-23,9.0,57.67246872040896,57.38938037284831
2017-03-24,9.0,57.62152954422024,54.654967831921184
2017-03-27,9.0,57.7714034372359,53.180225116945316
2017-03-28,9.0,57.26029981429161,56.04523693740028
2017-03-29,9.0,58.52624002190794,52.10521763540673
2017-03-30,9.0,56.93605257768737,52.83986745850647
2017-03-31,9.0,58.084643770900435,55.43464490880923
2017-04-03,9.0,57.57622106064169,56.7640539896713
2017-04-04,9.0,58.99178934000023,54.33814785346609
2017-04-05,9.0,58.011343219242086,54.53498706913644
2017-04-06,9.0,56.93833359482147,56.573285347410845
2017-04-07,9.0,58.27341053825931,56.65806821906945
2017-04-10,9.0,57.45371164447778,50.8504647085707
2017-04-11,9.0,58.49244453054325,57.966260161920154
2017-04-12,9.0,58.30886133276668,54.34579692021597
2017-04-13,9.0,58.73629774869301,53.506899008247615
2017-04-14,9.0,58.09351587519363,54.06321256491127
2017-04-17,9.0,58.4095743964233,52.270722770267795
2017-04-18,9.0,58.02137707822121,60.09428176039543
2017-04-19,9.0,57.705173104864805,52.3896124961066
2017-04-20,9.0,58.532877465902835,52.00266051236573
2017-04-21,9.0,57.3847580145373,54.476797727897704
2017-04-24,9.0,57.981846389663765,52.240278256566434
2017-04-25,9.0,57.71571721391049,55.244033832112244
2017-04-26,9.0,58.42104703347896,58.283440394191835
2017-04-27,9.0,57.52665967750284,55.330419311712305
2017-04-28,9.0,57.795583703687505,55.67766366501446
2017-05-01,9.0,58.02195675102125,54.418084916435454
2017-05-02,9.0,58.74386152600757,52.918009537687865
2017-05-03,9.0,57.733741846418425,54.415388783740795
2017-05-04,9.0,57.799553962535335,57.1092248103217
2017-05-05,9.0,57.32589915364847,57.7150343821922
2017-05-08,9.0,57.50850261812122,55.083222327713635
2017-05-09,9.0,58.20649062620767,56.75499590401226
2017-05-10,9.0,58.01603425459935,53.4504140285009
2017-05-11,9.0,58.02405157410006,53.76959461179068
2017-05-12,9.0,58.87060746577149,51.799990836490146
2017-05-15,9.0,57.163861043414684,57.21825686859489
2017-05-16,9.0,59.15891082174484,53.84803347389148
2017-05-17,9.0,58.58913734027738,52.34404530381325
2017-05-18,9.0,57.83710349956289,56.00290879522615
2017-05-19,9.0,58.19561639342559,57.68672407077936
2017-05-22,9.0,57.658577457876646,54.257663938035186
2017-05-23,9.0,58.15961660472127,51.457835979922045
2017-05-24,9.0,59.074921699286215,54.352190865851405
2017-05-25,9.0,57.676855895873985,55.478136960735725
2017-05-26,9.0,57.88399719589083,56.190788368601
2017-05-29,9.0,57.62161688970106,56.55350789959573
2017-05-30,9.0,57.7019431941892,55.15186526007738
2017-05-31,9.0,57.79865298433219,54.48265166126446
2017-06-01,7.75,57.45255720566302,56.37132893730808
2017-06-02,7.75,57.8681939665931,52.35372619152242
2017-06-05,7.75,58.02711619792469,53.062399523781046
2017-06-06,7.75,57.7984250473474,53.545660953034485
2017-06-07,7.75,56.850452325392254,54.11635294334488
2017-06-08,7.75,57.92284114631472,52.2341872221246
2017-06-09,7.75,57.976364188977755,56.94430729705114
2017-06-12,7.75,58.94877084747174,52.575748794636816
2017-06-13,7.75,58.01340936009022,49.62324771359869
2017-06-14,7.75,58.46779303626633,56.97310059342972
2017-06-15,7.75,57.78715014582196,56.03108417089811
2017-06-16,7.75,58.649087169327004,54.87870979384472
2017-06-19,7.75,57.52772842633302,55.93669931422429
2017-06-20,7.75,58.25249460055937,55.21727025571228
2017-06-21,7.75,58.42018269054082,57.32723256959369
2017-06-22,7.75,58.34680306275058,53.463242722295384
2017-06-23,7.75,59.08207490509025,58.470225454933335
2017-06-26,7.75,57.70781767082008,56.89527407287719
2017-06-27,7.75,58.706891655140666,53.78704904934614
2017-06-28,7.75,58.57782256136277,53.46808649434722
2017-06-29,7.75,58.02473320400702,55.292901302476466
2017-06-30,7.75,58.91963052006245,52.752679705433934
2017-07-03,7.75,57.92672092301606,54.58907503032207
2017-07-04,7.75,58.011158278279616,57.69189618091247
2017-07-05,7.75,57.99725818097537,55.364985796916216
2017-07-06,7.75,57.3634071544472,59.18861486525927
2017-07-07,7.75,58.380757017130854,53.46014360332904
2017-07-10,7.75,58.3026990709128,55.904727435970244
2017-07-11,7.75,57.94766034009607,53.93522907695168
2017-07-12,7.75,58.88126727373368,54.58590223795834
2017-07-13,7.75,57.78138997130241,56.00059740230065
2017-07-14,7.75,57.135101292694465,53.532671920068516
2017-07-17,7.75,58.95110298570077,53.275804994251985
2017-07-18,7.75,58.50555465360149,54.06823616071947
2017-07-19,7.75,58.31302083122579,53.92397567344279
2017-07-20,7.75,57.83027731654257,52.98042928307989
2017-07-21,7.75,58.17104580053517,57.88928725566565
2017-07-24,7.75,57.36981085317738,54.39234518009079
2017-07-25,7.75,57.88742850783866,56.66026795159717
2017-07-26,7.75,57.54815122840611,56.51689567073675
2017-07-27,7.75,58.13094063185718,57.049811688574685
2017-07-28,7.75,58.46173422925286,52.328266696858975
2017-07-31,7.75,57.476187406912516,54.30102405504614
2017-08-01,7.75,58.36245634038421,56.373666665813644
2017-08-02,7.75,58.099874130193825,53.76929192770112
2017-08-03,7.75,58.34192619081278,57.97575455954955
2017-08-04,7.75,57.87888761731939,52.54363134213383
2017-08-07,7.75,58.352007701333385,56.640912694279514
2017-08-08,7.75,57.65209671767603,54.1070784092962
2017-08-09,7.75,57.158873951738606,57.10129293037229
2017-08-10,7.75,57.27303399733233,55.53915254872583
2017-08-11,7.75,57.74861683941462,53.30910093102758
2017-08-14,7.75,57.19373825611356,56.63982731622969
2017-08-15,7.75,58.77518628252698,51.54333110474041
2017-08-16,7.75,57.95858441862529,54.30424472654355
2017-08-17,7.75,58.45963629036655,54.08843953533348
2017-08-18,7.75,58.393534177754624,55.86446613535245
2017-08-21,7.75,58.00320857087849,49.62481299609692
2017-08-22,7.75,59.768265827436686,55.46645710151859
2017-08-23,7.75,59.46382261793442,55.745431781496784
2017-08-24,7.75,58.69594623936841,53.41146240706732
2017-08-25,7.75,57.54740569710411,54.392244299171466
2017-08-28,7.75,58.71648343130062,55.07021417728163
2017-08-29,7.75,57.125733779272444,56.89243268451432
2017-08-30,7.75,58.69837320900757,50.67015097228446
2017-08-31,7.75,56.72193910929117,54.88546782853474
2017-09-01,7.75,57.840521731931446,55.95951201271676
2017-09-04,7.75,58.604562117431165,56.25105526983099
2017-09-05,7.75,58.1925999890921,54.56285642638773
2017-09-06,7.75,57.26071249874945,56.14747274634219
2017-09-07,7.75,58.08514934146755,54.85286401510856
2017-09-08,7.75,58.192811956653735,57.253658750195335
2017-09-11,7.75,58.102392723392434,53.329698319475085
2017-09-12,7.75,57.796359972019346,53.67434803585472
2017-09-13,7.75,58.42754072470902,55.92310640540785
2017-09-14,7.75,58.57245579366298,56.292639433777815
2017-09-15,7.75,57.922904965993744,56.00460837795974
2017-09-18,7.75,58.759827416987385,54.148630313218355
2017-09-19,7.75,57.92186963611671,54.180060035299164
2017-09-20,7.75,57.75509282236331,54.97577452751966
2017-09-21,7.75,58.678455013711435,52.79647655489234
2017-09-22,7.75,58.66021151148861,53.36685833303305
2017-09-25,7.75,57.689945599650905,57.92283816385819
2017-09-26,7.75,57.617374552180365,54.66714452960488
2017-09-27,7.75,58.882192450071315,53.951814337327754
2017-09-28,7.75,57.94866901928759,53.841232729290354
2017-09-29,7.75,58.00164286720804,55.58169418658799
2017-10-02,7.75,57.873876281326034,59.21595354846894
2017-10-03,7.75,58.66080541862201,57.300609508781164
2017-10-04,7.75,59.072085748761225,52.38039170757168
2017-10-05,7.75,58.03499331464804,57.5663867201923
2017-10-06,7.75,59.20886102837557,53.33191203362543
2017-10-09,7.75,57.72274622539074,53.70428250688841
2017-10-10,7.75,57.858598981785526,54.06709770847391
2017-10-11,7.75,58.33654379676009,52.65098533548023
2017-10-12,7.75,57.59150463510833,57.57163530456357
2017-10-13,7.75,58.33010615972465,53.84039589289185
2017-10-16,7.75,57.74075266001512,50.80352385287831
2017-10-17,7.75,57.227937209999055,53.305444157374744
2017-10-18,7.75,57.12874848910475,55.395047046324024
2017-10-19,7.75,57.83810483780933,51.55964273174703
2017-10-20,7.75,58.2088058479156,55.539548853732526
2017-10-23,7.75,57.31940512732078,53.22332440427844
2017-10-24,7.75,58.089295711247836,57.23229805438896
2017-10-25,7.75,58.09071086003064,55.91046608988255
2017-10-26,7.75,57.91617896712194,55.16055450204515
2017-10-27,7.75,57.5368765090955,51.90189092954511
2017-10-30,7.75,58.120118462075155,52.420672477589186
2017-10-31,7.75,57.92883208082446,53.84324946001465
2017-11-01,7.75,58.490871670615746,54.54241144275772
2017-11-02,7.75,57.3535967399675,58.05752652933792
2017-11-03,7.75,58.056982466656684,55.59251192023804
2017-11-06,7.75,57.36407845834426,54.23372820757124
2017-11-07,7.75,57.88146300485062,57.9501187034714
2017-11-08,7.75,57.45246000581567,54.8195984713626
2017-11-09,7.75,57.541360383427936,55.868970803700776
2017-11-10,7.75,57.99807692528069,58.10740279736863
2017-11-13,7.75,57.71718685017661,56.433146912812795
2017-11-14,7.75,58.73334741676705,55.88486477011834
2017-11-15,7.75,58.58958239821618,56.162476540568086
2017-11-16,7.75,58.40237613882691,54.8694554847375
2017-11-17,7.75,58.392477730447474,55.083182318678155
2017-11-20,7.75,58.065131952232164,51.83097097434619
2017-11-21,7.75,58.65239801346823,53.58239179900163
2017-11-22,7.75,57.85297860791334,54.902896168268946
2017-11-23,7.75,59.059685968238966,55.92696925318904
2017-11-24,7.75,57.5289042567619,54.13177245803443
2017-11-27,7.75,57.43558720357115,59.77874969854989
2017-11-28,7.75,57.30251291602795,56.57222036879963
2017-11-29,7.75,57.389566680380064,55.49410158180032
2017-11-30,7.75,57.18532208390186,52.10983359413816
2017-12-01,7.75,58.10704826268961,54.88501423318334
2017-12-04,7.75,58.42691094293444,56.02188991701686
2017-12-05,7.75,58.01706870555556,54.813236347569834
2017-12-06,7.75,57.307354545610934,54.733100621479764
2017-12-07,7.75,57.76516025864062,54.68527732640159
2017-12-08,7.75,58.420742975142055,53.59391951928721
2017-12-11,7.75,57.829035610818174,52.499569930147594
2017-12-12,7.75,57.600809318307725,59.368767135703685
2017-12-13,7.75,57.24310783486625,52.994356107869194
2017-12-14,7.75,57.78862812979303,54.065057292746054
2017-12-15,7.75,57.64871868952284,55.50720777181268
2017-12-18,7.75,57.956813422577795,50.888136095999485
2017-12-19,7.75,58.23818970133992,58.106829886334715
2017-12-20,7.75,57.858764343827,57.339346014155396
2017-12-21,7.75,58.09240359819283,51.99317565286494
2017-12-22,7.75,58.23600257475397,54.353653022358955
2017-12-25,7.75,57.38509552426687,56.91254702781909
2017-12-26,7.75,58.94302064855747,54.954734688810234
2017-12-27,7.75,57.62928619624138,56.99926891338235
2017-12-28,7.75,58.25827812485292,58.054567093901575
2017-12-29,7.75,57.432007866559886,53.34139227627182
2018-01-01,7.25,55.43757733678756,69.31614786988062
2018-01-02,7.25,55.73089901848771,67.54478608178952
2018-01-03,7.25,55.93982037595189,67.24825290899744
2018-01-04,7.25,56.369516026453695,64.69662299775298
2018-01-05,7.25,55.78616345726801,70.42417364081399
2018-01-08,7.25,56.281643452494656,65.08252352607671
2018-01-09,7.25,56.58301750312463,67.85010720380589
2018-01-10,7.25,55.74678097799586,66.22675744431132
2018-01-11,7.25,57.61146422124278,66.3093926156792
2018-01-12,7.25,56.7097894542105,64.13940265795752
2018-01-15,7.25,56.13622665064626,67.57028859545619
2018-01-16,7.25,55.90910673894552,63.3388553984797
2018-01-17,7.25,55.72234005722896,62.07281915483461
2018-01-18,7.25,56.8306350061276,65.861317109683
2018-01-19,7.25,56.10524985316345,67.86755316893945
2018-01-22,7.25,55.28059035123667,64.67942999365953
2018-01-23,7.25,55.143939133833754,63.05544149340858
2018-01-24,7.25,56.05622082968029,70.66326188074274
2018-01-25,7.25,56.06722268490821,71.07597423965689
2018-01-26,7.25,55.54151461590811,68.3383279457719
2018-01-29,7.25,55.24278158957439,66.22615957799182
2018-01-30,7.25,55.01845555197359,68.03087559164535
2018-01-31,7.25,55.62033496441058,68.30272913036305
2018-02-01,7.25,55.81862597252832,68.11744526586834
2018-02-02,7.25,56.34588561771483,68.48740193452582
2018-02-05,7.25,55.9348330205249,68.14322235000623
2018-02-06,7.25,56.53199361425578,66.29740206900986
2018-02-07,7.25,56.30253574800534,67.1148961807984
2018-02-08,7.25,56.256615030421635,68.55232123001133
2018-02-09,7.25,56.489624322149986,67.83894890864285
2018-02-12,7.25,55.30665271775193,68.7861738858757
2018-02-13,7.25,55.73187807459775,65.27261280614626
2018-02-14,7.25,57.20070726367416,67.60943110002948
2018-02-15,7.25,55.04688645417843,65.38174019275176
2018-02-16,7.25,55.85110373096731,67.14489646930882
2018-02-19,7.25,56.23807433120687,65.64744290500056
2018-02-20,7.25,55.06153151208666,66.40879884948816
2018-02-21,7.25,55.623659834155255,68.83935595770703
2018-02-22,7.25,56.99799816165918,68.13331310694772
2018-02-23,7.25,56.085220243833746,65.01128691764204
2018-02-26,7.25,55.71277379915761,66.05178065132695
2018-02-27,7.25,56.105235081180325,68.65915246345175
2018-02-28,7.25,55.71182066993016,70.72458619148043
2018-03-01,7.25,56.856260792344465,68.69214937866266
2018-03-02,7.25,55.504486493412486,65.69225794429424
2018-03-05,7.25,55.73860391487867,66.66849802016277
2018-03-06,7.25,55.25388913530936,67.68264516844337
2018-03-07,7.25,55.852277412640056,67.66719590587138
2018-03-08,7.25,55.91271710627033,67.39105418518966
2018-03-09,7.25,56.59782033194755,65.23355234318949
2018-03-12,7.25,55.49163441506216,66.1162738137689
2018-03-13,7.25,56.24181425398429,67.50380173724011
2018-03-14,7.25,56.043363564658954,66.17101985233316
2018-03-15,7.25,55.053747563911955,68.97069298908738
2018-03-16,7.25,55.637349650240544,63.450408857797036
2018-03-19,7.25,55.61746905096493,69.54256377957967
2018-03-20,7.25,56.841519705204746,71.19648466124455
2018-03-21,7.25,56.27286343782555,67.7527057512253
2018-03-22,7.25,56.072335186770744,65.50371138506983
2018-03-23,7.25,53.852304507966,70.19218555383213
2018-03-26,7.25,55.045865297260605,66.37137809080089
2018-03-27,7.25,56.36389401596942,65.44146096699623
2018-03-28,7.25,56.39102139630317,67.62798427580266
2018-03-29,7.25,55.62887589793529,69.33910805856895
2018-03-30,7.25,56.01383910539289,70.8856414984135
2018-04-02,7.25,55.9783817422311,65.80399389556284
2018-04-03,7.25,56.08472296084066,67.25801393612088
2018-04-04,7.25,55.81399773353704,67.21464407314375
2018-04-05,7.25,56.40768420722785,66.06739584702223
2018-04-06,7.25,56.55305485434288,67.50443020768765
2018-04-09,7.25,55.52019181000399,68.11624514692019
2018-04-10,7.25,55.40281368413228,67.63664334302125
2018-04-11,7.25,55.601942884344886,65.12533437639578
2018-04-12,7.25,56.02435900944537,67.14328334198837
2018-04-13,7.25,56.17781562029034,64.74477551799114
2018-04-16,7.25,56.39422500250332,63.829482736118266
2018-04-17,7.25,56.485710943063694,66.9548574071717
2018-04-18,7.25,56.181224304418926,67.90767875473207
2018-04-19,7.25,56.11479591307532,67.05794459489783
2018-04-20,7.25,56.824447753595514,66.38899242036902
2018-04-23,7.25,56.00250001926048,67.61875876378697
2018-04-24,7.25,56.29502341492579,70.42960318137102
2018-04-25,7.25,56.16012732330824,67.45909148699839
2018-04-26,7.25,55.91340679512443,71.38432091996526
2018-04-27,7.25,55.916706117034046,66.66245706813638
2018-04-30,7.25,56.660978383517346,66.77476823466998
2018-05-01,7.25,55.95488484684276,67.51003629314013
2018-05-02,7.25,55.82366542133062,62.14753852610187
2018-05-03,7.25,55.63147213403923,67.28712729455927
2018-05-04,7.25,56.211267712427514,64.9919057252219
2018-05-07,7.25,55.74393098418225,68.44332043138442
2018-05-08,7.25,56.16589724442475,65.84517868179549
2018-05-09,7.25,56.0888618700068,65.70526004421176
2018-05-10,7.25,55.78630599065616,67.28791434982969
2018-05-11,7.25,55.3022078862164,65.63852985925054
2018-05-14,7.25,55.485387844661886,65.53915450604735
2018-05-15,7.25,55.564064239107005,66.89547600193194
2018-05-16,7.25,55.49798501926827,69.82418272456151
2018-05-17,7.25,56.22763391195959,66.60357829098143
2018-05-18,7.25,57.06458767333693,71.44211380008721
2018-05-21,7.25,55.74450496240854,69.41518784985708
2018-05-22,7.25,55.80786266026203,66.29990968386082
2018-05-23,7.25,55.70770872625681,67.72546333960884
2018-05-24,7.25,56.42883838031481,67.68546405194306
2018-05-25,7.25,56.21317843019669,66.77694876654446
2018-05-28,7.25,55.99168628892225,67.60254335046763
2018-05-29,7.25,55.39344426622486,65.0180146308715
2018-05-30,7.25,55.516118829876156,69.52600871271237
2018-05-31,7.25,56.087646787779065,67.14298840829575
2018-06-01,7.5,56.11164364521197,68.95002713161873
2018-06-04,7.5,55.99194535401713,65.99227995452183
2018-06-05,7.5,56.33246356363015,70.91216259762714
2018-06-06,7.5,55.388711315178995,66.53450640358913
2018-06-07,7.5,56.15179493857998,65.41290558007266
2018-06-08,7.5,56.12399316104836,62.84593879981789
2018-06-11,7.5,55.52103039066496,67.32461171786477
2018-06-12,7.5,55.697550139198775,68.5182720860836
2018-06-13,7.5,56.34656473784474,68.73864377924498
2018-06-14,7.5,55.43070417592496,67.07340991898049
2018-06-15,7.5,57.23188553496031,64.94497079408394
2018-06-18,7.5,56.27788080044588,70.23031915114183
2018-06-19,7.5,55.97133159467597,66.48449816872908
2018-06-20,7.5,55.873923832814214,62.998391526664605
2018-06-21,7.5,56.39410074932098,66.70095760284194
2018-06-22,7.5,55.79432523420183,63.02700575298087
2018-06-25,7.5,55.81484187099447,62.017070087894595
2018-06-26,7.5,56.72629413739186,66.01766651453777
2018-06-27,7.5,55.764220502567284,64.80694254468672
2018-06-28,7.5,56.0680406742527,65.76567847273984
2018-06-29,7.5,55.61989396202649,66.7610151864351
2018-07-02,7.5,56.12952023874385,64.53351587592503
2018-07-03,7.5,56.290307217220025,68.10617007679647
2018-07-04,7.5,56.84144775459591,64.93616898115289
2018-07-05,7.5,55.531325555013694,65.96615760070657
2018-07-06,7.5,55.27606289785239,67.71132904329761
2018-07-09,7.5,55.866604698108986,70.26638956924901
2018-07-10,7.5,55.69144300465696,65.87711786513451
2018-07-11,7.5,55.99227648072296,65.88139018905233
2018-07-12,7.5,56.26099416293239,68.5490243403077
2018-07-13,7.5,57.13251153791177,66.9076544983221
2018-07-16,7.5,55.77425732137278,67.010554102505
2018-07-17,7.5,54.89479815622353,67.5217830331222
2018-07-18,7.5,55.88101167524615,65.62203054036979
2018-07-19,7.5,56.17526383236165,67.35694488742928
2018-07-20,7.5,55.515184629969795,71.22807052000617
2018-07-23,7.5,56.11684122645731,66.72293644079132
2018-07-24,7.5,56.06874076767245,71.1424827619075
2018-07-25,7.5,56.12992587199946,63.94414930411574
2018-07-26,7.5,56.39566097706493,66.48746245184716
2018-07-27,7.5,55.95865435783166,66.9836959594515
2018-07-30,7.5,56.27376882825308,64.20266070185218
2018-07-31,7.5,55.10051942638484,66.39697598733282
2018-08-01,7.5,55.518810354103664,65.55148651440203
2018-08-02,7.5,55.82923283453697,65.53011077730264
2018-08-03,7.5,55.49743542999186,67.10043112072171
2018-08-06,7.5,56.003298001055796,70.23775972456347
2018-08-07,7.5,55.8281283512113,68.22873020655497
2018-08-08,7.5,55.77243300521051,68.66377203905546
2018-08-09,7.5,56.44190239844649,67.5796101791451
2018-08-10,7.5,56.04191089565731,65.17540474676802
2018-08-13,7.5,55.45814504867122,66.64918700364264
2018-08-14,7.5,55.69833880766055,67.05059240838395
2018-08-15,7.5,56.37661020846963,66.51624361448867
2018-08-16,7.5,56.09985467810949,66.41729366630234
2018-08-17,7.5,56.597970082342236,68.07408199636785
2018-08-20,7.5,56.42328312205273,68.93474115499686
2018-08-21,7.5,55.80546653555082,69.74969057413455
2018-08-22,7.5,56.717754224454076,66.85063440650433
2018-08-23,7.5,56.75890766209963,69.69109347559223
2018-08-24,7.5,55.10729022134108,66.7785102205095
2018-08-27,7.5,56.01589041004597,67.24732915265905
2018-08-28,7.5,55.725080254761984,67.82028490965254
2018-08-29,7.5,55.86976210019123,68.92854801042708
2018-08-30,7.5,55.59192459746423,70.95685208072592
2018-08-31,7.5,55.52928955886176,64.4599262715201
2018-09-03,7.5,56.45058661976613,66.46844019785635
2018-09-04,7.5,55.41596922021662,68.0912360358616
2018-09-05,7.5,56.04667728337001,64.80041318651932
2018-09-06,7.5,55.32543145514742,63.94082272247264
2018-09-07,7.5,56.63470290596755,66.63407165134213
2018-09-10,7.5,56.01501692735839,65.06017438007078
2018-09-11,7.5,56.37264609233988,68.18203480131184
2018-09-12,7.5,56.097552890600014,65.61645925839974
2018-09-13,7.5,55.873377921379245,68.04374230627022
2018-09-14,7.5,56.03418545045752,69.94731441702227
2018-09-17,7.5,56.753666709759884,70.91044109688505
2018-09-18,7.5,55.5512866695506,67.62414061425004
2018-09-19,7.5,54.72532552877416,65.50815344539882
2018-09-20,7.5,55.60656764274423,69.74079547913189
2018-09-21,7.5,55.3954562681643,67.51978761250005
2018-09-24,7.5,56.48400723224947,67.5377487747129
2018-09-25,7.5,55.91213535208766,68.05899510489489
2018-09-26,7.5,56.413725542024714,64.87555631458298
2018-09-27,7.5,56.01594579106817,64.58194672416303
2018-09-28,7.5,56.00433802091278,68.58878951965602
2018-10-01,7.5,56.081972476663346,66.17825653230229
2018-10-02,7.5,56.74001214289984,68.1712213269566
2018-10-03,7.5,56.093263787213644,66.9570588810751
2018-10-04,7.5,56.55458492489005,69.19992099648351
2018-10-05,7.5,56.52258193420859,70.31356314484086
2018-10-08,7.5,55.91835420929209,67.39341187207934
2018-10-09,7.5,55.963032741598965,68.75099422866461
2018-10-10,7.5,55.811098667083364,66.99033597064579
2018-10-11,7.5,56.64158861288922,69.64554761191486
2018-10-12,7.5,55.529468991741,64.00860695564732
2018-10-15,7.5,55.638504135944515,68.22544826789192
2018-10-16,7.5,55.86187798241256,66.25367121081483
2018-10-17,7.5,55.425923834924326,68.26514144825849
2018-10-18,7.5,55.70435260814548,66.79345201722812
2018-10-19,7.5,56.56803309612368,67.83725381759359
2018-10-22,7.5,56.32570282408672,66.29804249931145
2018-10-23,7.5,55.78962990257401,61.33478861134988
2018-10-24,7.5,56.401414455959596,69.45358307471113
2018-10-25,7.5,57.04095403433896,63.19127106959936
2018-10-26,7.5,56.156555946430984,64.91931800051087
2018-10-29,7.5,56.710179729716636,67.95193982064389
2018-10-30,7.5,56.42579440839852,67.9712914975036
2018-10-31,7.5,55.85278151575717,68.993226849035
2018-11-01,7.5,56.09864898485706,67.90905765548378
2018-11-02,7.5,56.26314123348722,69.40413657396267
2018-11-05,7.5,55.62751512816394,68.60813858167542
2018-11-06,7.5,54.6953756723279,63.74102779941177
2018-11-07,7.5,55.58296221856048,67.31917910006375
2018-11-08,7.5,54.920929525773964,65.83695856738854
2018-11-09,7.5,55.62427328667937,70.55949785980262
2018-11-12,7.5,55.14627772687627,65.7522561053363
2018-11-13,7.5,56.44005435203752,68.60863770723786
2018-11-14,7.5,55.40870124963314,64.06389074489637
2018-11-15,7.5,56.27205404447661,66.68938231052516
2018-11-16,7.5,56.38330103158674,67.23279449676308
2018-11-19,7.5,56.35075438684509,63.889567439586706
2018-11-20,7.5,55.06583190796771,66.36979235824921
2018-11-21,7.5,56.561322197701095,67.95217454068742
2018-11-22,7.5,56.210169183025734,69.02585885725598
2018-11-23,7.5,56.402132870601214,68.80262976986164
2018-11-26,7.5,56.91493813460184,67.26322206719146
2018-11-27,7.5,56.39716606855337,67.8975517371921
2018-11-28,7.5,55.408673684525276,64.78454692353088
2018-11-29,7.5,56.32664172042441,63.60157456772583
2018-11-30,7.5,55.248191553110516,66.99189010105988
2018-12-03,7.5,55.968517190581146,64.3317745716877
2018-12-04,7.5,55.74838560010992,62.534959065642255
2018-12-05,7.5,56.00507527018076,66.41199310166775
2018-12-06,7.5,55.245228914105994,66.36739707923232
2018-12-07,7.5,55.30281046181589,65.38173979105574
2018-12-10,7.5,55.77532379249044,67.7429124424451
2018-12-11,7.5,55.88873844630768,68.0470224425365
2018-12-12,7.5,55.78710246055931,67.84542934089305
2018-12-13,7.5,56.72522624900961,66.51326958030708
2018-12-14,7.5,56.211821062228815,66.13696339466455
2018-12-17,7.5,56.19809572987969,64.54788733890359
2018-12-18,7.5,55.808843829318995,66.81618210336035
2018-12-19,7.5,55.30408408015975,68.4573767886156
2018-12-20,7.5,55.99793960757951,66.71154792396226
2018-12-21,7.5,56.90363498307497,67.22187078080272
2018-12-24,7.5,56.112189813942074,67.46734842745589
2018-12-25,7.5,56.55659621361761,66.73382160597549
2018-12-26,7.5,56.61969544352476,65.635743277723
2018-12-27,7.5,56.27977062947401,66.95096114923162
2018-12-28,7.5,56.110136985867015,67.54000998337042
2018-12-31,7.5,55.506134259645165,68.10473882386667
2019-01-01,7.75,66.80109518889786,61.29057278310067
2019-01-02,7.75,66.18086038865005,62.54964178511711
2019-01-03,7.75,65.41163565853824,61.96374181533499
2019-01-04,7.75,65.15474669996917,64.47419741141296
2019-01-07,7.75,65.69261444292762,60.84612204501009
2019-01-08,7.75,66.40578066234508,65.19399826892568
2019-01-09,7.75,66.57622782935242,61.31766653214298
2019-01-10,7.75,66.09069886844554,65.26344921788224
2019-01-11,7.75,66.04001554441895,62.664212125595604
2019-01-14,7.75,65.83397718186136,66.12953485598351
2019-01-15,7.75,65.98932235594806,62.31754415337171
2019-01-16,7.75,66.60786195964164,58.87235952925311
2019-01-17,7.75,65.82668878917326,61.524814062429805
2019-01-18,7.75,66.32940046256117,61.98609931631139
2019-01-21,7.75,65.73579082048104,65.26067319982685
2019-01-22,7.75,66.50663716726385,58.47867696904003
2019-01-23,7.75,66.2893614856219,60.19235425765853
2019-01-24,7.75,66.48605972780813,62.43875865891137
2019-01-25,7.75,66.94105944836183,62.62848064355054
2019-01-28,7.75,64.70900693012483,64.50106715049462
2019-01-29,7.75,66.3768852476299,58.07117719088947
2019-01-30,7.75,66.23456347665176,60.57252783010128
2019-01-31,7.75,66.22374891141557,63.686544842068194
2019-02-01,7.75,66.120295402457,61.875599767692066
2019-02-04,7.75,66.1199411214019,63.41780569408909
2019-02-05,7.75,66.16818325651289,61.73878224477994
2019-02-06,7.75,66.45299742145797,64.07449361867161
2019-02-07,7.75,66.41314794311681,60.676516518203485
2019-02-08,7.75,65.98752070732705,61.49895343744994
2019-02-11,7.75,65.90626175592112,61.89135143698356
2019-02-12,7.75,66.01007677279036,60.55028452421715
2019-02-13,7.75,65.79356200349,62.23159379641894
2019-02-14,7.75,66.89011732527723,61.12732428650503
2019-02-15,7.75,65.36461808340064,62.63144369522377
2019-02-18,7.75,66.37489493919686,62.53014765129814
2019-02-19,7.75,66.37192019452074,60.51233882739387
2019-02-20,7.75,65.73480420444598,63.09965270240086
2019-02-21,7.75,66.14802535770626,62.48686852994069
2019-02-22,7.75,66.6314797311652,60.821127576336266
2019-02-25,7.75,65.83498713363599,63.75163011581841
2019-02-26,7.75,66.65596742468188,62.228244827285074
2019-02-27,7.75,66.5591176272874,64.14634823743528
2019-02-28,7.75,65.64506994846171,64.83772075763946
2019-03-01,7.75,65.44596958677492,59.80944473480994
2019-03-04,7.75,66.08271610893411,65.37196220751497
2019-03-05,7.75,65.37985084675617,63.103708202057874
2019-03-06,7.75,64.5476491130817,62.62072632451784
2019-03-07,7.75,65.75529385404421,60.62796817629864
2019-03-08,7.75,67.08712613951081,62.67923921181701
2019-03-11,7.75,65.77642180792066,57.558678002612645
2019-03-12,7.75,66.18975158344729,59.794343753920735
2019-03-13,7.75,66.34999494781015,58.27525786862631
2019-03-14,7.75,65.97941207010979,61.72208697459597
2019-03-15,7.75,65.83318843022293,64.71728132749172
2019-03-18,7.75,66.61435828476574,62.52053914615759
2019-03-19,7.75,66.01995815560097,63.185819228810736
2019-03-20,7.75,65.9543070497464,61.53587488144129
2019-03-21,7.75,66.39874634344176,62.02282270193327
2019-03-22,7.75,65.48521874404693,58.41409741194269
2019-03-25,7.75,65.36844383393077,64.10652839472414
2019-03-26,7.75,65.18754724841303,63.020625755290546
2019-03-27,7.75,66.28400623003604,63.56570302733567
2019-03-28,7.75,65.9181686935648,62.688661744323724
2019-03-29,7.75,66.41317891817724,61.08292297180964
2019-04-01,7.75,66.02545542539198,63.02573822269103
2019-04-02,7.75,65.31452140921384,61.4053042731846
2019-04-03,7.75,65.82219340407038,61.83676035222881
2019-04-04,7.75,66.4483979401756,64.26824729508459
2019-04-05,7.75,65.86891499151123,64.01740321746155
2019-04-08,7.75,66.59340729707642,61.04482455719099
2019-04-09,7.75,65.77321522021788,62.75392545057749
2019-04-10,7.75,66.35967891182732,64.15432925493258
2019-04-11,7.75,65.10870504299662,59.05414545562585
2019-04-12,7.75,65.88677682209162,62.229526386608754
2019-04-15,7.75,65.80646569666541,62.23223401985084
2019-04-16,7.75,65.30106499222501,58.627581892248294
2019-04-17,7.75,66.5559603385632,60.07886390836116
2019-04-18,7.75,65.6799670413783,59.550620124828534
2019-04-19,7.75,65.62836083094757,61.74227080360231
2019-04-22,7.75,66.65064971239046,62.42753555769889
2019-04-23,7.75,66.08072482184785,59.164451888762436
2019-04-24,7.75,66.38990076961072,60.5677729289223
2019-04-25,7.75,65.14864717700026,61.617101092069355
2019-04-26,7.75,65.60072908937451,65.67676849236634
2019-04-29,7.75,67.04319447964245,60.871282813031165
2019-04-30,7.75,66.42702366799173,61.88564799464911
2019-05-01,7.75,65.46333308169699,62.63368350251924
2019-05-02,7.75,66.11251527034752,65.47425211224527
2019-05-03,7.75,65.50217480624028,62.307958196163774
2019-05-06,7.75,66.6969177275247,65.56237939158949
2019-05-07,7.75,64.86512614728916,58.97691276313902
2019-05-08,7.75,66.13764867529673,63.446112977640446
2019-05-09,7.75,66.1301407365451,60.38614957251394
2019-05-10,7.75,65.44368523125073,61.50260649155339
2019-05-13,7.75,65.86342406416978,61.11081336735805
2019-05-14,7.75,66.18777168633278,59.857647027056046
2019-05-15,7.75,65.11093718309871,64.20074930427627
2019-05-16,7.75,65.36022165999435,60.013921321367725
2019-05-17,7.75,65.92244655868636,60.6949475737951
2019-05-20,7.75,65.583469814744,61.52884307407537
2019-05-21,7.75,65.76843506797574,60.650502930693754
2019-05-22,7.75,65.98996190075412,62.582946271684484
2019-05-23,7.75,65.54477018460747,58.220752910754804
2019-05-24,7.75,65.98671168026856,60.189824162364516
2019-05-27,7.75,66.1489990066239,60.47934980559874
2019-05-28,7.75,66.38943409284002,60.26652892402136
2019-05-29,7.75,65.37708610759609,64.74914948155076
2019-05-30,7.75,65.68579806538487,61.126200002305644
2019-05-31,7.75,66.29427098684471,61.02383372681613
2019-06-03,7.5,65.25895524561462,62.352174913065504
2019-06-04,7.5,66.05309501923266,64.03590068715995
2019-06-05,7.5,66.01404892016072,60.70354499604063
2019-06-06,7.5,64.70658075284749,62.50555486246452
2019-06-07,7.5,65.75282714179318,59.4387649621745
2019-06-10,7.5,66.16539096530458,62.63995549328814
2019-06-11,7.5,65.89407439594899,61.91807438099729
2019-06-12,7.5,65.76285857294758,59.89357923443831
2019-06-13,7.5,66.07808651658506,58.55619764338487
2019-06-14,7.5,66.49444765883166,64.3864017597242
2019-06-17,7.5,66.26879451224751,63.82682669677316
2019-06-18,7.5,65.62207339292091,63.05614808342989
2019-06-19,7.5,65.27050505984897,64.58672131365974
2019-06-20,7.5,66.2597335292377,63.073813377462294
2019-06-21,7.5,65.4111307402063,60.12388293893021
2019-06-24,7.5,65.73598287502341,62.397736359529
2019-06-25,7.5,66.10047243886557,65.04816077729237
2019-06-26,7.5,66.57326315239081,60.920513136882285
2019-06-27,7.5,66.64290679203685,61.400385057883796
2019-06-28,7.5,66.03034275283953,62.766790509888494
2019-07-01,7.5,65.7452540936132,65.02670957847663
2019-07-02,7.5,65.39967915467551,63.3462237058061
2019-07-03,7.5,66.97931505982052,60.291091162017985
2019-07-04,7.5,65.85505704651264,62.21406954226633
2019-07-05,7.5,66.33891432762306,62.20561543556302
2019-07-08,7.5,66.09839009172244,63.30231988719049
2019-07-09,7.5,65.75219890880888,59.246425337019296
2019-07-10,7.5,65.7310219922713,59.306219947005594
2019-07-11,7.5,65.3084375011434,61.784609988318834
2019-07-12,7.5,66.56121265671284,61.959905113382135
2019-07-15,7.5,65.93973467784782,60.30253481993948
2019-07-16,7.5,66.71478668068767,62.145916611739075
2019-07-17,7.5,65.77561624998785,62.04744335483838
2019-07-18,7.5,65.85098974817025,65.66877984026034
2019-07-19,7.5,65.43336798548215,61.20731725096283
2019-07-22,7.5,65.84427972533176,59.66996616129006
2019-07-23,7.5,65.37994049130018,64.9132990017761
2019-07-24,7.5,66.2013307279231,60.897887852921905
2019-07-25,7.5,66.05390460589561,62.83684612225867
2019-07-26,7.5,66.73743798131581,64.25873628354384
2019-07-29,7.5,65.27112209245938,65.37971572931515
2019-07-30,7.5,66.60800094836348,62.30596915212359
2019-07-31,7.5,65.51077807342058,59.66772086807739
2019-08-01,7.5,66.17211580236865,62.82078512160127
2019-08-02,7.5,65.4272807263851,61.76248524366169
2019-08-05,7.5,66.10138682347718,59.880693867655154
2019-08-06,7.5,64.7447018724505,63.910031549803755
2019-08-07,7.5,65.66470922566967,63.71690631942842
2019-08-08,7.5,66.0530495442289,64.73567313165486
2019-08-09,7.5,66.87772330923092,62.432473219018455
2019-08-12,7.5,64.93599264353557,58.68858486208504
2019-08-13,7.5,65.99886107956561,65.74788451194499
2019-08-14,7.5,65.74062773658424,59.18734770355382
2019-08-15,7.5,65.04197367993189,60.21706858087346
2019-08-16,7.5,65.4375858045121,60.95177901466868
2019-08-19,7.5,65.76444468689807,63.19778358902201
2019-08-20,7.5,66.23353839347163,61.39871806925308
2019-08-21,7.5,66.04394918084543,63.253028711600116
2019-08-22,7.5,65.34375802643356,59.74548545539211
2019-08-23,7.5,65.08298242731185,61.5279726396167
2019-08-26,7.5,66.2088244071166,63.809566888729094
2019-08-27,7.5,65.90236632484412,64.23870518148512
2019-08-28,7.5,66.80571227621188,63.59840227618216
2019-08-29,7.5,65.82372198691985,62.92356013154142
2019-08-30,7.5,66.57161544834815,60.68685194349655
2019-09-02,7.5,66.27191904346085,60.39090761295432
2019-09-03,7.5,66.4108035427643,63.53816446086194
2019-09-04,7.5,66.21620623760313,62.1705191167683
2019-09-05,7.5,66.2271659603622,60.22723237546508
2019-09-06,7.5,64.85407132738789,63.776478315757494
2019-09-09,7.5,65.88154369927796,60.83106413787113
2019-09-10,7.5,65.66819086028501,64.80166543844092
2019-09-11,7.5,66.63532691827145,61.02809702909058
2019-09-12,7.5,65.49916268891067,60.69112811025765
2019-09-13,7.5,65.85985979236149,60.82208832722722
2019-09-16,7.5,66.40043286131836,61.38596050481899
2019-09-17,7.5,66.15048269615369,63.22688911225223
2019-09-18,7.5,66.08365374462831,61.72910002705548
2019-09-19,7.5,66.5545983605863,65.24169411149603
2019-09-20,7.5,66.13004157348723,61.82966199341686
2019-09-23,7.5,65.72753285654797,59.93355062139365
2019-09-24,7.5,65.35186532184123,62.435657321027264
2019-09-25,7.5,66.24335087227149,66.05417920372614
2019-09-26,7.5,65.6149478691212,61.972502456389066
2019-09-27,7.5,65.87943064296473,58.534526358095434
2019-09-30,7.5,66.53917859597495,60.27447016171481
2019-10-01,7.5,65.88936318009236,62.65722634650279
2019-10-02,7.5,65.77788301921758,58.2234280827193
2019-10-03,7.5,65.8601926082961,65.23919715266001
2019-10-04,7.5,65.8736872653781,61.183854181089465
2019-10-07,7.5,65.50440067774129,56.19933109779155
2019-10-08,7.5,66.83867906592167,66.91981537531537
2019-10-09,7.5,65.72534051393454,64.94333468233181
2019-10-10,7.5,66.39219372968861,60.818120224867435
2019-10-11,7.5,65.49077042288518,60.20900490152821
2019-10-14,7.5,66.27476324434026,61.8112950910813
2019-10-15,7.5,66.08467785209614,65.2880975354424
2019-10-16,7.5,66.01251603630418,62.0273908520672
2019-10-17,7.5,66.08746833443736,59.16221188882018
2019-10-18,7.5,66.20797968773219,64.59014796248862
2019-10-21,7.5,65.88654883136982,63.00068077925587
2019-10-22,7.5,65.91148713878303,59.218229402287434
2019-10-23,7.5,66.2887182420064,60.61420951935862
2019-10-24,7.5,65.42902282346708,61.65782156391923
2019-10-25,7.5,65.35185051503169,61.68700431831332
2019-10-28,7.5,66.08947302717824,63.84898942530101
2019-10-29,7.5,64.99511227410248,64.20012291411653
2019-10-30,7.5,65.15858019767623,62.75334128901363
2019-10-31,7.5,66.90262333131365,64.17071049442879
2019-11-01,7.5,66.77469794904273,62.936709780723305
2019-11-04,7.5,65.7146187701949,59.977146580949935
2019-11-05,7.5,66.49958958390687,62.092521325018375
2019-11-06,7.5,66.51689994702087,60.96399308477545
2019-11-07,7.5,66.2355455877973,64.31162188089229
2019-11-08,7.5,65.96053734472034,60.6243211497965
2019-11-11,7.5,66.31322408555127,62.68723335606115
2019-11-12,7.5,66.39899418405018,60.72988756719791
2019-11-13,7.5,66.32105460363385,58.75795013929374
2019-11-14,7.5,65.22533280485032,62.17516008878898
2019-11-15,7.5,67.01653382543041,62.59613792782251
2019-11-18,7.5,67.20166383448915,64.0524970628608
2019-11-19,7.5,65.04540269085098,63.42819402177381
2019-11-20,7.5,66.25548338831004,59.56067499123535
2019-11-21,7.5,67.022861134643,61.94912432405857
2019-11-22,7.5,66.50114090116129,59.86455338955438
2019-11-25,7.5,66.50646639706916,60.370412564522006
2019-11-26,7.5,65.28074092372765,62.59237137551231
2019-11-27,7.5,66.39554737598385,63.02925766922496
2019-11-28,7.5,66.11959834899997,58.84760457804486
2019-11-29,7.5,66.38992587252314,62.646670228174756
2019-12-02,7.5,65.48223662437222,62.59787453553904
2019-12-03,7.5,65.46425460077855,59.74655804040215
2019-12-04,7.5,65.92872065628126,61.728065388425286
2019-12-05,7.5,65.8104066975318,59.86394585629746
2019-12-06,7.5,65.92128139552494,58.336731150944416
2019-12-09,7.5,65.76023430198022,64.06822189695968
2019-12-10,7.5,65.89949150499443,63.80858769042234
2019-12-11,7.5,65.66695104301677,61.64588493491669
2019-12-12,7.5,65.97586209428593,62.88806743726567
2019-12-13,7.5,65.28821836948188,59.75871081834284
2019-12-16,7.5,66.25705265041435,63.71970571162085
2019-12-17,7.5,66.13027178322895,62.345234857973594
2019-12-18,7.5,65.36908579712849,59.51054083344182
2019-12-19,7.5,66.66317936454159,62.62626598932807
2019-12-20,7.5,65.58657513457995,62.751943808960704
2019-12-23,7.5,66.5944755875423,60.99004098785561
2019-12-24,7.5,66.164712196918,58.9619529074489
2019-12-25,7.5,66.50028143916161,61.02720886984549
2019-12-26,7.5,66.0880946593211,64.26299439354156
2019-12-27,7.5,66.28341891439385,63.382575369084584
2019-12-30,7.5,66.49480199374673,62.63223170253733
2019-12-31,7.5,66.95359488075783,60.615410425650126
2020-01-01,6.0,62.8269594703453,63.482224818233526
2020-01-02,6.0,61.881807065240814,62.956316733376994
2020-01-03,6.0,61.81434854566989,62.38398176989201
2020-01-06,6.0,61.59576945646667,63.255053356393475
2020-01-07,6.0,62.17778184458672,63.86960047269845
2020-01-08,6.0,61.645884220352244,59.99797412832631
2020-01-09,6.0,61.43560728653023,62.44159016442479
2020-01-10,6.0,61.631458045112474,64.3094317950847
2020-01-13,6.0,61.52659341718291,63.31559730440248
2020-01-14,6.0,61.497021653716125,64.93583652537627
2020-01-15,6.0,62.04265443232097,60.05049216394298
2020-01-16,6.0,61.9027317021939,63.62198273305099
2020-01-17,6.0,62.274796346752815,64.53069276726804
2020-01-20,6.0,62.07361493819068,62.434321566668416
2020-01-21,6.0,61.39863914211132,62.2303207221897
2020-01-22,6.0,60.93872461390955,65.69686621430512
2020-01-23,6.0,61.471920766069104,57.15836751660134
2020-01-24,6.0,62.38188323200337,62.01192637174515
2020-01-27,6.0,62.37055493795319,61.86909048576038
2020-01-28,6.0,62.49233875976011,64.2396139173015
2020-01-29,6.0,62.41896998147339,65.0307501779806
2020-01-30,6.0,62.54357277218891,65.14049168838976
2020-01-31,6.0,62.203158192074795,61.76319644180887
2020-02-03,6.0,62.90147049213203,63.518295157898244
2020-02-04,6.0,62.14682529053177,61.95185856793644
2020-02-05,6.0,62.99963190889253,65.08101286889028
2020-02-06,6.0,61.68680571264213,63.55145797761544
2020-02-07,6.0,61.67403028701761,62.86925205889018
2020-02-10,6.0,61.90380872458998,63.38538578213965
2020-02-11,6.0,61.98126027309312,64.8621114103874
2020-02-12,6.0,61.83937798953658,63.64728298818756
2020-02-13,6.0,62.269833938981556,62.40696937918357
2020-02-14,6.0,61.94883969165923,62.60875534020215
2020-02-17,6.0,61.6964123625243,64.46340277640222
2020-02-18,6.0,61.8019858904667,60.952242648702246
2020-02-19,6.0,62.608811587541716,64.90557871278172
2020-02-20,6.0,62.158582922241685,59.126701667322905
2020-02-21,6.0,61.16186155421217,63.1456579409361
2020-02-24,6.0,62.755312209668084,61.66961065261415
2020-02-25,6.0,62.216754304855456,68.70126829466135
2020-02-26,6.0,62.319565395420405,58.35122993541451
2020-02-27,6.0,62.46453571722203,62.351333093363685
2020-02-28,6.0,62.49036605599589,61.62236196856016
2020-03-02,6.0,74.87362820475282,64.67301757707934
2020-03-03,6.0,74.54146755203577,65.50437335644253
2020-03-04,6.0,75.32501916742471,62.799479819344896
2020-03-05,6.0,74.48980877538179,57.684533640421826
2020-03-06,6.0,75.62283413173078,66.8243683275597
2020-03-09,6.0,74.89075791599461,64.99508728542486
2020-03-10,6.0,74.6701707713751,66.62404051509674
2020-03-11,6.0,75.26968272166364,62.699051022709305
2020-03-12,6.0,75.01722312906854,63.672338136301704
2020-03-13,6.0,75.37994634836328,61.93573148279368
2020-03-16,6.0,73.99947155024452,58.70269428212338
2020-03-17,6.0,75.2584257141697,62.17784340076009
2020-03-18,6.0,74.74036147876387,61.20497016382385
2020-03-19,6.0,75.01879214057897,62.815141328312464
2020-03-20,6.0,74.9559149922222,59.82894228785435
2020-03-23,6.0,75.67330804431883,64.27740992596874
2020-03-24,6.0,74.06975181661564,63.686250933395215
2020-03-25,6.0,75.80704726090377,58.74554530078373
2020-03-26,6.0,75.3532220489718,58.124657029675326
2020-03-27,6.0,75.0760682286211,61.297845626749705
2020-03-30,6.0,74.28323753246089,64.6344308789271
2020-03-31,6.0,74.16396609660507,67.27002359559603
2020-04-01,6.0,74.7195266475083,21.56135612293234
2020-04-02,6.0,75.31755151205425,24.52712095705204
2020-04-03,6.0,74.99699869206758,19.03839947641712
2020-04-06,6.0,75.28912006681028,21.196753981509165
2020-04-07,6.0,74.26832180622162,18.020828538086633
2020-04-08,6.0,75.02219983655385,19.915906565376268
2020-04-09,6.0,75.5476906875999,23.489200312730908
2020-04-10,6.0,75.72594338515782,22.973844740048378
2020-04-13,6.0,74.37301638562623,19.11192307961877
2020-04-14,6.0,74.82403881337923,21.819797011304686
2020-04-15,6.0,74.82960147228111,20.35111570221201
2020-04-16,6.0,74.68681762196896,19.84312245168284
2020-04-17,6.0,75.45388499943414,16.439862659662406
2020-04-20,6.0,76.43573768868,19.15706806142522
2020-04-21,6.0,74.44314270533462,17.917598667737483
2020-04-22,6.0,75.21238403693086,20.619289362351513
2020-04-23,6.0,75.14776623758318,18.384273779540354
2020-04-24,6.0,75.15849179018387,15.516982529708784
2020-04-27,6.0,75.6664986180813,20.692464084630227
2020-04-28,6.0,75.18664648710639,21.1707993013468
2020-04-29,6.0,73.9318509869823,18.51957242246701
2020-04-30,6.0,74.28158770569911,15.370915659462383
2020-05-01,6.0,74.46652957462638,19.3742488679061
2020-05-04,6.0,74.62571696512985,18.305385407222786
2020-05-05,6.0,74.93020908818487,17.16713835933016
2020-05-06,6.0,74.89264600835072,19.648621609227284
2020-05-07,6.0,74.0883011367371,19.231298311349526
2020-05-08,6.0,74.19564886850092,18.436324204906114
2020-05-11,6.0,73.94050910847567,20.6254679248142
2020-05-12,6.0,74.22299324159734,20.220481695251614
2020-05-13,6.0,75.49558212692952,19.180541441234947
2020-05-14,6.0,74.864773398462,20.406323342336215
2020-05-15,6.0,74.52364802982086,19.83055306903976
2020-05-18,6.0,74.04121212086463,18.136736984722724
2020-05-19,6.0,74.49358798163945,20.16242423381615
2020-05-20,6.0,75.30359133045457,21.202496546162575
2020-05-21,6.0,75.23783200944501,19.55793191873917
2020-05-22,6.0,74.87376854752353,24.958345242531614
2020-05-25,6.0,74.86648064714788,19.939554799018925
2020-05-26,6.0,74.11437397808272,20.871776801439054
2020-05-27,6.0,74.61197184788631,20.416184843399908
2020-05-28,6.0,75.27778991715066,21.25871610692874
2020-05-29,6.0,74.66259266025898,21.18037123615075
2020-06-01,4.5,75.81173820242822,18.81421400554625
2020-06-02,4.5,75.60278276218222,20.502454791417787
2020-06-03,4.5,74.7731127897669,19.408776627264793
2020-06-04,4.5,74.86731698935859,18.861020115460157
2020-06-05,4.5,76.11153762155266,19.631042228069656
2020-06-08,4.5,75.4235974580651,19.600269152712137
2020-06-09,4.5,75.03513760318603,22.622645877594866
2020-06-10,4.5,75.09285128746951,18.357564701273056
2020-06-11,4.5,75.07444615447523,20.489736482441142
2020-06-12,4.5,74.9915132030182,20.47055354561036
2020-06-15,4.5,74.46451122629313,19.492720673437518
2020-06-16,4.5,74.79884185474549,22.288114289097333
2020-06-17,4.5,74.28198024056266,21.053471178168678
2020-06-18,4.5,75.36240529914137,16.782872927725382
2020-06-19,4.5,74.93375610645947,22.968846346875647
2020-06-22,4.5,75.38774238325936,24.761146350406435
2020-06-23,4.5,74.36278597128224,23.985655030011202
2020-06-24,4.5,75.71103963180234,20.94698314156988
2020-06-25,4.5,75.64885502776102,17.811453259508717
2020-06-26,4.5,74.21278579817007,20.330156579461534
2020-06-29,4.5,74.74705990261165,17.421489058958525
2020-06-30,4.5,74.80133551322947,22.041044935800976
2020-07-01,4.5,74.28105251827643,21.128007963958375
2020-07-02,4.5,74.87006597843012,24.436966622932882
2020-07-03,4.5,75.27904593166076,21.68096009884982
2020-07-06,4.5,74.76528556953676,18.356310079451372
2020-07-07,4.5,74.14355904594562,22.72536937030776
2020-07-08,4.5,75.38624405202839,19.874082111430013
2020-07-09,4.5,74.60415206869683,19.72054909366829
2020-07-10,4.5,74.6568646302807,20.634526835200145
2020-07-13,4.5,75.84064620252191,19.06903666689897
2020-07-14,4.5,75.19832712714572,18.861040571041784
2020-07-15,4.5,74.59547024901744,24.876933497914827
2020-07-16,4.5,74.405451041791,22.469988026621905
2020-07-17,4.5,75.48294528044606,21.27842152365776
2020-07-20,4.5,75.44852248040412,20.140103838596687
2020-07-21,4.5,74.74663448163022,17.1599172789773
2020-07-22,4.5,74.37049500729972,22.051058660201893
2020-07-23,4.5,75.19279963990306,18.99006389931083
2020-07-24,4.5,75.2969609434263,19.542695157357564
2020-07-27,4.5,74.81362995432909,21.80722778103178
2020-07-28,4.5,74.44841830128428,16.87043386347293
2020-07-29,4.5,75.01237930006859,19.753713588787416
2020-07-30,4.5,75.2308746603424,20.40929861599779
2020-07-31,4.5,74.75645058199092,21.457776526100492
2020-08-03,4.5,75.13094660486306,19.1139277035
2020-08-04,4.5,75.18048684785295,16.94246489402557
2020-08-05,4.5,75.57273197111823,20.412480664092726
2020-08-06,4.5,74.78965837659011,18.260090921659717
2020-08-07,4.5,74.43037197948857,21.09173412479097
2020-08-10,4.5,74.96634016473203,22.204581109571734
2020-08-11,4.5,75.84375103332576,20.383859197975006
2020-08-12,4.5,74.11843796077835,17.535349755442574
2020-08-13,4.5,73.84347001462257,20.472485571851994
2020-08-14,4.5,74.94598071255032,20.42946680386195
2020-08-17,4.5,74.8103623483295,18.531247972250547
2020-08-18,4.5,74.89581749732598,22.671843331035817
2020-08-19,4.5,74.87721304843815,20.42204599128912
2020-08-20,4.5,75.50278848893737,20.411238805110695
2020-08-21,4.5,74.97876912322472,20.064679945132678
2020-08-24,4.5,75.40979470021433,23.503081278550898
2020-08-25,4.5,73.76124818531048,23.106297632970723
2020-08-26,4.5,74.73548088907069,19.35867118872254
2020-08-27,4.5,74.59235190692803,21.8826070166191
2020-08-28,4.5,73.85767426408952,19.933691662577715
2020-08-31,4.5,75.05169829026299,21.4310605661557
2020-09-01,4.5,74.949845008481,18.608427796499612
2020-09-02,4.5,74.76647619553233,19.62404721436064
2020-09-03,4.5,74.93701188198405,16.81171369393267
2020-09-04,4.5,75.0516952915963,19.984242323831346
2020-09-07,4.5,75.5065493377221,18.269472466282597
2020-09-08,4.5,75.32126487599268,17.34510831113057
2020-09-09,4.5,75.16427736367531,20.226834641744194
2020-09-10,4.5,76.15361936694799,17.85337099890762
2020-09-11,4.5,74.64596353011247,18.694159436057653
2020-09-14,4.5,74.3200493209353,23.863252306023508
2020-09-15,4.5,75.58707604883547,18.03791108247836
2020-09-16,4.5,75.9334190564486,19.388431931293418
2020-09-17,4.5,74.68240393667134,17.92386904634856
2020-09-18,4.5,75.68890092235087,22.811841410360557
2020-09-21,4.5,74.73327209130548,20.440055574448458
2020-09-22,4.5,75.29237650775342,22.269321422794565
2020-09-23,4.5,75.32013646260637,20.858441352509754
2020-09-24,4.5,74.68447355373965,20.43585212430901
2020-09-25,4.5,75.92336250675116,21.141681967182706
2020-09-28,4.5,75.98079131188442,16.44010739775266
2020-09-29,4.5,74.48939674569206,17.712172057858538
2020-09-30,4.5,75.10052712319076,20.977225213777494
2020-10-01,4.5,75.45725113769049,20.625379425056057
2020-10-02,4.5,74.05870833111328,17.803312559248564
2020-10-05,4.5,75.01311530657428,20.20084227358632
2020-10-06,4.5,74.17341108011489,19.466068559671157
2020-10-07,4.5,75.33374212658047,22.02108881619449
2020-10-08,4.5,75.04298659692921,20.510239028514746
2020-10-09,4.5,74.81311545349675,20.743166277542187
2020-10-12,4.5,74.21654929579542,18.539819508764268
2020-10-13,4.5,74.70069909303736,19.34214650190562
2020-10-14,4.5,75.25959849026755,18.32406406291517
2020-10-15,4.5,74.97951493948533,20.038576829624194
2020-10-16,4.5,75.59626541416941,19.990834237091054
2020-10-19,4.5,75.56387926615217,21.3957066452568
2020-10-20,4.5,75.54264736114787,22.451405350702068
2020-10-21,4.5,74.73111565869726,19.878202375553318
2020-10-22,4.5,75.14748764634126,15.5300373070687
2020-10-23,4.5,74.51738287993342,22.708995115978922
2020-10-26,4.5,74.37003279292433,21.31652870263871
2020-10-27,4.5,75.59092669899618,18.302342019342486
2020-10-28,4.5,74.40673798878747,28.404051799532
2020-10-29,4.5,74.35302314044955,20.166065509806398
2020-10-30,4.5,75.05259732802946,18.74700461067259
2020-11-02,4.5,74.86466206001249,19.137458674182085
2020-11-03,4.5,74.90789085688311,21.994909280259638
2020-11-04,4.5,76.15282725369767,18.799538834567908
2020-11-05,4.5,74.50276682449605,17.050924353500392
2020-11-06,4.5,75.24751660570963,22.526793480931488
2020-11-09,4.5,75.04334627898132,19.95815445433772
2020-11-10,4.5,75.50466946396229,18.99924174094219
2020-11-11,4.5,74.6071055634915,21.806596855695165
2020-11-12,4.5,74.88776758199505,20.25705720936404
2020-11-13,4.5,75.05707333468995,19.364202662897586
2020-11-16,4.5,74.28308940688474,19.4993196342301
2020-11-17,4.5,74.09722483532985,20.74321334785471
2020-11-18,4.5,74.98960068032483,22.26330536673798
2020-11-19,4.5,75.66881871830584,20.88677658113408
2020-11-20,4.5,74.82389813445077,23.55968126217011
2020-11-23,4.5,74.89245770244814,17.278277997544592
2020-11-24,4.5,75.57535286323301,18.1659845006591
2020-11-25,4.5,74.92559203998638,16.411528728083322
2020-11-26,4.5,75.38845448656907,19.137112550341907
2020-11-27,4.5,76.33323385526508,23.359493218397883
2020-11-30,4.5,74.7114678499426,21.272463608776583
2020-12-01,4.5,74.91147263945304,21.620447620266056
2020-12-02,4.5,75.1981090719474,20.653706008390866
2020-12-03,4.5,75.74581187812736,18.661448802841008
2020-12-04,4.5,74.94243661152193,22.97234652728073
2020-12-07,4.5,75.36463462487127,18.915800252929266
2020-12-08,4.5,75.17394255775719,19.656402696964008
2020-12-09,4.5,74.9638800171362,23.824300713299056
2020-12-10,4.5,74.78978920305552,21.102695735406847
2020-12-11,4.5,74.69539236047541,21.75523907452648
2020-12-14,4.5,76.53276294918795,19.079403226837027
2020-12-15,4.5,74.22947588751654,17.242734981125757
2020-12-16,4.5,74.27685515973953,17.326056714672006
2020-12-17,4.5,75.12237022394655,18.756096026712413
2020-12-18,4.5,75.1016329994674,19.439982243030265
2020-12-21,4.5,75.21317641492973,19.984939337936456
2020-12-22,4.5,74.56272749129967,20.451387658018305
2020-12-23,4.5,74.4867637524808,20.226943470431713
2020-12-24,4.5,74.85725158543244,21.333323168123545
2020-12-25,4.5,75.45380711944897,20.554221579281492
2020-12-28,4.5,74.49113278577822,21.995624301787263
2020-12-29,4.5,75.07556240844862,20.870581009755597
2020-12-30,4.5,74.74387023043384,20.286098245280915
2020-12-31,4.5,74.23775954602239,18.661546931797197
2021-01-01,4.25,72.93027378760972,55.51475199339947
2021-01-04,4.25,73.00986628111056,51.26142844696332
2021-01-05,4.25,73.61613719805844,54.355697962890574
2021-01-06,4.25,73.0997217748876,57.0271121997318
2021-01-07,4.25,73.19132871579765,52.97833246866935
2021-01-08,4.25,73.98124742427449,50.49870458952494
2021-01-11,4.25,72.4199466495321,50.80208065139149
2021-01-12,4.25,72.80594618330112,50.09618878339786
2021-01-13,4.25,72.43207506498466,50.680260124740066
2021-01-14,4.25,73.80325969922428,50.575590487400284
2021-01-15,4.25,73.8374218302688,56.82980396295925
2021-01-18,4.25,73.76426300978945,50.44749896591149
2021-01-19,4.25,73.2736985816154,52.294481291890115
2021-01-20,4.25,73.19025085421914,52.86872537433479
2021-01-21,4.25,72.77097926899415,52.799754123651105
2021-01-22,4.25,73.38471661831865,55.642940774479925
2021-01-25,4.25,72.35931608514025,49.09932407748153
2021-01-26,4.25,72.35760993417188,49.433313611103245
2021-01-27,4.25,72.79006381228427,50.155846763627494
2021-01-28,4.25,73.94350050321981,54.8680006855098
2021-01-29,4.25,72.74327234109185,53.08167355957814
2021-02-01,4.25,72.81081062217271,55.932062511598325
2021-02-02,4.25,73.14388608402992,48.17555799647264
2021-02-03,4.25,73.44930653184254,53.21463760367499
2021-02-04,4.25,73.62601036960554,52.926478696260354
2021-02-05,4.25,72.43981188742617,48.7320606557875
2021-02-08,4.25,72.95166257601723,52.898473938127395
2021-02-09,4.25,73.11225675961465,52.985124597379325
2021-02-10,4.25,73.16238276602395,50.70948626536348
2021-02-11,4.25,73.43289678322296,53.053366868543804
2021-02-12,4.25,73.41004199458175,49.819492493477284
2021-02-15,4.25,73.01274725318262,53.466471449676256
2021-02-16,4.25,73.57618958938838,54.37538897128616
2021-02-17,4.25,73.48439251710465,50.32785075572579
2021-02-18,4.25,73.44419096210342,53.852312641525536
2021-02-19,4.25,72.73559573564057,49.079723864583734
2021-02-22,4.25,73.356448886261,52.23662736604542
2021-02-23,4.25,73.60178383739017,52.089622221431206
2021-02-24,4.25,72.74307514665122,51.290525368830714
2021-02-25,4.25,73.06577948151238,51.249313741026555
2021-02-26,4.25,73.78237309528228,55.292304659239875
2021-03-01,4.25,73.19824517858207,46.84413148811219
2021-03-02,4.25,72.95607403928494,55.10939028272829
2021-03-03,4.25,73.73080181771422,49.38721434503453
2021-03-04,4.25,72.76475044834208,55.41456534071803
2021-03-05,4.25,72.15193717449223,54.02205768514651
2021-03-08,4.25,72.61041613204327,52.79604313639745
2021-03-09,4.25,73.56800470027336,54.431334031155764
2021-03-10,4.25,73.26034683233345,51.04865477475294
2021-03-11,4.25,73.03405574647434,53.09077204274544
2021-03-12,4.25,73.53056475968359,51.74114408891994
2021-03-15,4.25,73.08342930481382,52.643786241481685
2021-03-16,4.25,72.88883101467259,53.7146957148322
2021-03-17,4.25,73.41756023802753,53.203468719333884
2021-03-18,4.25,72.8089874062908,51.22208297957143
2021-03-19,4.25,73.24512308438572,52.20132562509519
2021-03-22,4.25,72.6026339893492,51.75086912762026
2021-03-23,4.25,72.47272611679976,50.71359475151907
2021-03-24,4.25,72.56713627875226,54.088409974127316
2021-03-25,4.25,72.98696767082333,54.621657123876815
2021-03-26,4.25,72.67602382454798,56.733022740049414
2021-03-29,4.25,72.69006250427513,50.54776235120159
2021-03-30,4.25,72.92327919615828,54.16423331751373
2021-03-31,4.25,72.96388978092027,52.76378441026214
2021-04-01,4.25,72.22447441913108,51.465389581207965
2021-04-02,4.25,71.73878838390827,53.75505575286803
2021-04-05,4.25,73.19998409628086,52.12403281830958
2021-04-06,4.25,73.06961058875821,51.828487635684226
2021-04-07,4.25,72.31488251612149,51.896163309252955
2021-04-08,4.25,73.21813914785274,50.59334767062531
2021-04-09,4.25,73.21722605812022,54.537302562107755
2021-04-12,4.25,72.84889376854954,52.32105196798746
2021-04-13,4.25,73.97968315605576,53.57846027577922
2021-04-14,4.25,73.63460582962182,55.218037681950136
2021-04-15,4.25,72.80046435261401,50.21342431803135
2021-04-16,4.25,72.80978946734115,57.00422427251229
2021-04-19,4.25,72.27105966592285,52.1976329549101
2021-04-20,4.25,73.61236293007342,52.88468651649824
2021-04-21,4.25,73.12341002646549,53.58171387285557
2021-04-22,4.25,73.41153048874517,50.20995726482523
2021-04-23,4.25,71.93302426359803,50.39361430938707
2021-04-26,4.25,73.38876433139151,51.49195931112879
2021-04-27,4.25,72.74517663039802,52.24812677494562
2021-04-28,4.25,73.2921521619693,50.387152647727966
2021-04-29,4.25,73.26061213484104,49.24531118493485
2021-04-30,4.25,72.9896769342849,54.31011548654048
2021-05-03,4.25,72.65133199796735,49.81168019256304
2021-05-04,4.25,73.19943080532308,53.82951282036279
2021-05-05,4.25,72.58204434188497,49.619019374775284
2021-05-06,4.25,73.52528695017632,50.64181504605644
2021-05-07,4.25,72.63917531170226,51.64759612674786
2021-05-10,4.25,73.01137174988077,56.56856780862883
2021-05-11,4.25,72.62710358725043,52.38156325942233
2021-05-12,4.25,73.07936816646992,52.53473841859579
2021-05-13,4.25,72.48411968916402,51.722013748172635
2021-05-14,4.25,72.59542799749647,50.22618007317345
2021-05-17,4.25,74.14726475431512,53.363851992270845
2021-05-18,4.25,73.42210863969129,52.05868212261809
2021-05-19,4.25,73.18472471373568,54.812730372616386
2021-05-20,4.25,73.25705848269008,49.700014189196786
2021-05-21,4.25,73.15282032763953,54.68403114575963
2021-05-24,4.25,72.95555398396542,52.46462517671602
2021-05-25,4.25,73.37836009178409,50.425050375472274
2021-05-26,4.25,72.58650765194656,52.61235738272002
2021-05-27,4.25,73.79776765801397,50.369728240625165
2021-05-28,4.25,73.0601675004767,54.391168170186376
2021-05-31,4.25,73.40085263445962,51.77096545349315
2021-06-01,8.5,73.78669128783055,50.397514690943225
2021-06-02,8.5,73.2456037351256,50.89038225584992
2021-06-03,8.5,72.59475586738246,50.422299236255384
2021-06-04,8.5,73.60977209568807,55.07492226520337
2021-06-07,8.5,73.84809530543455,49.74331849331021
2021-06-08,8.5,72.026738918529,51.86377469760786
2021-06-09,8.5,72.94906301344555,52.514518145520825
2021-06-10,8.5,73.14571913204658,51.118804335066116
2021-06-11,8.5,72.86797253589346,49.30263076345155
2021-06-14,8.5,72.37702889865201,56.18652341039699
2021-06-15,8.5,72.55847322210548,51.34945585723552
2021-06-16,8.5,72.07543791958639,49.37534468445795
2021-06-17,8.5,73.47755434039952,50.44434151069566
2021-06-18,8.5,73.68677844937606,52.24052314129649
2021-06-21,8.5,73.67981413637573,51.651895925552516
2021-06-22,8.5,72.98521498226262,49.194852355531665
2021-06-23,8.5,73.13595845365977,52.60939193105648
2021-06-24,8.5,73.53496159958212,49.65902352508806
2021-06-25,8.5,72.88355700061088,53.5483914540954
2021-06-28,8.5,72.52535916877696,52.77791068386153
2021-06-29,8.5,72.71464157489315,51.39834797049174
2021-06-30,8.5,73.0877739349959,58.517409365940125
2021-07-01,8.5,72.64318077220462,50.87364205280032
2021-07-02,8.5,73.23664845145237,51.75951462605819
2021-07-05,8.5,72.32244824251485,55.128507747477485
2021-07-06,8.5,72.87867339432124,53.59285547539995
2021-07-07,8.5,73.20277483564814,50.20414124743376
2021-07-08,8.5,73.06625584871934,52.77339997783177
2021-07-09,8.5,72.63243924361905,54.009775738068356
2021-07-12,8.5,73.36752386741078,46.72272175263221
2021-07-13,8.5,73.13124462512319,51.212406974579814
2021-07-14,8.5,71.95550172256176,55.64710044339235
2021-07-15,8.5,73.2276588456538,50.630939891683774
2021-07-16,8.5,72.78890123634025,54.96903007069953
2021-07-19,8.5,72.73751757348012,50.49237171391338
2021-07-20,8.5,72.58503719036793,52.43334990796857
2021-07-21,8.5,72.49848629131,52.16361199360133
2021-07-22,8.5,73.10329161362982,50.5419872348039
2021-07-23,8.5,73.27301307358246,48.49324155989061
2021-07-26,8.5,73.07658617296983,53.65395019487327
2021-07-27,8.5,73.47472674334489,50.82055453242324
2021-07-28,8.5,73.29070229928493,56.06416220510525
2021-07-29,8.5,71.99651896747551,51.41647491313894
2021-07-30,8.5,72.54174004149681,51.72288532888719
2021-08-02,8.5,73.59420961073448,52.94350602567436
2021-08-03,8.5,72.36530821514752,50.48537732103792
2021-08-04,8.5,71.63248599604762,51.93746570100025
2021-08-05,8.5,73.91572501553173,48.712632009421725
2021-08-06,8.5,73.14830626526629,53.781599302141764
2021-08-09,8.5,72.65847159980439,48.89481491091453
2021-08-10,8.5,72.57580044672967,53.74386979965882
2021-08-11,8.5,73.31470307918802,51.34397074220365
2021-08-12,8.5,73.2389989402511,50.67332903984936
2021-08-13,8.5,73.16360116997406,51.098345133308484
2021-08-16,8.5,72.90562523434672,52.91058322296644
2021-08-17,8.5,72.35970846382705,52.84358266939059
2021-08-18,8.5,72.98201759623039,51.15529619655202
2021-08-19,8.5,73.53257251497591,50.339601516114776
2021-08-20,8.5,72.72902450389984,49.608262030648795
2021-08-23,8.5,73.30053439139827,47.31317490028838
2021-08-24,8.5,72.79768437046695,54.480135291482824
2021-08-25,8.5,73.40062207025642,52.60449726497686
2021-08-26,8.5,72.51002685160186,54.50256401724746
2021-08-27,8.5,73.00684381073027,53.99387811116987
2021-08-30,8.5,73.22823688150254,54.05573573358262
2021-08-31,8.5,72.6622747413695,51.04192734729776
2021-09-01,8.5,73.1813066923607,52.30820092422314
2021-09-02,8.5,72.9852241346271,50.02450664493337
2021-09-03,8.5,72.97792217399244,53.140961555022145
2021-09-06,8.5,72.66112310679942,52.343814360069935
2021-09-07,8.5,73.49867128081267,52.97800715892143
2021-09-08,8.5,72.52743534036865,51.79137321385351
2021-09-09,8.5,73.1398823703187,54.28989059318222
2021-09-10,8.5,72.57539599133645,50.97871281264945
2021-09-13,8.5,72.96691447604992,50.10085225685174
2021-09-14,8.5,73.32143138090474,55.02820880155289
2021-09-15,8.5,72.85557434617918,53.093753325553756
2021-09-16,8.5,71.46190193777709,51.31383202813652
2021-09-17,8.5,72.3276520106477,48.745538008153474
2021-09-20,8.5,71.92100104158624,51.14563750010224
2021-09-21,8.5,73.0339550543829,47.63617904140431
2021-09-22,8.5,72.99749384047327,50.13702026617275
2021-09-23,8.5,72.82468795455,51.07617739378232
2021-09-24,8.5,72.68677180589388,53.297913163804886
2021-09-27,8.5,73.11056593432016,51.96016763482198
2021-09-28,8.5,72.27634043963809,50.267686690685686
2021-09-29,8.5,73.47802807323907,54.38491009474893
2021-09-30,8.5,73.03756001105324,49.835022515045395
2021-10-01,8.5,72.52760234531117,48.00033463435567
2021-10-04,8.5,72.79079026277644,53.75306521862788
2021-10-05,8.5,72.93433316384714,51.091992287284775
2021-10-06,8.5,72.30960635863688,53.467391081575116
2021-10-07,8.5,73.33543899632843,50.45904630281833
2021-10-08,8.5,73.48273541445187,50.48441560705814
2021-10-11,8.5,73.05870688675677,49.57154082378521
2021-10-12,8.5,73.47027415654286,52.378440766060194
2021-10-13,8.5,74.3250042880381,53.36968010452633
2021-10-14,8.5,72.0608033326053,53.934237618567266
2021-10-15,8.5,73.02595315346383,54.948752541342046
2021-10-18,8.5,72.32844116665693,53.04145697527167
2021-10-19,8.5,73.78035854332958,49.97694325811752
2021-10-20,8.5,73.1231545601609,54.56330017675103
2021-10-21,8.5,72.65095236041877,52.30552944129921
2021-10-22,8.5,72.86982128289404,53.76667184329517
2021-10-25,8.5,73.66814988303601,51.18277187351347
2021-10-26,8.5,73.22614234206249,52.282132355241146
2021-10-27,8.5,73.28946003766424,52.27382215852189
2021-10-28,8.5,73.7440396982387,49.80566161414795
2021-10-29,8.5,73.47718577342293,48.41944124435528
2021-11-01,8.5,73.56200378360165,51.16175802272358
2021-11-02,8.5,72.93683209758393,54.92315230313257
2021-11-03,8.5,71.87305773662037,51.44347847313258
2021-11-04,8.5,73.05178173067854,51.98842575756538
2021-11-05,8.5,72.66777088994291,51.87543812873735
2021-11-08,8.5,73.39429245934265,53.98251861598457
2021-11-09,8.5,72.114840760367,49.628024957321585
2021-11-10,8.5,73.41411764397806,53.627257232692884
2021-11-11,8.5,73.09427042645363,51.63009525584496
2021-11-12,8.5,73.17689893470364,51.95502883268254
2021-11-15,8.5,73.30938065265214,52.86805203913855
2021-11-16,8.5,72.98576783961214,51.8675693894524
2021-11-17,8.5,72.83350557507295,52.57709629982972
2021-11-18,8.5,73.56748860761037,50.75708631607705
2021-11-19,8.5,73.29657978319344,54.36828554666512
2021-11-22,8.5,73.34442026808551,52.22348594200795
2021-11-23,8.5,72.95873768897593,53.99784090375139
2021-11-24,8.5,73.05476528083129,53.08673058101827
2021-11-25,8.5,72.99337988547134,53.83868817561742
2021-11-26,8.5,72.12792109317394,53.843080395524105
2021-11-29,8.5,72.30943747648124,52.51712440111945
2021-11-30,8.5,72.93840831101029,53.85095852139513
2021-12-01,9.5,72.06128777368713,52.858150718241994
2021-12-02,9.5,72.94493058816032,56.03341222272744
2021-12-03,9.5,72.55287018838341,52.30600613437538
2021-12-06,9.5,72.96201163625021,52.78959903497638
2021-12-07,9.5,73.0850017991606,53.52900087354007
2021-12-08,9.5,72.07089076626795,51.03347774100596
2021-12-09,9.5,73.16253835019944,53.75891932855471
2021-12-10,9.5,72.77522820975827,51.20868221068035
2021-12-13,9.5,71.83859717373377,51.12941601991857
2021-12-14,9.5,72.76955980381122,51.07690039932922
2021-12-15,9.5,73.18983599374033,47.49425347886948
2021-12-16,9.5,72.79715956123599,52.847880815030805
2021-12-17,9.5,72.76667425478918,52.086637564547765
2021-12-20,9.5,73.07693282706582,52.182610967096906
2021-12-21,9.5,72.76037858658829,53.02438838982837
2021-12-22,9.5,72.8664239326603,51.976703212149644
2021-12-23,9.5,72.33676952190469,53.42622404539797
2021-12-24,9.5,72.74085785446172,50.78271124601401
2021-12-27,9.5,73.94203965901819,49.710269971157864
2021-12-28,9.5,73.08920768018574,51.55632084020522
2021-12-29,9.5,73.13456214276981,52.367510424535276
2021-12-30,9.5,72.67866357236142,52.6406576742183
2021-12-31,9.5,72.80265642534903,52.594691110666965
2022-01-03,9.5,74.56570569478497,84.61446961103918
2022-01-04,9.5,75.16499032016684,84.81968296524997
2022-01-05,9.5,75.32911245804863,84.56254419755723
2022-01-06,9.5,74.65171856463664,85.42748864333109
2022-01-07,9.5,75.65780636646477,85.45459781399568
2022-01-10,9.5,75.65119338314365,85.06264808068882
2022-01-11,9.5,75.06897941063585,81.52991870564155
2022-01-12,9.5,75.1854429694936,86.47228514038947
2022-01-13,9.5,74.16022475857389,84.48975146269885
2022-01-14,9.5,74.7354800931626,87.11581335110706
2022-01-17,9.5,74.37382024583945,88.28330739509802
2022-01-18,9.5,74.54500681290986,84.9710359822382
2022-01-19,9.5,75.25725942206104,85.35597213516398
2022-01-20,9.5,75.378028701834,84.35463785088002
2022-01-21,9.5,75.398928932311,82.36709498544397
2022-01-24,9.5,75.12084573363103,87.87931072798352
2022-01-25,9.5,75.2616872639612,84.21666512286951
2022-01-26,9.5,74.20543326623856,85.42893762893776
2022-01-27,9.5,74.3552339622612,81.55413710978591
2022-01-28,9.5,74.89539132731151,82.79986552497249
2022-01-31,9.5,75.29874312267228,80.50263439113084
2022-02-01,20.0,74.77636809737423,85.29108790907202
2022-02-02,20.0,74.31960826333993,83.1895209330263
2022-02-03,20.0,74.65411865500543,84.05562571657777
2022-02-04,20.0,74.53325744416914,85.28024173343552
2022-02-07,20.0,74.13775566584188,81.92722112546559
2022-02-08,20.0,76.1121963155736,83.89846893720568
2022-02-09,20.0,75.6164357712823,85.46391465961645
2022-02-10,20.0,74.01217043013143,85.25860366548663
2022-02-11,20.0,74.03897429827721,80.62851717912824
2022-02-14,20.0,74.59700545352717,85.8531895692494
2022-02-15,20.0,74.25533319102486,82.72781141039891
2022-02-16,20.0,76.19130936182809,85.37632930340344
2022-02-17,20.0,74.59884005799863,85.40881926776972
2022-02-18,20.0,75.18077016996547,87.74522853881975
2022-02-21,20.0,74.74710199648439,84.99501502392808
2022-02-22,20.0,74.41640779199807,84.07962697141438
2022-02-23,20.0,75.5236735934712,82.9549306746228
2022-02-24,20.0,75.32741528745544,85.71247319801536
2022-02-25,20.0,74.970215816409,82.06170714814924
2022-02-28,20.0,76.190967365549,83.47559480800541
2022-03-01,17.0,99.65990517409308,117.6481074230003
2022-03-02,17.0,100.41242277269819,115.80626405192221
2022-03-03,17.0,99.9827416281455,119.92160924774811
2022-03-04,17.0,99.12515136723434,119.03258513944235
2022-03-07,17.0,99.93258490804453,121.29320797406724
2022-03-08,17.0,99.71546862106662,120.02534874888576
2022-03-09,17.0,100.6524459390235,119.30599574081596
2022-03-10,17.0,99.33552436383819,119.21656762021358
2022-03-11,17.0,99.75843829554738,116.63352491816387
2022-03-14,17.0,100.12860339784332,117.73504860901645
2022-03-15,17.0,101.20951913546402,117.81135683365709
2022-03-16,17.0,100.97746222931607,121.49173139962093
2022-03-17,17.0,99.97738124281004,121.17162782099008
2022-03-18,17.0,100.1746463407917,120.4483359380363
2022-03-21,17.0,100.3009924271888,123.45782662249606
2022-03-22,17.0,99.49378225435726,120.49673886435637
2022-03-23,17.0,100.00507119309798,120.13378420398885
2022-03-24,17.0,100.67810877994181,118.9821350620924
2022-03-25,17.0,100.07080671134668,119.4738122771214
2022-03-28,17.0,100.97490239874354,118.27469810746429
2022-03-29,17.0,99.77718066331492,122.39307664003552
2022-03-30,17.0,99.95567376041609,120.95885806485627
2022-03-31,17.0,99.9596492600653,119.6592437153188
2022-04-01,9.5,99.34932800606924,119.58401677620972
2022-04-04,9.5,100.55298562652354,122.54407773808796
2022-04-05,9.5,99.83312650880585,121.39883303540614
2022-04-06,9.5,100.12905793216775,118.4437837877402
2022-04-07,9.5,99.70081188297016,117.09521177270544
2022-04-08,9.5,100.8625816611265,119.54679403045083
2022-04-11,9.5,100.61632799197504,120.52916071645447
2022-04-12,9.5,100.0291754802257,116.5715711793074
2022-04-13,9.5,99.3879029416613,116.5066758702607
2022-04-14,9.5,100.37197595652837,119.19487573272164
2022-04-15,9.5,100.54148784793205,121.51519235551051
2022-04-18,9.5,99.53634301694284,120.43170538278602
2022-04-19,9.5,99.92830299059058,120.1984413338228
2022-04-20,9.5,100.03842373306085,119.33128850688453
2022-04-21,9.5,100.54348874562976,121.85759535223424
2022-04-22,9.5,99.92432759162534,121.40973419885364
2022-04-25,9.5,100.48102156107652,123.71748806526209
2022-04-26,9.5,99.61355184999199,119.72203741450352
2022-04-27,9.5,99.47228610761128,122.37417992897888
2022-04-28,9.5,100.91576057078694,119.24122932531434
2022-04-29,9.5,99.34377900021978,119.32195830653879
2022-05-02,9.5,99.62438316515849,120.65571592761631
2022-05-03,9.5,100.39247646195977,119.59066601578253
2022-05-04,9.5,99.73467339137352,119.07033848757182
2022-05-05,9.5,99.72134477869373,121.09937819449115
2022-05-06,9.5,99.90123914736294,118.88307093690804
2022-05-09,9.5,98.92201261085427,124.1461018490344
2022-05-10,9.5,100.56029923162981,120.8523418907025
2022-05-11,9.5,100.08794212881632,121.0914354184935
2022-05-12,9.5,99.59427975439287,120.7705129031017
2022-05-13,9.5,99.14184824059329,123.75726666315953
2022-05-16,9.5,99.31732160954466,122.86412464796527
2022-05-17,9.5,99.20284858875178,122.13161981187386
2022-05-18,9.5,100.11363031873763,122.98958361299724
2022-05-19,9.5,100.11862103280296,119.96544418930287
2022-05-20,9.5,100.30607935084822,122.2015353395748
2022-05-23,9.5,100.36629346877581,120.62904605781762
2022-05-24,9.5,100.31408194023919,122.41872579070295
2022-05-25,9.5,100.76892133307919,120.25327690214752
2022-05-26,9.5,100.59762072895569,120.4294314126926
2022-05-27,9.5,100.47919707421767,117.94564076306953
2022-05-30,9.5,100.11838979836317,117.24389450909781
2022-05-31,9.5,100.36036942165651,122.01324849625558
2022-06-01,7.5,57.87206919666527,98.99677347623701
2022-06-02,7.5,57.53167149265052,101.43328550286799
2022-06-03,7.5,56.22814393052443,99.27410423003849
2022-06-06,7.5,57.26422412656784,97.83743405944202
2022-06-07,7.5,56.77048072684456,98.45405735957927
2022-06-08,7.5,57.02625801017479,96.58977917430329
2022-06-09,7.5,56.81292569317567,99.5192252505078
2022-06-10,7.5,57.37137451543038,97.8305368989301
2022-06-13,7.5,56.82352555303987,98.75804752543074
2022-06-14,7.5,57.708916046367726,97.08507195747467
2022-06-15,7.5,56.99851477514273,96.8544182322286
2022-06-16,7.5,56.888260838599145,103.91530371756932
2022-06-17,7.5,57.285887121566745,100.1896345163217
2022-06-20,7.5,57.17860495087732,99.3593988775054
2022-06-21,7.5,57.30020885810075,98.74749136342405
2022-06-22,7.5,56.933381645788224,100.6911078932599
2022-06-23,7.5,57.66724805710931,100.0659968894211
2022-06-24,7.5,57.495132018464005,99.40603679150072
2022-06-27,7.5,56.993862549860566,100.77971076331357
2022-06-28,7.5,57.411338578614505,101.15042532889815
2022-06-29,7.5,56.86849747211796,95.60863305270678
2022-06-30,7.5,57.285133632947826,100.05527534455585
2022-07-01,7.5,57.412658788595,100.77517242857964
2022-07-04,7.5,57.12485824783698,99.51128136714361
2022-07-05,7.5,56.58993477121606,97.00450867189524
2022-07-06,7.5,56.40328170617034,99.28839795788058
2022-07-07,7.5,57.14674698034429,99.77947593776126
2022-07-08,7.5,56.6380665207134,100.45034832422309
2022-07-11,7.5,57.52716240383688,101.77812367427313
2022-07-12,7.5,56.24561783885354,101.94730338639448
2022-07-13,7.5,57.65861986430556,99.50162137617116
2022-07-14,7.5,57.02548300208928,100.70934532907442
2022-07-15,7.5,56.57286131939585,99.77201341994925
2022-07-18,7.5,56.77432818965424,101.80123738143521
2022-07-19,7.5,56.89821199620544,101.54075058715154
2022-07-20,7.5,57.241513040268075,101.3476258770777
2022-07-21,7.5,56.38737489325202,99.63690238473464
2022-07-22,7.5,56.520453546811154,102.44318029124273
2022-07-25,7.5,56.83786993079308,101.15346064876351
2022-07-26,7.5,56.98463612207896,99.22440490847525
2022-07-27,7.5,57.35824724394629,100.23490828459687
2022-07-28,7.5,57.1346165324975,98.63950793766551
2022-07-29,7.5,56.80525826951182,100.92706208353492
2022-08-01,7.5,57.11822515674882,100.65654798593395
2022-08-02,7.5,57.08274198092918,99.81235409835038
2022-08-03,7.5,56.87413473525458,97.92457953044888
2022-08-04,7.5,57.05813118288168,101.16412050341913
2022-08-05,7.5,55.924232658252905,100.54888990526754
2022-08-08,7.5,57.46674244007576,97.37913763345394
2022-08-09,7.5,57.273975095548295,101.3110191339872
2022-08-10,7.5,57.74899108793498,99.47385789777977
2022-08-11,7.5,56.59452515938283,97.91098916824524
2022-08-12,7.5,57.28574998375048,101.06043936251292
2022-08-15,7.5,56.04750837646153,98.26904154546057
2022-08-16,7.5,56.11718452014461,96.75022077162545
2022-08-17,7.5,56.88152604953545,100.34515909063673
2022-08-18,7.5,56.71066665818667,98.42271837626878
2022-08-19,7.5,57.523669888282605,100.46064821629436
2022-08-22,7.5,57.589171996876395,102.92360745265641
2022-08-23,7.5,57.64181589675166,102.27160229738287
2022-08-24,7.5,57.29894554955938,99.3745156390342
2022-08-25,7.5,57.320504738514146,99.7551561548437
2022-08-26,7.5,56.35915082484198,96.22148148689628
2022-08-29,7.5,57.69985094893437,98.00384641146583
2022-08-30,7.5,57.62594606806019,102.10509527290505
2022-08-31,7.5,56.31002974057582,102.19523920209569
2022-09-01,7.5,57.234023542354244,103.81817938252414
2022-09-02,7.5,56.726643045587224,98.38067077726308
2022-09-05,7.5,57.92480761956445,99.78123338831686
2022-09-06,7.5,56.51249384430152,97.63839426843872
2022-09-07,7.5,57.04629574326356,100.04552906211431
2022-09-08,7.5,57.09298456223637,102.46939864892339
2022-09-09,7.5,56.97332250339024,101.20048238438021
2022-09-12,7.5,58.07417787786648,98.99032530147112
2022-09-13,7.5,57.84552656661902,99.98969338004069
2022-09-14,7.5,56.18119868270395,97.20428825649586
2022-09-15,7.5,57.24356204253313,98.34069514418577
2022-09-16,7.5,56.99432499335195,100.82349155598709
2022-09-19,7.5,57.417145991096845,102.70880344059081
2022-09-20,7.5,57.106448013790924,100.05094938906832
2022-09-21,7.5,56.59369631159042,103.51387588443258
2022-09-22,7.5,56.48125279650927,102.84270971178614
2022-09-23,7.5,56.79904670189762,101.81702199372066
2022-09-26,7.5,56.939730839269814,100.14698703485497
2022-09-27,7.5,57.0969538607235,99.88274763522155
2022-09-28,7.5,56.71472187811721,97.72951762905032
2022-09-29,7.5,57.85298689702284,99.43427942264692
2022-09-30,7.5,57.26762725913781,96.09622421530905
2022-10-03,7.5,57.436978639633374,98.25598336002344
2022-10-04,7.5,56.93063478846944,100.63976014844665
2022-10-05,7.5,56.481236671264675,100.0996132063732
2022-10-06,7.5,57.441670403478774,103.30673548044065
2022-10-07,7.5,56.50326779395163,97.14644493668631
2022-10-10,7.5,55.988593020849706,103.91387301757501
2022-10-11,7.5,57.28281151070475,100.52959976347555
2022-10-12,7.5,56.622193421649065,101.31213663281741
2022-10-13,7.5,56.83286924917664,103.12475325110621
2022-10-14,7.5,57.346994531109004,101.32506428149313
2022-10-17,7.5,56.53481049176436,94.35521907714065
2022-10-18,7.5,56.19889654758188,104.11883698819578
2022-10-19,7.5,57.609711821090954,99.00514554702566
2022-10-20,7.5,56.97084572026757,98.92117800129097
2022-10-21,7.5,57.62867227138664,101.80724439824485
2022-10-24,7.5,57.313066450623054,98.15231276079503
2022-10-25,7.5,57.327823480142,100.89294818010569
2022-10-26,7.5,57.081717505742745,95.81828128881888
2022-10-27,7.5,57.08130333489401,99.83769995135827
2022-10-28,7.5,57.56725538360526,100.77815371684456
2022-10-31,7.5,57.407235989243695,98.33311505271675
2022-11-01,7.5,56.70548853032722,98.12125587019338
2022-11-02,7.5,57.246500415383636,101.94365313488795
2022-11-03,7.5,56.690328288653134,99.96850652487629
2022-11-04,7.5,56.84369697556641,98.57456351755249
2022-11-07,7.5,57.28419143882039,101.07708068427868
2022-11-08,7.5,56.68278101592351,98.22704127022979
2022-11-09,7.5,57.07380646026293,96.3055751967072
2022-11-10,7.5,57.1900512556119,96.69827426396192
2022-11-11,7.5,56.830332839689724,99.87019799591212
2022-11-14,7.5,57.359841908697945,99.38395515553816
2022-11-15,7.5,56.78026714268256,99.3558148453882
2022-11-16,7.5,57.47131527449336,100.67984659156491
2022-11-17,7.5,57.065347971956186,95.89205627182024
2022-11-18,7.5,57.08642293495234,101.0683246575221
2022-11-21,7.5,56.550622560756004,98.50261189087318
2022-11-22,7.5,56.882688097136615,100.09247333566404
2022-11-23,7.5,57.097428207625555,101.47269865167493
2022-11-24,7.5,57.512210403582486,102.83620043099776
2022-11-25,7.5,56.839157831435074,98.08071090600923
2022-11-28,7.5,57.51035447416205,101.88704920464578
2022-11-29,7.5,56.62218920744656,101.13733647061693
2022-11-30,7.5,57.167081483700855,99.6093885845944
2022-12-01,7.5,56.746612010837566,101.07028474692738
2022-12-02,7.5,57.772084595573496,98.99459217836578
2022-12-05,7.5,57.68183755488663,97.81740092489774
2022-12-06,7.5,57.14285337792186,102.1619832704011
2022-12-07,7.5,56.732463948091386,99.5292411312691
2022-12-08,7.5,56.24151293155965,103.52574405671938
2022-12-09,7.5,57.18914545732466,103.03779026443931
2022-12-12,7.5,57.10376874576763,97.49467404922713
2022-12-13,7.5,57.42907990607566,103.29860343887871
2022-12-14,7.5,56.26681877554101,99.70021979366012
2022-12-15,7.5,57.07075963603457,100.9328719736909
2022-12-16,7.5,57.214492885246216,100.7103467273461
2022-12-19,7.5,56.549014723968085,98.03597132579453
2022-12-20,7.5,57.05826277151599,99.22499202873534
2022-12-21,7.5,56.63652550654624,102.40631966649379
2022-12-22,7.5,56.587323181961054,100.59428808988437
2022-12-23,7.5,56.73469740788794,97.43988087379107
2022-12-26,7.5,56.866950825082306,101.9240717076518
2022-12-27,7.5,57.61936743862528,97.60336958546924
2022-12-28,7.5,56.839114322479496,101.89596181432944
2022-12-29,7.5,56.577074342952656,103.07672022140694
2022-12-30,7.5,57.40644516472463,97.94021815631432
2023-01-02,7.5,69.97434826313378,81.02451207212911
2023-01-03,7.5,69.23387039049874,79.74917846293201
2023-01-04,7.5,69.73504943505984,82.48501623973851
2023-01-05,7.5,69.19805511483547,83.06834841554586
2023-01-06,7.5,69.16338589634199,81.85893515368265
2023-01-09,7.5,69.78168215131137,84.3616524542376
2023-01-10,7.5,70.59316865169137,84.85701580047171
2023-01-11,7.5,70.1563111769504,79.26048311643326
2023-01-12,7.5,70.64968912761002,82.37778051600179
2023-01-13,7.5,70.03797555266611,82.82516526135058
2023-01-16,7.5,70.77488372651435,82.59597637574048
2023-01-17,7.5,70.72329738866993,81.32943053601348
2023-01-18,7.5,69.52500106094973,82.61448016289297
2023-01-19,7.5,70.03550032785175,78.9819143246094
2023-01-20,7.5,69.63878597377816,84.96730856506005
2023-01-23,7.5,69.92759099568931,81.44177516243666
2023-01-24,7.5,70.82910612160607,80.85220768883664
2023-01-25,7.5,69.67919346554176,78.6949284262155
2023-01-26,7.5,69.4069207157678,85.47747605026436
2023-01-27,7.5,69.43999871283641,85.98745549404958
2023-01-30,7.5,69.80226621568217,82.28435223542985
2023-01-31,7.5,71.87268961398792,79.33289254271666
2023-02-01,7.5,70.73641115285474,81.40658274085472
2023-02-02,7.5,68.56352443078255,81.70729981630814
2023-02-03,7.5,69.98209766125018,80.47853940474528
2023-02-06,7.5,69.68552052819749,82.70981218342224
2023-02-07,7.5,70.49316134423762,83.50558864948377
2023-02-08,7.5,69.41049836971956,82.00186482456128
2023-02-09,7.5,69.48178105662807,78.81353804083264
2023-02-10,7.5,69.71425688085137,81.0814500804472
2023-02-13,7.5,69.65414681981584,81.28323557862747
2023-02-14,7.5,70.32577233088978,81.25039703257445
2023-02-15,7.5,69.83272443234672,84.8663755411946
2023-02-16,7.5,70.50162362666214,81.6275211167631
2023-02-17,7.5,69.59482819531343,83.03478907313242
2023-02-20,7.5,70.43287937652758,85.24586845178784
2023-02-21,7.5,69.4214754351124,81.94513276460142
2023-02-22,7.5,70.30737682411109,82.00256231580501
2023-02-23,7.5,69.75005744668275,82.2437029969023
2023-02-24,7.5,70.44581770612237,85.12709961491282
2023-02-27,7.5,68.77953986003727,87.5801785229902
2023-02-28,7.5,69.60837193363807,82.20004936723042
2023-03-01,7.5,70.58416250071961,84.61632792734785
2023-03-02,7.5,69.89907832498356,84.56083676114912
2023-03-03,7.5,69.14937127834274,84.62792449511372
2023-03-06,7.5,69.6465060549988,83.58631249354951
2023-03-07,7.5,70.1917922777508,82.11472050288111
2023-03-08,7.5,69.59454399663642,85.21266976883732
2023-03-09,7.5,70.5805262645633,78.56081525177834
2023-03-10,7.5,70.54255039145683,80.80776581932196
2023-03-13,7.5,70.33385720729648,84.41441015489904
2023-03-14,7.5,70.51542019962746,79.77783532449067
2023-03-15,7.5,69.74240973562381,86.05794147751142
2023-03-16,7.5,70.7435616359276,79.64945279653573
2023-03-17,7.5,70.53781531342557,84.04724868059583
2023-03-20,7.5,69.93556133483355,79.45485203431681
2023-03-21,7.5,69.18677390498391,83.75720947816623
2023-03-22,7.5,68.81662965229626,80.11506250452106
2023-03-23,7.5,70.49483521790651,83.56707115754442
2023-03-24,7.5,69.19446791956393,82.09262814332006
2023-03-27,7.5,69.5393489874387,82.96279387541948
2023-03-28,7.5,70.23854083294395,83.24064972678998
2023-03-29,7.5,69.3501191473566,83.83339067933622
2023-03-30,7.5,71.21716749252198,82.15417849007548
2023-03-31,7.5,70.11872431937914,82.16914501467392
2023-04-03,7.5,70.73904649621036,81.70656625381169
2023-04-04,7.5,70.52129353421749,81.36837178784505
2023-04-05,7.5,68.73101673064781,84.46856163526894
2023-04-06,7.5,70.37222755177312,82.42787921683974
2023-04-07,7.5,69.99193195571722,81.48444958900161
2023-04-10,7.5,69.96876563160204,83.93379383934978
2023-04-11,7.5,69.98730021796182,83.46733643660934
2023-04-12,7.5,70.52735714369491,84.58220194201022
2023-04-13,7.5,70.82268468913543,80.48511934346226
2023-04-14,7.5,69.40393922857326,79.55377295078645
2023-04-17,7.5,70.03865133823321,82.28116432406274
2023-04-18,7.5,70.70096208202875,78.44880334129363
2023-04-19,7.5,69.89629433180458,81.62180472374527
2023-04-20,7.5,70.10149048042055,80.82211379362501
2023-04-21,7.5,70.108642677621,80.66702936031788
2023-04-24,7.5,71.05738522165639,78.16759074478998
2023-04-25,7.5,70.37417978627876,82.70509369355837
2023-04-26,7.5,71.03531013562095,82.34382418840349
2023-04-27,7.5,70.8717989629966,81.77187472033062
2023-04-28,7.5,69.8864791817983,83.9254535567119
2023-05-01,7.5,70.15039066954738,82.30623354185778
2023-05-02,7.5,71.02607770825486,82.33425685515317
2023-05-03,7.5,69.4291355804964,83.44993325152574
2023-05-04,7.5,70.38055618497076,82.41283198386392
2023-05-05,7.5,70.38558749068444,81.56460788540545
2023-05-08,7.5,69.86179943972768,81.2678838216005
2023-05-09,7.5,69.80978645346521,79.74837686014511
2023-05-10,7.5,69.87839526075231,81.87767724593182
2023-05-11,7.5,70.35122343693786,84.17477391379632
2023-05-12,7.5,70.73648219566165,82.82574988160974
2023-05-15,7.5,70.36950707047771,81.0747714228895
2023-05-16,7.5,69.3711150844899,83.6243423494358
2023-05-17,7.5,70.75292708903655,82.8324630820669
2023-05-18,7.5,70.59646367978004,80.95258779218406
2023-05-19,7.5,69.87719923086541,84.6940483345896
2023-05-22,7.5,69.67276167232221,79.45231307722293
2023-05-23,7.5,69.54590965082863,81.95727693992708
2023-05-24,7.5,70.53716858276331,80.34220674806903
2023-05-25,7.5,69.06030928540947,84.08884081856661
2023-05-26,7.5,70.54943511874798,79.63897264046693
2023-05-29,7.5,69.77433514700508,80.16137304883598
2023-05-30,7.5,70.14245278245544,86.40166784414976
2023-05-31,7.5,68.28931018939164,82.15534977349026
2023-06-01,8.5,82.33562772534388,72.57948834362652
2023-06-02,8.5,81.71219981896695,76.5950000422496
2023-06-05,8.5,83.04285104325824,78.82344475044253
2023-06-06,8.5,81.31826639621055,72.3705118873854
2023-06-07,8.5,81.83529157965123,76.16228497350271
2023-06-08,8.5,82.49348067927681,74.12479981153868
2023-06-09,8.5,82.57663862339076,73.14405903307787
2023-06-12,8.5,81.25343277589172,81.13653829168518
2023-06-13,8.5,81.85831569551526,72.83218786529301
2023-06-14,8.5,82.37289912532998,76.08165873044376
2023-06-15,8.5,82.73652999817848,73.2405526521184
2023-06-16,8.5,82.69446196629164,75.27963608454914
2023-06-19,8.5,82.35021733157964,75.20236841905098
2023-06-20,8.5,82.0448431961463,76.21951088897701
2023-06-21,8.5,81.91031217232616,74.90131518206815
2023-06-22,8.5,82.24905988042815,74.96358982106192
2023-06-23,8.5,82.71700966003218,75.69835680733539
2023-06-26,8.5,81.89298950417745,75.95710317409763
2023-06-27,8.5,81.86341466373759,76.88912308397079
2023-06-28,8.5,82.5726267213184,74.15069132754259
2023-06-29,8.5,82.53080459173134,72.39500948051422
2023-06-30,8.5,81.750052257896,73.45504988740717
2023-07-03,12.0,81.3406212022334,75.9753096345661
2023-07-04,12.0,81.14327817705185,72.66883762452329
2023-07-05,12.0,82.06508294612978,72.58278563846397
2023-07-06,12.0,81.44770128864315,73.0372331131735
2023-07-07,12.0,82.44813035647286,73.66252032154148
2023-07-10,12.0,81.14163229606561,73.22185490462466
2023-07-11,12.0,82.80681504629418,75.114429111188
2023-07-12,12.0,81.8316019211117,74.72596912451118
2023-07-13,12.0,81.60063432395926,76.12734198647051
2023-07-14,12.0,81.72942143979182,73.53754241053957
2023-07-17,12.0,81.56761620987626,76.43748777554487
2023-07-18,12.0,82.75735213775415,73.09337769447222
2023-07-19,12.0,82.33581491917333,79.04475134341061
2023-07-20,12.0,82.04842562546669,72.12398006134596
2023-07-21,12.0,81.39856025541934,75.06815422792792
2023-07-24,12.0,81.97247851721882,75.76686473255921
2023-07-25,12.0,81.61468867371018,76.51789463249042
2023-07-26,12.0,80.6845249078694,71.48317900497115
2023-07-27,12.0,81.65319707602183,72.61028466822268
2023-07-28,12.0,82.30261987036566,74.71569791521073
2023-07-31,12.0,81.78693030635735,73.8054499332769
2023-08-01,13.0,81.92750522988958,76.14453146571739
2023-08-02,13.0,82.52049703110085,74.08540816739284
2023-08-03,13.0,82.43097570402189,76.35950565366038
2023-08-04,13.0,82.98045860621396,71.63233848358466
2023-08-07,13.0,80.9032254502115,77.4006680124525
2023-08-08,13.0,81.57885613010075,78.17759599570482
2023-08-09,13.0,82.45407085077174,77.5360986481327
2023-08-10,13.0,82.21569769385057,76.06431746875893
2023-08-11,13.0,82.04973313918414,72.63503954126917
2023-08-14,13.0,81.69760429315431,74.6039636564868
2023-08-15,13.0,82.11322573558986,74.31716176587572
2023-08-16,13.0,82.08444342035467,74.99272450294535
2023-08-17,13.0,81.07400417281059,74.03942719000582
2023-08-18,13.0,82.10681689353785,75.54003133719438
2023-08-21,13.0,81.7414847944033,73.19859774704041
2023-08-22,13.0,82.42053212755876,72.34307306606439
2023-08-23,13.0,82.17232820008677,75.82547395913555
2023-08-24,13.0,82.97795264262295,76.0866546846171
2023-08-25,13.0,81.99996329292765,72.75976542732751
2023-08-28,13.0,81.45434444010151,75.42627566675259
2023-08-29,13.0,80.75567147418653,77.37582721168035
2023-08-30,13.0,81.53086213681193,74.98315211314606
2023-08-31,13.0,82.18867568061448,76.28628804666918
2023-09-01,15.0,82.31643539063319,71.5777107369967
2023-09-04,15.0,81.69739857089229,74.55165533072659
2023-09-05,15.0,81.7849352482801,74.55335557150119
2023-09-06,15.0,82.03496816463799,76.17756542187183
2023-09-07,15.0,82.1900266046603,75.2712434457131
2023-09-08,15.0,82.51004084442526,76.71708786096102
2023-09-11,15.0,81.70621141446267,72.74209541969427
2023-09-12,15.0,81.62868441759743,73.59422173771915
2023-09-13,15.0,83.01239621783836,76.65186337126045
2023-09-14,15.0,82.89161423957718,76.44122909821272
2023-09-15,15.0,81.73528691265307,73.77298534515788
2023-09-18,15.0,82.57126955567142,74.58376247117724
2023-09-19,15.0,83.10235437949477,73.97618455541284
2023-09-20,15.0,82.65847916939495,71.5139018484166
2023-09-21,15.0,81.61854514969167,75.35600875007466
2023-09-22,15.0,82.05240625257527,72.53692297582124
2023-09-25,15.0,81.12409410084494,74.64974894461119
2023-09-26,15.0,81.51752656883689,73.6302400483346
2023-09-27,15.0,81.99234935230542,74.39370218135421
2023-09-28,15.0,82.1098779036146,78.78628825376856
2023-09-29,15.0,81.65350460917801,71.38081976035981
2023-10-02,16.0,80.62416343824918,79.34620382214128
2023-10-03,16.0,82.0967814286618,74.9234700803584
2023-10-04,16.0,82.36408581317448,76.27760522762426
2023-10-05,16.0,82.38306155944093,71.98021024620854
2023-10-06,16.0,81.89707408302493,77.32255777155378
2023-10-09,16.0,81.93241922189493,74.86256030822751
2023-10-10,16.0,82.12325282112384,73.92550123530363
2023-10-11,16.0,82.20444957709232,73.7471330751284
2023-10-12,16.0,81.95327533761298,70.9217582402965
2023-10-13,16.0,80.8385089004874,72.99404099412693
2023-10-16,16.0,82.6985237862266,73.10139540912853
2023-10-17,16.0,81.76783099099922,72.96222427289275
2023-10-18,16.0,81.38805021483921,76.94713916565476
2023-10-19,16.0,81.80370774662016,75.67911506381144
2023-10-20,16.0,82.05584310407761,77.72181698578673
2023-10-23,16.0,81.69545913717741,71.75263876031431
2023-10-24,16.0,81.7299805438052,73.2046939524694
2023-10-25,16.0,81.83768226106855,75.59649409248644
2023-10-26,16.0,82.18090593421134,73.65361504244889
2023-10-27,16.0,81.6005055690456,73.71445115243463
2023-10-30,16.0,82.16872124540494,75.64007898345706
2023-10-31,16.0,81.30986042023099,73.47450062014403
2023-11-01,16.0,83.00294272579946,70.59407902973206
2023-11-02,16.0,82.53615798937294,73.64231167382742
2023-11-03,16.0,81.86266530315741,77.44696622739596
2023-11-06,16.0,82.16737500033754,74.93070613661456
2023-11-07,16.0,81.4159154580858,74.49326662781439
2023-11-08,16.0,82.28091083943572,76.10830878962784
2023-11-09,16.0,82.4227042789596,74.09946786172657
2023-11-10,16.0,82.13316365170202,70.02568983773737
2023-11-13,16.0,82.45114215974871,71.9692117465451
2023-11-14,16.0,81.99648417003137,73.56834401448648
2023-11-15,16.0,81.9493082147426,75.05722436215105
2023-11-16,16.0,81.67006583952124,77.31227309669093
2023-11-17,16.0,82.27795182834147,73.74986267193991
2023-11-20,16.0,81.58172073883694,77.22632123450784
2023-11-21,16.0,82.20717946422093,76.9235388568209
2023-11-22,16.0,82.15161127851879,73.7435854524465
2023-11-23,16.0,82.67199165543059,75.50310723524781
2023-11-24,16.0,82.29175143069556,75.89894395557266
2023-11-27,16.0,81.12159876029736,75.95852089361439
2023-11-28,16.0,81.66824055011223,74.64914144468361
2023-11-29,16.0,81.65525689000039,76.2980515576173
2023-11-30,16.0,81.63405799065309,77.84764444462337
2023-12-01,16.0,82.48330059074823,79.52239465727182
2023-12-04,16.0,80.89832046784626,75.64376730589706
2023-12-05,16.0,82.71222666304986,75.23953136908109
2023-12-06,16.0,82.49926743611131,74.27570810420961
2023-12-07,16.0,82.09287726896885,73.59049822347288
2023-12-08,16.0,82.17459953033564,71.7880355736911
2023-12-11,16.0,82.03750529214945,71.58316407487577
2023-12-12,16.0,82.0792913266236,76.35949950859278
2023-12-13,16.0,82.56317172008012,73.82897384311384
2023-12-14,16.0,81.88814807894812,73.77808639765342
2023-12-15,16.0,82.30016963863596,75.18950743538342
2023-12-18,16.0,81.56437403390633,76.92073191790638
2023-12-19,16.0,82.26626873009678,74.17405296656044
2023-12-20,16.0,81.86363123342595,70.44866085658116
2023-12-21,16.0,82.21399268858197,72.42856463756104
2023-12-22,16.0,81.56771464221566,78.8762150168145
2023-12-25,16.0,82.22462298562901,77.94895265721539
2023-12-26,16.0,81.97661466153549,79.11688277560182
2023-12-27,16.0,82.782426908442,74.87027183967753
2023-12-28,16.0,82.12947520559933,73.04285406602267
2023-12-29,16.0,82.24661619738585,74.80585555539587
2024-01-01,16.0,87.70307492770877,76.74821726890286
2024-01-02,16.0,88.95365769406119,79.715108985192
2024-01-03,16.0,88.19550960935167,81.87980907084186
2024-01-04,16.0,87.75766200721588,76.3280438226025
2024-01-05,16.0,87.92041417014248,78.29486394374318
2024-01-08,16.0,88.19230769808959,77.47876408732131
2024-01-09,16.0,87.22539131638655,81.69361468945431
2024-01-10,16.0,87.25138216688798,80.99939063640623
2024-01-11,16.0,87.63190653750648,82.33064209481866
2024-01-12,16.0,87.7443481381723,81.9065169714944
2024-01-15,16.0,88.89697947229557,78.92637592626893
2024-01-16,16.0,88.0353273158508,79.70525975865564
2024-01-17,16.0,87.74154638704866,79.24577568382315
2024-01-18,16.0,88.0282601317115,82.89001917155744
2024-01-19,16.0,86.98757596311543,81.07649446944788
2024-01-22,16.0,87.54795507837403,81.94634675798098
2024-01-23,16.0,87.62575698834559,81.46713975701876
2024-01-24,16.0,87.48972693850114,79.01178233825878
2024-01-25,16.0,88.61724155204865,78.18028988704795
2024-01-26,16.0,88.33003991017621,80.99488798653252
2024-01-29,16.0,87.39473188297595,82.9490891420811
2024-01-30,16.0,87.36658063353264,80.66203784912115
2024-01-31,16.0,87.37028582417508,77.6269137955168
2024-02-01,16.0,87.90663295513046,81.13002008241898
2024-02-02,16.0,88.10006520864233,78.95951169733358
2024-02-05,16.0,88.20806723697888,76.49656602549757
2024-02-06,16.0,87.49279470688268,83.22641790082592
2024-02-07,16.0,87.91081708959449,78.35357268553943
2024-02-08,16.0,87.97205914973097,82.58114152967032
2024-02-09,16.0,88.59847039612933,82.75771725393585
2024-02-12,16.0,88.38710458451496,80.81572213618495
2024-02-13,16.0,87.28236810115347,78.29611901846636
2024-02-14,16.0,87.05812160028638,82.35795097652957
2024-02-15,16.0,87.9444938629494,78.3852017009158
2024-02-16,16.0,87.68138599686118,79.90860778948093
2024-02-19,16.0,87.51952323005979,79.51626772547816
2024-02-20,16.0,87.62179925414057,79.23199404069229
2024-02-21,16.0,88.28977259606886,80.48642390451501
2024-02-22,16.0,87.24816608792031,76.63613225981875
2024-02-23,16.0,88.92417087448344,78.63423757399124
2024-02-26,16.0,87.64123699939852,78.19384189853358
2024-02-27,16.0,88.3162671774712,81.09604917556227
2024-02-28,16.0,87.66547970678681,81.41231113336914
2024-02-29,16.0,87.24086636305378,79.60062747849236
2024-03-01,16.0,87.927026310792,81.23469174701977
2024-03-04,16.0,87.37299149497571,79.86619007799102
2024-03-05,16.0,88.07354963661497,79.41875456735974
2024-03-06,16.0,87.98740131671556,80.64939115426553
2024-03-07,16.0,87.65269378106018,80.42677153978961
2024-03-08,16.0,88.07571794328514,77.87894850029436
2024-03-11,16.0,88.51941961638664,81.8731218001637
2024-03-12,16.0,87.94502771484456,77.13434387792387
2024-03-13,16.0,87.63571885414116,77.38150787012366
2024-03-14,16.0,88.19997043266295,77.94857781973943
2024-03-15,16.0,88.2207857085468,79.95685255336335
2024-03-18,16.0,87.85754913911353,83.13297154186944
2024-03-19,16.0,88.68673605418691,82.5752183599106
2024-03-20,16.0,87.85022970999879,78.17041111553401
2024-03-21,16.0,88.74397054086361,79.78690295079494
2024-03-22,16.0,87.67263569428223,77.52257772057183
2024-03-25,16.0,88.4251900848872,78.61153400087755
2024-03-26,16.0,87.89010284828123,83.85840222134787
2024-03-27,16.0,88.13427306582686,79.59277065385865
2024-03-28,16.0,86.98690382270522,82.35976137056358
2024-03-29,16.0,89.08436498956982,81.6245671969861
2024-04-01,16.0,88.1584679666086,78.63860533845978
2024-04-02,16.0,88.50838309095644,78.28434214632762
2024-04-03,16.0,87.31115884339185,79.91571682619603
2024-04-04,16.0,88.08579471223474,79.72496081027242
2024-04-05,16.0,87.91028948679454,81.78138994057363
2024-04-08,16.0,87.47119821083606,79.44718553988157
2024-04-09,16.0,88.6426424422022,81.76644964419008
2024-04-10,16.0,88.07313603988695,78.6639346363836
2024-04-11,16.0,87.9729192511714,80.05479235524007
2024-04-12,16.0,88.31237528099435,78.01361026404012
2024-04-15,16.0,87.57265864133831,76.5956674261845
2024-04-16,16.0,88.08064487310718,78.17230077784163
2024-04-17,16.0,88.04509112304042,81.00906445154484
2024-04-18,16.0,88.06706584097492,82.73051846297176
2024-04-19,16.0,88.51365153516154,79.71573319178364
2024-04-22,16.0,87.78776414540111,80.92032508493725
2024-04-23,16.0,87.73501355847615,79.34386114966732
2024-04-24,16.0,87.69281508559142,79.05792322322229
2024-04-25,16.0,87.67211888538523,82.22006494324543
2024-04-26,16.0,88.55116717921149,82.599446347252
2024-04-29,16.0,87.96465475864296,82.82411034825802
2024-04-30,16.0,88.51140248167879,81.67986481470815
2024-05-01,16.0,88.13551082070562,79.3673878985893
2024-05-02,16.0,87.56293819538294,78.82232002793998
2024-05-03,16.0,87.24651871026231,76.67585553928951
2024-05-06,16.0,87.27398562546057,83.8680632757669
2024-05-07,16.0,87.55457028948418,77.02298471164343
2024-05-08,16.0,88.50986077408693,80.07686920386033
2024-05-09,16.0,88.65039596725674,76.79803792444554
2024-05-10,16.0,88.04647667082985,82.14196507726633
2024-05-13,16.0,88.46345601402696,80.76732102789308
2024-05-14,16.0,87.72250546429838,82.63758375714143
2024-05-15,16.0,87.68608594833924,80.42392065948333
2024-05-16,16.0,88.38538626451134,81.39870470576707
2024-05-17,16.0,88.08313270825523,80.70481774993046
2024-05-20,16.0,88.36674200479476,82.53977164418897
2024-05-21,16.0,88.02561339123136,80.70493656261301
2024-05-22,16.0,87.81231792943248,81.98139324453257
2024-05-23,16.0,87.89212846288927,84.03938582068186
2024-05-24,16.0,88.15356528871119,78.39217666939216
2024-05-27,16.0,88.1199311828942,78.5332590447193
2024-05-28,16.0,87.53404469649497,82.48964996312323
2024-05-29,16.0,87.93914863040466,80.49650233397607
2024-05-30,16.0,87.23972107189637,80.54552435548591
2024-05-31,16.0,87.82544264636611,81.31943833541867
2024-06-03,18.0,88.50135038719897,87.98298045315545
2024-06-04,18.0,87.27450091073004,87.49733599784042
2024-06-05,18.0,88.61457922190489,81.16010976167489
2024-06-06,18.0,87.52753662936045,85.2230598549142
2024-06-07,18.0,87.67318402516402,80.60820003493738
2024-06-10,18.0,87.35013089506175,86.70073420687667
2024-06-11,18.0,88.91116715150604,84.88227266706318
2024-06-12,18.0,88.59317143447781,89.1475999321628
2024-06-13,18.0,88.61533078493913,85.87265772421868
2024-06-14,18.0,88.51794385621473,83.11275074565707
2024-06-17,18.0,88.3453710468896,82.20844552771165
2024-06-18,18.0,87.84015413180465,85.13233170550944
2024-06-19,18.0,88.10302424483746,85.57764619034944
2024-06-20,18.0,87.74182873327788,84.15356977557295
2024-06-21,18.0,87.57433236239368,84.60524584679858
2024-06-24,18.0,87.6797589919751,83.4998367902922
2024-06-25,18.0,89.17708614328707,85.38585846483284
2024-06-26,18.0,87.80884917083506,84.09399497127524
2024-06-27,18.0,88.50038813771404,83.92066198614667
2024-06-28,18.0,89.03858488227614,82.65568873339858
2024-07-01,18.0,88.3903528729522,88.41599298134416
2024-07-02,18.0,87.60599048041203,83.2500835431466
2024-07-03,18.0,87.63169485544783,86.44798263237551
2024-07-04,18.0,88.05942643856389,84.51519265065895
2024-07-05,18.0,89.12838926299376,85.64767796648755
2024-07-08,18.0,88.71177133228417,84.89614242088935
2024-07-09,18.0,88.26832500449324,83.99857668452381
2024-07-10,18.0,87.89791262112062,84.60061971923662
2024-07-11,18.0,88.18972232115324,82.97737432286127
2024-07-12,18.0,88.0946223446152,88.4560391121144
2024-07-15,18.0,88.09145406990689,84.41159333803367
2024-07-16,18.0,87.56229636879105,86.24820664564322
2024-07-17,18.0,87.55290300110715,86.42928590410726
2024-07-18,18.0,88.16440353717091,86.00413017005012
2024-07-19,18.0,87.42017466258227,86.01469241929925
2024-07-22,18.0,87.68744455159126,82.56761187964645
2024-07-23,18.0,88.0148221940592,81.60118628038326
2024-07-24,18.0,88.16539705939955,81.31436137866196
2024-07-25,18.0,88.55787461980516,82.98324977859353
2024-07-26,18.0,87.37347510327089,85.94038795555981
2024-07-29,18.0,87.37499979355904,90.2798968091876
2024-07-30,18.0,88.65315740651457,88.74812269926859
2024-07-31,18.0,88.83824518337637,87.83021400244522
2024-08-01,18.0,87.47795728879268,82.8006737519582
2024-08-02,18.0,87.57738824346177,87.07799904234052
2024-08-05,18.0,88.27278058254348,85.25897595446465
2024-08-06,18.0,88.02436172268096,82.26125189942198
2024-08-07,18.0,88.02825625924628,88.41622291046139
2024-08-08,18.0,87.60968248984248,83.90229711932743
2024-08-09,18.0,88.35984777492313,88.55723585190516
2024-08-12,18.0,87.88141858534917,86.27540216304085
2024-08-13,18.0,87.86497494821565,83.95262461037161
2024-08-14,18.0,87.43438068264368,82.23089274352326
2024-08-15,18.0,88.395670849448,85.59289198458232
2024-08-16,18.0,87.81931734810748,87.44935929389231
2024-08-19,18.0,87.97742419255822,85.2280595004557
2024-08-20,18.0,88.59489838338565,87.05123014631215
2024-08-21,18.0,87.47657952353266,84.98686901098503
2024-08-22,18.0,87.95666143731324,84.05545794635852
2024-08-23,18.0,87.22092400681834,84.43456454006797
2024-08-26,18.0,87.73817939099648,85.92898527471108
2024-08-27,18.0,88.64410912190841,84.0978293222894
2024-08-28,18.0,87.22929978359784,83.93685785583533
2024-08-29,18.0,88.1178405733849,82.03619062954223
2024-08-30,18.0,88.80177086672235,85.35054405305739
2024-09-02,21.0,95.68465619912492,84.09263614690593
2024-09-03,21.0,94.02751977479994,82.32877113645615
2024-09-04,21.0,95.21562534961504,84.14936956683391
2024-09-05,21.0,95.0555562319992,85.1175921587215
2024-09-06,21.0,94.6594098453867,85.72874842184856
2024-09-09,21.0,95.60805284414798,86.23637750275027
2024-09-10,21.0,95.857981171253,85.30211361080198
2024-09-11,21.0,95.3289930673912,83.34375018319074
2024-09-12,21.0,94.85161527484854,85.79292001572118
2024-09-13,21.0,94.27653638157977,83.42072760060691
2024-09-16,21.0,95.08999159324476,83.79186251053761
2024-09-17,21.0,94.92317421608395,83.60613351795347
2024-09-18,21.0,94.95352577218577,84.04983751744562
2024-09-19,21.0,94.75155678428389,86.7293530144581
2024-09-20,21.0,94.70758615574334,85.9967955985217
2024-09-23,21.0,95.01453108521117,86.29295608057635
2024-09-24,21.0,94.38435459324715,87.33210156524466
2024-09-25,21.0,95.51820592284955,82.78259339566273
2024-09-26,21.0,94.61834635143342,85.04276304932411
2024-09-27,21.0,95.05601889691744,84.7142718811194
2024-09-30,21.0,94.83785715334974,85.64724403775988
2024-10-01,21.0,95.32509994234249,85.6170695717429
2024-10-02,21.0,95.29771819690463,81.94073801469504
2024-10-03,21.0,95.25351894481776,87.47662074438517
2024-10-04,21.0,94.4155538932092,83.93421689422574
2024-10-07,21.0,94.90377158470088,85.38079617455602
2024-10-08,21.0,95.80112983910864,85.84510785503895
2024-10-09,21.0,94.82905697240078,84.95290841830416
2024-10-10,21.0,95.52464061288815,82.73324021282195
2024-10-11,21.0,94.99492926257008,85.27017469308147
2024-10-14,21.0,94.84511817961699,84.93460462830267
2024-10-15,21.0,95.09328029555729,84.91084404611206
2024-10-16,21.0,94.58389766409465,84.5403427783069
2024-10-17,21.0,95.4499368888059,86.34812654027009
2024-10-18,21.0,94.57303885828803,88.23572046023858
2024-10-21,21.0,95.27683098570269,88.54312977120767
2024-10-22,21.0,95.53930443315761,86.51579936407872
2024-10-23,21.0,95.21286521564753,86.34769802824805
2024-10-24,21.0,94.71549163716213,81.91824023666746
2024-10-25,21.0,95.09285331244361,85.27271425142077
2024-10-28,21.0,94.6328917754261,85.93464877050546
2024-10-29,21.0,94.89433454496518,80.84416269321034
2024-10-30,21.0,94.73835835796936,88.82328756668198
2024-10-31,21.0,94.61937647370887,84.8331729527351
2024-11-01,21.0,95.3152875620593,83.27344532401791
2024-11-04,21.0,95.49197065016594,82.93145323280336
2024-11-05,21.0,95.52663669114997,85.4968589916937
2024-11-06,21.0,95.1210589842412,85.83325966681065
2024-11-07,21.0,95.73457237318884,87.67278404959926
2024-11-08,21.0,94.6615507814895,83.25004688731754
2024-11-11,21.0,95.64257459496315,84.89435649810589
2024-11-12,21.0,95.45478060925964,84.65663359500624
2024-11-13,21.0,95.01991579840205,84.12296488642968
2024-11-14,21.0,95.11153282673823,83.50435939644008
2024-11-15,21.0,95.51815290550535,88.91495996889941
2024-11-18,21.0,95.33093466337502,86.75459377166675
2024-11-19,21.0,95.13074106343609,85.19801959690605
2024-11-20,21.0,94.77488097575254,85.84537268283476
2024-11-21,21.0,94.53785294935435,86.93856207197076
2024-11-22,21.0,95.05415736207864,83.60216167186674
2024-11-25,21.0,94.42782790131132,83.14097202840657
2024-11-26,21.0,95.36611165166086,84.45435590812995
2024-11-27,21.0,94.11284371576315,86.88331360430787
2024-11-28,21.0,95.15349411520248,89.45351721689165
2024-11-29,21.0,94.86158823665333,84.59080925348346
2024-12-02,21.0,94.78029305645535,82.77532975467949
2024-12-03,21.0,94.86173167468763,85.54856908164902
2024-12-04,21.0,93.55886523433375,84.76913811406632
2024-12-05,21.0,94.77905149338265,87.42556118513588
2024-12-06,21.0,94.56615451289701,85.2206139298205
2024-12-09,21.0,94.57249272562021,86.00331717929906
2024-12-10,21.0,96.56048831035292,84.18576722267684
2024-12-11,21.0,94.30554087788204,85.42703682841395
2024-12-12,21.0,95.19807028507041,82.48487432165075
2024-12-13,21.0,94.60220587788606,84.38343354354653
2024-12-16,21.0,94.54389416332386,83.53062811989929
2024-12-17,21.0,94.32659826186185,85.46820127917302
2024-12-18,21.0,95.5641501647711,84.50331777182122
2024-12-19,21.0,95.60220748788272,82.50537114795549
2024-12-20,21.0,94.68986796048014,85.91134358913303
2024-12-23,21.0,95.456068888873,85.77049582279025
2024-12-24,21.0,94.48208584205337,86.92164972557987
2024-12-25,21.0,94.79945010292782,84.5480763141754
2024-12-26,21.0,95.33948187740825,83.95820212253447
2024-12-27,21.0,94.49939424629845,83.41491056386609
2024-12-30,21.0,94.63034420677707,85.77524918167116
2024-12-31,21.0,95.01225125184783,85.80551971624904
