date,key_rate,usd_rub,eur_rub,cny_rub,inflation,oil_price,key_rate_lag1,usd_rub_lag1,oil_price_lag1,key_rate_lag7,usd_rub_lag7,oil_price_lag7,key_rate_lag30,usd_rub_lag30,oil_price_lag30,usd_rub_change_1d,key_rate_change_1d,oil_price_change_1d,usd_rub_change_7d,key_rate_change_7d,oil_price_change_7d,usd_rub_change_30d,key_rate_change_30d,oil_price_change_30d,usd_rub_ma30,oil_price_ma30,rate_spread,oil_spread
2020-01-01,,,,,4.9,,,,,,,,,,,,,,,,,,,,,,,
2020-02-01,,,,,5.0,,,,,,,,,,,,,,,,,,,,,,,
2020-03-01,,,,,5.0,,,,,,,,,,,,,,,,,,,,,,,
2020-04-01,,,,,5.5,,,,,,,,,,,,,,,,,,,,,,,
2020-05-01,,,,,5.5,,,,,,,,,,,,,,,,,,,,,,,
2020-06-01,,,,,5.2,,,,,,,,,,,,,,,,,,,,,,,
2020-07-01,,,,,4.8,,,,,,,,,,,,,,,,,,,,,,,
2020-08-01,,,,,4.7,,,,,,,,,,,,,,,,,,,,,,,
2020-09-01,,,,,4.7,,,,,,,,,,,,,,,,,,,,,,,
2020-10-01,,,,,4.8,,,,,,,,,,,,,,,,,,,,,,,
2020-11-01,,,,,4.9,,,,,,,,,,,,,,,,,,,,,,,
2020-12-01,,,,,4.9,,,,,,,,,,,,,,,,,,,,,,,
2021-01-01,,,,,5.0,,,,,,,,,,,,,,,,,,,,,,,
2021-02-01,,,,,5.2,,,,,,,,,,,,,,,,,,,,,,,
2021-03-01,,,,,5.8,,,,,,,,,,,,,,,,,,,,,,,
2021-04-01,,,,,6.0,,,,,,,,,,,,,,,,,,,,,,,
2021-05-01,,,,,6.0,,,,,,,,,,,,,,,,,,,,,,,
2021-06-01,,,,,5.6,,,,,,,,,,,,,,,,,,,,,,,
2021-07-01,,,,,5.4,,,,,,,,,,,,,,,,,,,,,,,
2021-08-01,,,,,5.2,,,,,,,,,,,,,,,,,,,,,,,
2021-09-01,,,,,5.1,,,,,,,,,,,,,,,,,,,,,,,
2021-10-01,,,,,5.8,,,,,,,,,,,,,,,,,,,,,,,
2021-11-01,,,,,6.5,,,,,,,,,,,,,,,,,,,,,,,
2021-12-01,,,,,8.4,,,,,,,,,,,,,,,,,,,,,,,
2022-01-01,,,,,8.7,,,,,,,,,,,,,,,,,,,,,,,
2022-02-01,,,,,9.2,,,,,,,,,,,,,,,,,,,,,,,
2022-03-01,,,,,16.7,,,,,,,,,,,,,,,,,,,,,,,
2022-04-01,,,,,17.8,,,,,,,,,,,,,,,,,,,,,,,
2022-05-01,,,,,17.1,,,,,,,,,,,,,,,,,,,,,,,
2022-06-01,,,,,15.9,,,,,,,,,,,,,,,,,,,,,,,
2022-07-01,,,,,15.1,,,,,,,,,,,,,,,,,,,,,,,
2022-08-01,,,,,14.3,,,,,,,,,,,,,,,,,,,,,,,
2022-09-01,,,,,13.7,,,,,,,,,,,,,,,,,,,,,,,
2022-10-01,,,,,12.6,,,,,,,,,,,,,,,,,,,,,,,
2022-11-01,,,,,12.0,,,,,,,,,,,,,,,,,,,,,,,
2022-12-01,,,,,11.9,,,,,,,,,,,,,,,,,,,,,,,
2023-01-01,,,,,11.8,,,,,,,,,,,,,,,,,,,,,,,
2023-02-01,,,,,11.0,,,,,,,,,,,,,,,,,,,,,,,
2023-03-01,,,,,9.8,,,,,,,,,,,,,,,,,,,,,,,
2023-04-01,,,,,8.5,,,,,,,,,,,,,,,,,,,,,,,
2023-05-01,,,,,7.4,,,,,,,,,,,,,,,,,,,,,,,
2023-06-01,,,,,6.3,,,,,,,,,,,,,,,,,,,,,,,
2023-07-01,,,,,5.5,,,,,,,,,,,,,,,,,,,,,,,
2023-08-01,,,,,5.5,,,,,,,,,,,,,,,,,,,,,,,
2023-09-01,,,,,6.0,,,,,,,,,,,,,,,,,,,,,,,
2023-10-01,,,,,6.7,,,,,,,,,,,,,,,,,,,,,,,
2023-11-01,,,,,7.5,,,,,,,,,,,,,,,,,,,,,,,
2023-12-01,,,,,7.4,,,,,,,,,,,,,,,,,,,,,,,
2024-01-01,,,,,7.5,,,,,,,,,,,,,,,,,,,,,,,
2024-02-01,,,,,7.8,,,,,,,,,,,,,,,,,,,,,,,
2024-03-01,,,,,8.5,,,,,,,,,,,,,,,,,,,,,,,
2024-04-01,,,,,9.3,,,,,,,,,,,,,,,,,,,,,,,
2024-05-01,,,,,9.5,,,,,,,,,,,,,,,,,,,,,,,
2024-06-01,,,,,9.9,,,,,,,,,,,,,,,,,,,,,,,
2024-07-01,,,,,9.5,,,,,,,,,,,,,,,,,,,,,,,
2024-08-01,,,,,9.0,,,,,,,,,,,,,,,,,,,,,,,
2025-02-19,18.0,89.44073825789418,98.923874781581,12.497103822269617,9.0,82.76295303157673,,,,,,,,,,,,,,,,,,,,,,
2025-02-20,18.0,90.32142774698147,99.3104619726759,12.689670245658322,9.0,86.2857109879259,18.0,89.44073825789418,82.76295303157673,,,,,,,0.9846625891525074,0.0,4.256443042825109,,,,,,,,,,
2025-02-21,18.0,89.32435479865079,98.19195375250158,12.564115425270565,9.0,82.29741919460314,18.0,90.32142774698147,86.2857109879259,,,,,,,-1.1039162834358573,0.0,-4.622192652362623,,,,,,,,,,
2025-02-22,18.0,89.8499356065859,98.06666382205347,12.579645850702482,9.0,84.3997424263436,18.0,89.32435479865079,82.29741919460314,,,,,,,0.5883958626063945,0.0,2.55454332871512,,,,,,,,,,
2025-02-23,18.0,89.49783108685304,98.30521949078066,12.583938749112637,9.0,82.99132434741219,18.0,89.8499356065859,84.3997424263436,,,,,,,-0.3918806589629398,0.0,-1.6687468923978543,,,,,,,,,,
2025-02-24,18.0,90.06341234256747,98.57112109784002,12.527981338666867,9.0,85.25364937026993,18.0,89.49783108685304,82.99132434741219,,,,,,,0.6319496783844691,0.0,2.7259777339946556,,,,,,,,,,
2025-02-25,18.0,89.81682916143112,98.56658486282126,12.730146625832193,9.0,84.26731664572449,18.0,90.06341234256747,85.25364937026993,,,,,,,-0.2737884061048579,0.0,-1.1569390071052954,,,,,,,,,,
2025-02-26,18.0,90.08838105162513,98.54812596489859,12.711636157525463,9.0,85.35352420650052,18.0,89.81682916143112,84.26731664572449,18.0,89.44073825789418,82.76295303157673,,,,0.3023396536365741,0.0,1.2890021944601093,0.7241026922916616,0.0,3.1301096445113696,,,,,,,
2025-02-27,18.0,90.01117527748319,98.78783861157501,12.46707176014113,9.0,85.04470110993273,18.0,90.08838105162513,85.35352420650052,18.0,90.32142774698147,86.2857109879259,,,,-0.08570003505524726,0.0,-0.361816456249231,-0.3434981900057976,0.0,-1.4382565360872124,,,,,,,
2025-02-28,18.0,89.50667048613795,98.25428235624005,12.423423563247638,9.0,83.02668194455178,18.0,90.01117527748319,85.04470110993273,18.0,89.32435479865079,82.29741919460314,,,,-0.560491283210085,0.0,-2.372892301393781,0.20410523859715202,0.0,0.8861307645920302,,,,,,,
2025-03-01,18.0,90.3134385317645,99.39315984416035,12.539189219436341,9.0,86.25375412705804,18.0,89.50667048613795,83.02668194455178,18.0,89.8499356065859,84.3997424263436,,,,0.9013496326528037,0.0,3.8867892910154023,0.5158633916089617,0.0,2.196703031804237,,,,,,,
2025-03-02,18.0,89.97561717407844,98.16580396034063,12.664383401460636,9.0,84.90246869631378,18.0,90.3134385317645,86.25375412705804,18.0,89.49783108685304,82.99132434741219,,,,-0.37405436353444843,0.0,-1.5666395560635316,0.5338521407985075,0.0,2.302824257751679,,,,,,,
2025-03-03,18.0,89.50573549606705,97.7335499718011,12.402330192807641,9.0,83.0229419842682,18.0,89.97561717407844,84.90246869631378,18.0,90.06341234256747,85.25364937026993,,,,-0.5222322366539522,0.0,-2.213748010989436,-0.6192046603555657,0.0,-2.616553546363054,,,,,,,
2025-03-04,18.0,91.1204632781029,100.41346674127847,12.7237624255136,9.0,89.48185311241159,18.0,89.50573549606705,83.0229419842682,18.0,89.81682916143112,84.26731664572449,,,,1.8040495093264886,0.0,7.779670261946703,1.451436360917091,0.0,6.188088898819433,,,,,,,
2025-03-05,18.0,90.23821508335857,98.86331753315939,12.678820551311878,9.0,85.95286033343424,18.0,91.1204632781029,89.48185311241159,18.0,90.08838105162513,85.35352420650052,,,,-0.9682218055144021,0.0,-3.9438083323375506,0.1663189303485968,0.0,0.7021808794722029,,,,,,,
2025-03-06,18.0,89.92336972330035,99.45297159074535,12.582655167807408,9.0,84.69347889320139,18.0,90.23821508335857,85.95286033343424,18.0,90.01117527748319,85.04470110993273,,,,-0.34890468496897586,0.0,-1.4652001519756097,-0.09754961415863184,0.0,-0.4129854207816419,,,,,,,
2025-03-07,18.0,90.7076022633509,99.89099735069352,12.7249530684404,9.0,87.83040905340364,18.0,89.92336972330035,84.69347889320139,18.0,89.50667048613795,83.02668194455178,,,,0.8721120465833065,0.0,3.7038626836405353,1.3417232153652092,0.0,5.7857630780186575,,,,,,,
2025-03-08,18.0,90.9209078046933,100.31637966026584,12.622346821522187,9.0,88.68363121877321,18.0,90.7076022633509,87.83040905340364,18.0,90.3134385317645,86.25375412705804,,,,0.23515729224448112,0.0,0.9714427776953416,0.6726233468733911,0.0,2.8171261834421646,,,,,,,
2025-03-09,18.0,89.92732528884305,99.62540397793782,12.649310977777752,9.0,84.70930115537223,18.0,90.9209078046933,88.68363121877321,18.0,89.97561717407844,84.90246869631378,,,,-1.092798719063126,0.0,-4.481469701659746,-0.05367219114702504,0.0,-0.22751698967963252,,,,,,,
2025-03-10,18.0,90.17369874321739,99.03621321163584,12.562996634802834,9.0,85.69479497286953,18.0,89.92732528884305,84.70930115537223,18.0,89.50573549606705,83.0229419842682,,,,0.2739695121399377,0.0,1.1633832460614002,0.7462798260338133,0.0,3.2182104424914426,,,,,,,
2025-03-11,18.0,89.50599859099853,98.16935509739027,12.498377835300001,9.0,83.02399436399412,18.0,90.17369874321739,85.69479497286953,18.0,91.1204632781029,89.48185311241159,,,,-0.7404599805983625,0.0,-3.1166427432622656,-1.771791570217296,0.0,-7.216947932788987,,,,,,,
2025-03-12,18.0,89.926403624616,99.35489527987703,12.61346968023684,9.0,84.70561449846397,18.0,89.50599859099853,83.02399436399412,18.0,90.23821508335857,85.95286033343424,,,,0.46969481401859525,0.0,2.0254628163242527,-0.3455425824353098,0.0,-1.4510812439887055,,,,,,,
2025-03-13,18.0,89.90046872312007,99.14527237739694,12.596373443389895,9.0,84.60187489248025,18.0,89.926403624616,84.70561449846397,18.0,89.92336972330035,84.69347889320139,,,,-0.028840140882524512,0.0,-0.12247075544868924,-0.02546723977399079,0.0,-0.1081594497218008,,,,,,,
2025-03-14,18.0,90.09241351681082,99.00798971358125,12.615335894255075,9.0,85.3696540672433,18.0,89.90046872312007,84.60187489248025,18.0,90.7076022633509,87.83040905340364,,,,0.21350811226792388,0.0,0.9075202833729312,-0.6782107907052914,0.0,-2.8017118588894663,,,,,,,
2025-03-15,18.0,90.1663802393185,99.87874724672834,12.548230551306917,9.0,85.66552095727403,18.0,90.09241351681082,85.3696540672433,18.0,90.9209078046933,88.68363121877321,,,,0.08210094459715211,0.0,0.3465714992796798,-0.8298724502350918,0.0,-3.403232614656726,,,,,,,
2025-03-16,18.0,90.27991422441403,99.20178349193549,12.609233050298045,9.0,86.11965689765611,18.0,90.1663802393185,85.66552095727403,18.0,89.92732528884305,84.70930115537223,,,,0.125916095105727,0.0,0.5301268647027735,0.3920820889962817,0.0,1.6649361086063408,,,,,,,
2025-03-17,18.0,90.11882132814998,99.14709027974287,12.616853345024701,9.0,85.47528531259992,18.0,90.27991422441403,86.11965689765611,18.0,90.17369874321739,85.69479497286953,,,,-0.1784371392551498,0.0,-0.7482282306604637,-0.06085745159869482,0.0,-0.2561528507526112,,,,,,,
2025-03-18,18.0,89.39462868668542,98.34470288077111,12.377739492819252,9.0,82.57851474674167,18.0,90.11882132814998,85.47528531259992,18.0,89.50599859099853,83.02399436399412,,,,-0.8035975513123406,0.0,-3.3890153806029333,-0.1244273077405822,0.0,-0.5365673148648664,,,,,,,
2025-03-19,18.0,89.53076644712945,98.01654614439316,12.488054005966786,9.0,83.12306578851783,18.0,89.39462868668542,82.57851474674167,18.0,89.926403624616,84.70561449846397,,,,0.1522885238677718,0.0,0.6594342892291438,-0.4399566329129301,0.0,-1.8682925793246374,,,,,,,
2025-03-20,18.0,89.72679619026816,98.73826850403817,12.600519454540828,9.0,83.90718476107266,18.0,89.53076644712945,83.12306578851783,18.0,89.90046872312007,84.60187489248025,,,,0.2189523790734782,0.0,0.9433229695230194,-0.1931831227563352,0.0,-0.8211285297051285,,,,89.97899069248325,84.91596276993302,,-1.0087780088603608
2025-03-21,18.0,89.85887970403839,99.54314776314149,12.452499498180842,9.0,84.43551881615355,18.0,89.72679619026816,83.90718476107266,18.0,90.09241351681082,85.3696540672433,18.0,89.44073825789418,82.76295303157673,0.1472063189352557,0.0,0.629664857169665,-0.25921584699122313,0.0,-1.0942240088661515,0.4675067025257995,0.0,2.0209111967508964,89.99292874068806,84.97171496275226,,-0.5361961465987122
2025-03-22,18.0,90.52538714523605,99.80041001744775,12.789212365492473,9.0,87.10154858094423,18.0,89.85887970403839,84.43551881615355,18.0,90.1663802393185,85.66552095727403,18.0,90.32142774698147,86.2857109879259,0.7417268536987098,0.0,3.157474250375114,0.3981604950367146,0.0,1.6763192561292328,0.2258150732802111,0.0,0.9455071803632586,89.99972738729655,84.9989095491862,,2.102639031758031
2025-03-23,18.0,89.41853050657355,98.37591527043037,12.645555597180282,9.0,82.67412202629417,18.0,90.52538714523605,87.10154858094423,18.0,90.27991422441403,86.11965689765611,18.0,89.32435479865079,82.29741919460314,-1.2227030157702656,0.0,-5.083062961315332,-0.9541255385990821,0.0,-4.000869250392613,0.10543116503336503,0.0,0.45773346889563804,90.00286657756062,85.01146631024257,,-2.337344283948397
2025-03-24,18.0,89.82129247591465,98.72253808292328,12.450465889032044,9.0,84.2851699036586,18.0,89.41853050657355,82.67412202629417,18.0,90.11882132814998,85.47528531259992,18.0,89.8499356065859,84.3997424263436,0.45042338211036537,0.0,1.9486724961554902,-0.3301517350653538,0.0,-1.3923503204333665,-0.03187885497956122,0.0,-0.13574984874507035,90.00191180653827,85.00764722615307,,-0.7224773224944698
2025-03-25,18.0,90.47650474910702,99.6895887382209,12.802472628179997,9.0,86.9060189964281,18.0,89.82129247591465,84.2851699036586,18.0,89.39462868668542,82.57851474674167,18.0,89.49783108685304,82.99132434741219,0.7294620853602884,0.0,3.109502058031377,1.210224907598656,0.0,5.240472371001537,1.0935166253405848,0.0,4.716992625191163,90.03453426194673,85.13813704778694,,1.7678819486411612
2025-03-26,18.0,89.8500612627517,99.20995070327147,12.564650417914025,9.0,84.40024505100678,18.0,90.47650474910702,86.9060189964281,18.0,89.53076644712945,83.12306578851783,18.0,90.06341234256747,85.25364937026993,-0.6923825009514495,0.0,-2.883314613138954,0.356631388619677,0.0,1.5364920078120736,-0.2368898471271197,0.0,-1.0010179336214509,90.02742255928621,85.10969023714482,,-0.7094451861380406
2025-03-27,18.0,90.23020782492141,99.55784802285844,12.674080551404703,9.0,85.92083129968564,18.0,89.8500612627517,84.40024505100678,18.0,89.72679619026816,83.90718476107266,18.0,89.81682916143112,84.26731664572449,0.42308993096624725,0.0,1.8016372437780426,0.5610493810408013,0.0,2.399849958435496,0.4602463339552054,0.0,1.9622253559026248,90.04120184806922,85.16480739227686,,0.7560239074087889
2025-03-28,18.0,89.93022897853605,98.75731944547867,12.540566951782225,9.0,84.72091591414419,18.0,90.23020782492141,85.92083129968564,18.0,89.85887970403839,84.43551881615355,18.0,90.08838105162513,85.35352420650052,-0.33245944303643693,0.0,-1.3965360523063852,0.07940147343552528,0.0,0.338005974253619,-0.17555213141021708,0.0,-0.7411624748215773,90.03593011229958,85.14372044919831,,-0.4228045350541265
2025-03-29,18.0,90.12839162866236,99.30362158858365,12.710279310735407,9.0,85.51356651464944,18.0,89.93022897853605,84.72091591414419,18.0,90.52538714523605,87.10154858094423,18.0,90.01117527748319,85.04470110993273,0.2203515462788408,0.0,0.9356020198229675,-0.43854605773380184,0.0,-1.8231387296392954,0.1302242202902315,0.0,0.5513164237130219,90.03983732400555,85.1593492960222,,0.354217218627241
2025-03-30,18.0,89.88576372809523,99.1143099714789,12.6246163238182,9.0,84.54305491238092,18.0,90.12839162866236,85.51356651464944,18.0,89.41853050657355,82.67412202629417,18.0,89.50667048613795,83.02668194455178,-0.26920251896513925,0.0,-1.1349212082064852,0.5225239319800012,0.0,2.260602036381276,0.4235363017061289,0.0,1.8263682617617238,90.05247376540413,85.2098950616165,,-0.6668401492355827
2025-03-31,18.0,90.33353273636418,98.8632885162371,12.565279257431225,9.0,86.3341309454567,18.0,89.88576372809523,84.54305491238092,18.0,89.82129247591465,84.2851699036586,18.0,90.3134385317645,86.25375412705804,0.4981534224078654,0.0,2.1185371582941093,0.5702882315870461,0.0,2.4309864287396676,0.022249407094165896,0.0,0.09318645804130554,90.05314357222412,85.21257428889648,,1.1215566565602302
2025-04-01,18.0,89.22747179629678,98.23433424651832,12.375325851485021,9.0,81.90988718518713,18.0,90.33353273636418,86.3341309454567,18.0,90.47650474910702,86.9060189964281,18.0,89.97561717407844,84.90246869631378,-1.2244190020724632,0.0,-5.124559327602052,-1.3805053104934073,0.0,-5.748890432371912,-0.8314979116333165,0.0,-3.5247284997456996,90.02820539296472,85.1128215718589,,-3.202934386671771
2025-04-02,18.0,89.81834399580573,97.71952645223513,12.428537915891882,9.0,84.2733759832229,18.0,89.22747179629678,81.90988718518713,18.0,89.8500612627517,84.40024505100678,18.0,89.50573549606705,83.0229419842682,0.6622088327885134,0.0,2.8854743661070437,-0.035300217384615085,0.0,-0.15031836425024592,0.3492608579842571,0.0,1.5061306779415862,90.03862567628934,85.15450270515741,,-0.8811267219345069
2025-04-03,18.0,90.14828633834715,99.40438182709246,12.639554265011878,9.0,85.59314535338862,18.0,89.81834399580573,84.2733759832229,18.0,90.23020782492141,85.92083129968564,18.0,91.1204632781029,89.48185311241159,0.3673440500715719,0.0,1.566057316166436,-0.09079164123528827,0.0,-0.3813812568387309,-1.0669139562961116,0.0,-4.345806019615816,90.00621977829748,85.02487911318998,,0.5682662401986391
2025-04-04,18.0,90.26684762400309,99.62370391368475,12.694605808538409,9.0,86.06739049601238,18.0,90.14828633834715,85.59314535338862,18.0,89.93022897853605,84.72091591414419,18.0,90.23821508335857,85.95286033343424,0.13151806925197906,0.0,0.5540690678742299,0.3743108955581276,0.0,1.589305978741673,0.031729950130410245,0.0,0.1332476454347642,90.00717419631899,85.02869678527593,,1.0386937107364531
2025-04-05,18.0,90.74647631137691,100.19489700540784,12.769603251470713,9.0,87.98590524550765,18.0,90.26684762400309,86.06739049601238,18.0,90.12839162866236,85.51356651464944,18.0,89.92336972330035,84.69347889320139,0.5313453388465117,0.0,2.2290843703274055,0.6857824394127965,0.0,2.8911654976227386,0.9153422415210999,0.0,3.8874614614166747,90.03461108258821,85.13844433035278,,2.847460915154869
2025-04-06,18.0,89.80448766656721,98.58741300713916,12.560830163858673,9.0,84.21795066626885,18.0,90.74647631137691,87.98590524550765,18.0,89.88576372809523,84.54305491238092,18.0,90.7076022633509,87.83040905340364,-1.0380443220489033,0.0,-4.282452477729304,-0.09042150631759505,0.0,-0.3845428183888222,-0.9956327521057018,0.0,-4.112992784695225,90.00450726269541,85.01802905078164,,-0.800078384512787
2025-04-07,18.0,90.73974088093044,99.96823838653552,12.587864077763825,9.0,87.95896352372175,18.0,89.80448766656721,84.21795066626885,18.0,90.33353273636418,86.3341309454567,18.0,90.9209078046933,88.68363121877321,1.0414326039425825,0.0,4.442061137627817,0.44967592018323455,0.0,1.8820280698621517,-0.19925771545530324,0.0,-0.8171380502719705,89.99846836523665,84.99387346094657,,2.9650900627751753
2025-04-08,18.0,89.67048808667016,99.34951381810778,12.485660852331446,9.0,83.68195234668066,18.0,90.73974088093044,87.95896352372175,18.0,89.22747179629678,81.90988718518713,18.0,89.92732528884305,84.70930115537223,-1.1783732065791974,0.0,-4.862507475872679,0.4965021214371923,0.0,2.163432550562705,-0.2856052944396392,0.0,-1.2127933942073565,89.9899071251642,84.95962850065686,,-1.277676153976202
2025-04-09,18.0,90.66432320577232,100.43764035049519,12.808240112704318,9.0,87.65729282308929,18.0,89.67048808667016,83.68195234668066,18.0,89.81834399580573,84.2733759832229,18.0,90.17369874321739,85.69479497286953,1.1083190694150868,0.0,4.750535049588045,0.9418779865348004,0.0,4.015404391227961,0.544088209081961,0.0,2.2901015759954513,90.00626127391605,85.02504509566418,,2.63224772742511
2025-04-10,18.0,90.40873356334919,99.43502057007083,12.60875984240888,9.0,86.63493425339675,18.0,90.66432320577232,87.65729282308929,18.0,90.14828633834715,85.59314535338862,18.0,89.50599859099853,83.02399436399412,-0.28190762737294595,0.0,-1.1663131917111325,0.28890979028100006,0.0,1.2171405732397167,1.0085748291304375,0.0,4.349272661553161,90.03635243966106,85.14540975864428,,1.489524494752473
2025-04-11,18.0,89.54327071018389,98.56725759656707,12.550399662493893,9.0,83.17308284073556,18.0,90.40873356334919,86.63493425339675,18.0,90.26684762400309,86.06739049601238,18.0,89.926403624616,84.70561449846397,-0.9572779299677592,0.0,-3.9959070119862883,-0.8015976328687002,0.0,-3.3628388621947503,-0.42605163665995205,0.0,-1.8092444837363164,90.02358134251334,85.09432537005333,,-1.921242529317766
2025-04-12,18.0,90.15351961862591,99.72432715285572,12.513927698250141,9.0,85.61407847450364,18.0,89.54327071018389,83.17308284073556,18.0,90.74647631137691,87.98590524550765,18.0,89.90046872312007,84.60187489248025,0.6815128636714185,0.0,2.934838472252177,-0.6534211760646169,0.0,-2.6956894566077194,0.28147895011003676,0.0,1.196431619641758,90.03201637236353,85.1280654894541,,0.48601298504954116
2025-04-13,18.0,89.9743820822339,98.22141928282622,12.630071796058651,9.0,84.89752832893562,18.0,90.15351961862591,85.61407847450364,18.0,89.80448766656721,84.21795066626885,18.0,90.09241351681082,85.3696540672433,-0.1987027651830009,0.0,-0.8369536393262877,0.1891825454174212,0.0,0.8069273323447979,-0.13101151358865248,0.0,-0.5530369584674677,90.02808199121095,85.11232796484384,,-0.21479963590822138
2025-04-14,18.0,90.3127922968375,99.18253365518275,12.598022465389343,9.0,86.25116918735,18.0,89.9743820822339,84.89752832893562,18.0,90.73974088093044,87.95896352372175,18.0,90.1663802393185,85.66552095727403,0.3761184092315295,0.0,1.5944408336243887,-0.47051995073821296,0.0,-1.9415807871714708,0.1623798772118823,0.0,0.6836452093346601,90.03296239312824,85.13184957251306,,1.1193196148369395
2025-04-15,18.0,89.88836420578335,99.54498585413006,12.689042260187247,9.0,84.55345682313339,18.0,90.3127922968375,86.25116918735,18.0,89.67048808667016,83.68195234668066,18.0,90.27991422441403,86.11965689765611,-0.4699534587073284,0.0,-1.9683354790576035,0.24297416436787067,0.0,1.0414485465662038,-0.4337066799347866,0.0,-1.8186325061466335,90.01991072584057,85.0796429033623,,-0.5261860802289107
2025-04-16,18.0,89.84637688716913,99.31861484672842,12.65584853482436,9.0,84.38550754867654,18.0,89.88836420578335,84.55345682313339,18.0,90.66432320577232,87.65729282308929,18.0,90.11882132814998,85.47528531259992,-0.04671051585508623,0.0,-0.1986308789339697,-0.9021699933134397,0.0,-3.732473555869331,-0.30231691556283913,0.0,-1.2749624174260954,90.01082924447455,85.04331697789819,,-0.6578094292216434
2025-04-17,18.0,90.68454729138142,99.93763390934453,12.64626602613591,9.0,87.7381891655257,18.0,89.84637688716913,84.38550754867654,18.0,90.40873356334919,86.63493425339675,18.0,89.39462868668542,82.57851474674167,0.9328928257896107,0.0,3.9730538030066542,0.30507420816703323,0.0,1.2734527031578846,1.4429486688925852,0.0,6.248204432603477,90.05382653129774,85.21530612519096,,2.522883040334733
2025-04-18,18.0,89.95063955277216,98.19278730538407,12.580423134653337,9.0,84.80255821108865,18.0,90.68454729138142,87.7381891655257,18.0,89.54327071018389,83.17308284073556,18.0,89.53076644712945,83.12306578851783,-0.8092974608464698,0.0,-3.345898727062535,0.45494076702510267,0.0,1.9591378781441904,0.46897074860925425,0.0,2.0204890262875974,90.06782230148583,85.27128920594333,,-0.46873099485468117
2025-04-19,18.0,90.41321116209588,99.42957716178489,12.60273793868936,9.0,86.65284464838354,18.0,89.95063955277216,84.80255821108865,18.0,90.15351961862591,85.61407847450364,18.0,89.72679619026816,83.90718476107266,0.5142504951866744,0.0,2.181875731495264,0.28805480314970655,0.0,1.2133123341264929,0.7650055512649301,0.0,3.2722583830326224,90.09070280054675,85.36281120218703,,1.290033446196503
2025-04-20,18.0,89.8873242574779,98.58109898510074,12.442282076392406,9.0,84.5492970299116,18.0,90.41321116209588,86.65284464838354,18.0,89.9743820822339,84.89752832893562,18.0,89.85887970403839,84.43551881615355,-0.5816482988035276,0.0,-2.427557487590426,-0.09675845806469408,0.0,-0.4101783713594154,0.03165469404158294,0.0,0.13475160140341558,90.09165095232808,85.36660380931228,,-0.8173067794006812
2025-04-21,18.0,90.83333162961377,100.08218424398376,12.630922185191208,9.0,88.33332651845505,18.0,89.8873242574779,84.5492970299116,18.0,90.3127922968375,86.25116918735,18.0,90.52538714523605,87.10154858094423,1.0524369035906256,0.0,4.4755303964322035,0.5763738663570273,0.0,2.4140627318133046,0.34017472235015056,0.0,1.4141860363896086,90.101915768474,85.40766307389599,,2.9256634445590635
2025-04-22,18.0,89.66083268533225,98.22224261146805,12.572338308718598,9.0,83.64333074132901,18.0,90.83333162961377,88.33332651845505,18.0,89.88836420578335,84.55345682313339,18.0,89.41853050657355,82.67412202629417,-1.2908245500259263,0.0,-5.309429591272307,-0.2531267783783431,0.0,-1.0763913339559283,0.2709753530795167,0.0,1.172324170224126,90.10999250776597,85.43997003106382,,-1.796639289734813
2025-04-23,18.0,89.69292823437641,98.14935936032676,12.589535902635657,9.0,83.77171293750563,18.0,89.66083268533225,83.64333074132901,18.0,89.84637688716913,84.38550754867654,18.0,89.82129247591465,84.2851699036586,0.035796621649497595,0.0,0.1534876660682638,-0.17079002861231096,0.0,-0.7273696977136201,-0.14291070413249285,0.0,-0.6091901656482102,90.10571369971467,85.42285479885872,,-1.6511418613530964
2025-04-24,18.0,90.76225859055795,98.80605181077192,12.721570993037378,9.0,88.04903436223181,18.0,89.69292823437641,83.77171293750563,18.0,90.68454729138142,87.7381891655257,18.0,90.47650474910702,86.9060189964281,1.192212560378536,0.0,5.105925705395453,0.08569409176939491,0.0,0.35428722619255115,0.3158320961263117,0.0,1.3152315328707864,90.11523882776304,85.46095531105217,,2.5880790511796334
2025-04-25,18.0,89.77752680455238,99.36618182749596,12.538680447241472,9.0,84.11010721820949,18.0,90.76225859055795,88.04903436223181,18.0,89.95063955277216,84.80255821108865,18.0,89.8500612627517,84.40024505100678,-1.0849573394243528,0.0,-4.473560865889404,-0.19245304878373615,0.0,-0.8165449338869313,-0.08072833471665097,0.0,-0.3437642066346447,90.11282101248973,85.45128404995894,,-1.3411768317494506
2025-04-26,18.0,90.8005371530822,99.6807056126689,12.805381862003609,9.0,88.20214861232878,18.0,89.77752680455238,84.11010721820949,18.0,90.41321116209588,86.65284464838354,18.0,90.23020782492141,85.92083129968564,1.1394949102985885,0.0,4.865100675122402,0.428395348431887,0.0,1.7879435698065604,0.6320824720557505,0.0,2.655138780822619,90.1318319900951,85.52732796038039,,2.6748206519483944
2025-04-27,18.0,90.4459202897974,99.56908521062842,12.668783031027731,9.0,86.78368115918963,18.0,90.8005371530822,88.20214861232878,18.0,89.8873242574779,84.5492970299116,18.0,89.93022897853605,84.72091591414419,-0.3905448958820057,0.0,-1.6082005659223686,0.621440271955831,0.0,2.642699830475892,0.5734348918253307,0.0,2.4347768467657183,90.14902170047047,85.5960868018819,,1.1875943573077308
2025-04-28,18.0,89.92267514671958,98.91382360315446,12.659499903350337,9.0,84.69070058687834,18.0,90.4459202897974,86.78368115918963,18.0,90.83333162961377,88.33332651845505,18.0,90.12839162866236,85.51356651464944,-0.5785171309013015,0.0,-2.411721356313612,-1.0025576146513226,0.0,-4.1237277878532925,-0.2282482558773946,0.0,-0.9622636048399857,90.14216448440571,85.56865793762286,,-0.8779573507445235
2025-04-29,18.0,89.09335326399142,97.4689716239103,12.295691943738548,9.0,81.37341305596568,18.0,89.92267514671958,84.69070058687834,18.0,89.66083268533225,83.64333074132901,18.0,89.88576372809523,84.54305491238092,-0.9222611331068942,0.0,-3.9169442547114963,-0.6329178576027994,0.0,-2.7138059487171184,-0.8815750473020967,0.0,-3.749145165975143,90.1157508022689,85.46300320907568,,-4.089590153109995
2025-04-30,18.0,89.99034084786408,98.35984247692639,12.206407693539138,9.0,84.96136339145633,18.0,89.09335326399142,81.37341305596568,18.0,89.69292823437641,83.77171293750563,18.0,90.33353273636418,86.3341309454567,1.006795177205655,0.0,4.409241545543852,0.3315898135363593,0.0,1.420109977741757,-0.3799163811092132,0.0,-1.5900635576764577,90.10431107265227,85.417244290609,,-0.4558808991526746
2025-05-01,18.0,90.05081502676671,98.55323896644477,12.635492906531148,9.0,85.20326010706685,18.0,89.99034084786408,84.96136339145633,18.0,90.76225859055795,88.04903436223181,18.0,89.22747179629678,81.90988718518713,0.06720074436086243,0.0,0.2847137874847805,-0.7838539662181176,0.0,-3.232033463828232,0.9227463402186276,0.0,4.020726966005772,90.13175584700124,85.527023388005,,-0.3237632809381523
2025-05-02,18.0,90.58360886665218,99.28038553390272,12.539228675959158,9.0,87.33443546660875,18.0,90.05081502676671,85.20326010706685,18.0,89.77752680455238,84.11010721820949,18.0,89.81834399580573,84.2733759832229,0.5916590979516467,0.0,2.5012838204357957,0.8978661930113763,0.0,3.8334611083472803,0.852014006050017,0.0,3.6322972085457206,90.15726467602947,85.62905870411785,,1.7053767624909
2025-05-03,18.0,90.79422358812006,100.05694907043898,12.689946132065504,9.0,88.17689435248022,18.0,90.58360886665218,87.33443546660875,18.0,90.8005371530822,88.20214861232878,18.0,90.14828633834715,85.59314535338862,0.2325086448895286,0.0,0.9646354056912276,-0.006953224243044787,0.0,-0.028632250172910823,0.7165274860007509,0.0,3.0186400890212184,90.17879591768857,85.71518367075424,,2.4617106817259753
2025-05-04,18.0,89.65750641042813,98.22539821971064,12.521841193357478,9.0,83.6300256417125,18.0,90.79422358812006,88.17689435248022,18.0,90.4459202897974,86.78368115918963,18.0,90.26684762400309,86.06739049601238,-1.2519708113244654,0.0,-5.156530794328007,-0.8716964533536986,0.0,-3.6339268804376768,-0.675044304319905,0.0,-2.831926052658462,90.15848454390272,85.6339381756109,,-2.0039125338983865
2025-05-05,18.0,90.40059088199409,100.31389528599081,12.814822783720729,9.0,86.60236352797637,18.0,89.65750641042813,83.6300256417125,18.0,89.92267514671958,84.69070058687834,18.0,90.74647631137691,87.98590524550765,0.8288034112440279,0.0,3.5541515902409726,0.5314741076093865,0.0,2.2572288667478846,-0.381155768733088,0.0,-1.5724583541770532,90.14695502958996,85.58782011835986,,1.0145434096165076
2025-05-06,18.0,90.38270107800668,99.93454670375392,12.693577806215297,9.0,86.5308043120267,18.0,90.40059088199409,86.60236352797637,18.0,89.09335326399142,81.37341305596568,18.0,89.80448766656721,84.21795066626885,-0.01978947683071164,0.0,-0.0826296339204946,1.4471874351780212,0.0,6.33793159507019,0.6438580370129232,0.0,2.7462715816049865,90.16622880997127,85.66491523988513,,0.8658890721415702
2025-05-07,18.0,90.53670635120523,99.9945567611586,12.6917247918486,9.0,87.14682540482089,18.0,90.38270107800668,86.5308043120267,18.0,89.99034084786408,84.96136339145633,18.0,90.73974088093044,87.95896352372175,0.17039242173746416,0.0,0.7119095883736826,0.6071379419095857,0.0,2.5723010155747073,-0.22375480440443019,0.0,-0.9233147894948002,90.15946099231378,85.6378439692551,,1.5089814355657865
2025-05-08,18.0,90.24934495606777,99.21445000043798,12.718607409312858,9.0,85.99737982427109,18.0,90.53670635120523,87.14682540482089,18.0,90.05081502676671,85.20326010706685,18.0,89.67048808667016,83.68195234668066,-0.31739766854642637,0.0,-1.318975849332782,0.22046433365656704,0.0,0.9320297324378668,0.6455377702841547,0.0,2.7669376880668395,90.1787562212937,85.71502488517477,,0.28235493909632225
2025-05-09,18.0,89.02875115451911,98.68876663783128,12.50087492031658,9.0,81.11500461807645,18.0,90.24934495606777,85.99737982427109,18.0,90.58360886665218,87.33443546660875,18.0,90.66432320577232,87.65729282308929,-1.352468322227518,0.0,-5.677353445153088,-1.7164890332664662,0.0,-7.121395833502831,-1.803986390039114,0.0,-7.463484205719817,90.12423715291858,85.49694861167434,,-4.381943993597886
2025-05-10,18.0,89.92228878373612,98.80551484654919,12.543352730424216,9.0,84.68915513494449,18.0,89.02875115451911,81.11500461807645,18.0,90.79422358812006,88.17689435248022,18.0,90.40873356334919,86.63493425339675,1.0036506382822052,0.0,4.4062754279515115,-0.9603417155031768,0.0,-3.955389042841284,-0.5380506511267646,0.0,-2.2459520922138543,90.10802232693148,85.43208930772593,,-0.742934172781446
2025-05-11,18.0,89.42214621254155,98.34873012671859,12.626248062781274,9.0,82.68858485016617,18.0,89.92228878373612,84.68915513494449,18.0,89.65750641042813,83.6300256417125,18.0,89.54327071018389,83.17308284073556,-0.55619421831824,0.0,-2.3622508473376436,-0.26251030985533497,0.0,-1.125721036580396,-0.13526923540058133,0.0,-0.5825177738056686,90.10398484367673,85.41593937470698,,-2.7273545245408144
2025-05-12,18.0,89.89869711354096,98.9735540947697,12.474842583106907,9.0,84.59478845416385,18.0,89.42214621254155,82.68858485016617,18.0,90.40059088199409,86.60236352797637,18.0,90.15351961862591,85.61407847450364,0.5329226832318845,0.0,2.305280236022633,-0.5551885928580802,0.0,-2.318152752452285,-0.2826539730926947,0.0,-1.1905635597576958,90.09549076017392,85.38196304069564,,-0.7871745865317905
2025-05-13,18.0,90.49000211806695,99.88991385014532,12.700925015282731,9.0,86.96000847226779,18.0,89.89869711354096,84.59478845416385,18.0,90.38270107800668,86.5308043120267,18.0,89.9743820822339,84.89752832893562,0.6577459112440565,0.0,2.7959405789938163,0.11871855872913617,0.0,0.4960131408155988,0.5730742728099925,0.0,2.429375959381397,90.11267809470168,85.4507123788067,,1.5092960934610886
2025-05-14,18.0,90.15257541793748,99.48628699923273,12.466603579097617,9.0,85.61030167174995,18.0,90.49000211806695,86.96000847226779,18.0,90.53670635120523,87.14682540482089,18.0,90.3127922968375,86.25116918735,-0.3728883768719715,0.0,-1.5521005853492587,-0.4242819832407374,0.0,-1.763143666947553,-0.17740219832138582,0.0,-0.7430247284045399,90.10733753207168,85.4293501282867,,0.1809515434632516
2025-05-15,18.0,90.57404543319872,99.39388733729629,12.700760746399421,9.0,87.29618173279486,18.0,90.15257541793748,85.61030167174995,18.0,90.24934495606777,85.99737982427109,18.0,89.88836420578335,84.55345682313339,0.4675074597784379,0.0,1.96924906012943,0.3597815333607146,0.0,1.5102807913191851,0.7628142234801683,0.0,3.2437762011299442,90.13019357298552,85.52077429194209,,1.7754074408527742
2025-05-16,18.0,90.17087696035676,98.92146779667948,12.643221738627242,9.0,85.68350784142707,18.0,90.57404543319872,87.29618173279486,18.0,89.02875115451911,81.11500461807645,18.0,89.84637688716913,84.38550754867654,-0.44512583148260676,0.0,-1.8473590245951743,1.2828729944277972,0.0,5.632130879929131,0.36117213006279236,0.0,1.5381791618682916,90.14101024209178,85.56404096836712,,0.11946687305994885
2025-05-17,18.0,89.35083703016555,98.60587221175815,12.676762680414646,9.0,82.4033481206622,18.0,90.17087696035676,85.68350784142707,18.0,89.92228878373612,84.68915513494449,18.0,90.68454729138142,87.7381891655257,-0.9094288065444212,0.0,-3.8282276290968476,-0.6354951161718247,0.0,-2.699055163131636,-1.4707139210062836,0.0,-6.080409335550396,90.09655323338458,85.38621293353832,,-2.982864812876116
2025-05-18,18.0,88.73957649671364,97.97115243833062,12.267043320195732,9.0,79.95830598685453,18.0,89.35083703016555,82.4033481206622,18.0,89.42214621254155,82.68858485016617,18.0,89.95063955277216,84.80255821108865,-0.6841128228553095,0.0,-2.9671635796004625,-0.7633117127445743,0.0,-3.30188123095706,-1.3463640304058222,0.0,-5.712389256201355,90.0561844648493,85.2247378593972,,-5.266431872542668
2025-05-19,18.0,90.0744043808398,98.88516925651234,12.55032789573219,9.0,85.29761752335918,18.0,88.73957649671364,79.95830598685453,18.0,89.89869711354096,84.59478845416385,18.0,90.41321116209588,86.65284464838354,1.5042080848510553,0.0,6.67761963013882,0.19545029343075448,0.0,0.8308184015096254,-0.37473149875039136,0.0,-1.5639730357653536,90.0448909054741,85.17956362189639,,0.11805390146278683
2025-05-20,18.0,89.89303676682442,98.08874640866765,12.667293390012835,9.0,84.57214706729766,18.0,90.0744043808398,85.29761752335918,18.0,90.49000211806695,86.96000847226779,18.0,89.8873242574779,84.5492970299116,-0.20135310942334117,0.0,-0.8505166698974276,-0.6597031022981259,0.0,-2.7459305109562293,0.006355189003248718,0.0,0.027025697656579695,90.0450813224523,85.18032528980925,,-0.608178222511583
2025-05-21,18.0,89.51152713030906,98.35902179533585,12.565145523883002,9.0,83.04610852123623,18.0,89.89303676682442,84.57214706729766,18.0,90.15257541793748,85.61030167174995,18.0,90.83333162961377,88.33332651845505,-0.4244039919409581,0.0,-1.8044221401250393,-0.7110704099761889,0.0,-2.995192284621817,-1.455197641207917,0.0,-5.98553026995331,90.00102117247549,85.00408468990196,,-1.9579761686657235
2025-05-22,18.0,89.14968637517431,98.37641791210467,12.498986597658154,9.0,81.59874550069725,18.0,89.51152713030906,83.04610852123623,18.0,90.57404543319872,87.29618173279486,18.0,89.66083268533225,83.64333074132901,-0.4042392826210994,0.0,-1.7428426765702998,-1.5725907473956413,0.0,-6.526558343109345,-0.5700887386935416,0.0,-2.4444091627038866,89.98398296213689,84.93593184854757,,-3.33718634785032
2025-05-23,18.0,89.63262839326364,99.49859965579991,12.452954404761059,9.0,83.53051357305458,18.0,89.14968637517431,81.59874550069725,18.0,90.17087696035676,85.68350784142707,18.0,89.69292823437641,83.77171293750563,0.5417203780806679,0.0,2.367399229612932,-0.5969206302937069,0.0,-2.512728905026862,-0.06722920334945037,0.0,-0.2879245941061148,89.98197296743314,84.92789186973252,,-1.3973782966779424
2025-05-24,18.0,89.90275425756761,98.29405070215404,12.527303761250323,9.0,84.61101703027045,18.0,89.63262839326364,83.53051357305458,18.0,89.35083703016555,82.4033481206622,18.0,90.76225859055795,88.04903436223181,0.30137001351648873,0.0,1.2935434142528957,0.6176967622762541,0.0,2.6791009831003354,-0.9469842931825845,0.0,-3.904662165649009,89.95332282300014,84.81329129200049,,-0.20227426173003948
2025-05-25,18.0,90.33293891185319,99.15294717662323,12.771115548481774,9.0,86.33175564741278,18.0,89.90275425756761,84.61101703027045,18.0,88.73957649671364,79.95830598685453,18.0,89.77752680455238,84.11010721820949,0.47849997237361386,0.0,2.033705157481691,1.7955488160331212,0.0,7.970966345392649,0.6186538291592214,0.0,2.641357266897293,89.97183655991014,84.88734623964059,,1.4444094077721843
2025-05-26,18.0,90.094315540784,98.90904531409971,12.608053256334369,9.0,85.37726216313597,18.0,90.33293891185319,86.33175564741278,18.0,90.0744043808398,85.29761752335918,18.0,90.8005371530822,88.20214861232878,-0.2641598667591727,0.0,-1.1056111127579205,0.02210523631109851,0.0,0.09337264285838032,-0.7777725049220585,0.0,-3.202741082429772,89.9482958395002,84.79318335800082,,0.5840788051351495
2025-05-27,18.0,90.80403362358636,100.56233965566075,12.75010067691654,9.0,88.21613449434545,18.0,90.094315540784,85.37726216313597,18.0,89.89303676682442,84.57214706729766,18.0,90.4459202897974,86.78368115918963,0.7877501244582863,0.0,3.325091785896195,1.013423163270133,0.0,4.308732311298802,0.39594194259016113,0.0,1.6506021823714079,89.9602329506265,84.84093180250602,,3.3752026918394336
2025-05-28,18.0,89.4821979719773,98.41294701894572,12.515988883199174,9.0,82.92879188790921,18.0,90.80403362358636,88.21613449434545,18.0,89.51152713030906,83.04610852123623,18.0,89.92267514671958,84.69070058687834,-1.4557014692634929,0.0,-5.9936230903147925,-0.03276578924753526,0.0,-0.1412668641746384,-0.48983993639378776,0.0,-2.080403972053224,89.94555037813508,84.78220151254037,,-1.8534096246311549
2025-05-29,18.0,90.44052944602872,99.03091911094546,12.543365570919047,9.0,86.76211778411486,18.0,89.4821979719773,82.92879188790921,18.0,89.14968637517431,81.59874550069725,18.0,89.09335326399142,81.37341305596568,1.0709744460585702,0.0,4.622430652778564,1.447950209742821,0.0,6.327759393523391,1.5120950471417371,0.0,6.6221933255313115,89.99045625086968,84.9618250034787,,1.8002927806361697
2025-05-30,18.0,90.02364937156436,99.30536195018172,12.69669195462651,9.0,85.09459748625746,18.0,90.44052944602872,86.76211778411486,18.0,89.63262839326364,83.53051357305458,18.0,89.99034084786408,84.96136339145633,-0.46094386777461027,0.0,-1.9219451304849478,0.4362484792759913,0.0,1.8724701265423915,0.03701344320563571,0.0,0.15681727491501096,89.991566534993,84.96626613997205,,0.12833134628540677
2025-05-31,18.0,90.34733456205929,99.17974875824476,12.69895007714155,9.0,86.38933824823717,18.0,90.02364937156436,85.09459748625746,18.0,89.90275425756761,84.61101703027045,18.0,90.05081502676671,85.20326010706685,0.35955573091570603,0.0,1.5215310962471085,0.4945124408735957,0.0,2.1017608349164663,0.3292802349478263,0.0,1.3920572284204624,90.00145051950277,85.00580207801107,,1.383536170226094
2025-06-01,18.0,89.78174256836722,98.14772318852496,12.800007643308131,9.0,84.12697027346891,18.0,90.34733456205929,86.38933824823717,18.0,90.33293891185319,86.33175564741278,18.0,90.58360886665218,87.33443546660875,-0.62601956818501,0.0,-2.618804612517589,-0.6101831182796169,0.0,-2.553852122443123,-0.8852222916680086,0.0,-3.6726237205325196,89.97472164289326,84.89888657157307,,-0.7719162981041592
2025-06-02,18.0,90.5358401869453,99.14303755200176,12.573459488207288,9.0,87.14336074778117,18.0,89.78174256836722,84.12697027346891,18.0,90.094315540784,85.37726216313597,18.0,90.79422358812006,88.17689435248022,0.839923125800146,0.0,3.5855213429260235,0.49006937175901655,0.0,2.0685818915938237,-0.2845813213260162,0.0,-1.1721138653030483,89.9661088628541,84.86443545141644,,2.278925296364733
2025-06-03,18.0,90.14761237917263,100.02939459430121,12.702923025204216,9.0,85.59044951669048,18.0,90.5358401869453,87.14336074778117,18.0,90.80403362358636,88.21613449434545,18.0,89.65750641042813,83.6300256417125,-0.428811183472777,0.0,-1.7820189831618705,-0.7228987724651414,0.0,-2.976422615551433,0.5466424266819647,0.0,2.344162709427855,89.98244572847894,84.92978291391572,,0.6606666027747679
2025-06-04,18.0,89.66027750754112,98.81840986911998,12.421284454452058,9.0,83.6411100301645,18.0,90.14761237917263,85.59044951669048,18.0,89.4821979719773,82.92879188790921,18.0,90.40059088199409,86.60236352797637,-0.5405965380222311,0.0,-2.2775198606076463,0.19901113249318758,0.0,0.8589515487191557,-0.8189253712062028,0.0,-3.419367990869271,89.95776861599715,84.83107446398864,,-1.1899644338241444
2025-06-05,18.0,89.99398798554341,99.04726681182403,12.614892974743386,9.0,84.97595194217362,18.0,89.66027750754112,83.6411100301645,18.0,90.44052944602872,86.76211778411486,18.0,90.38270107800668,86.5308043120267,0.37219433987834005,0.0,1.5959160651116688,-0.49374043166320325,0.0,-2.0586932264443525,-0.43007465790138033,0.0,-1.7968772880537887,89.94481151291505,84.77924605166021,,0.1967058905134138
2025-06-06,18.0,89.88022207053145,98.74329740967858,12.68088174878072,9.0,84.5208882821258,18.0,89.99398798554341,84.97595194217362,18.0,90.02364937156436,85.09459748625746,18.0,90.53670635120523,87.14682540482089,-0.12641501677894684,0.0,-0.5355205203908753,-0.15932180269756513,0.0,-0.6742016779905602,-0.7251028970804207,0.0,-3.013233253760983,89.92292870355926,84.69171481423703,,-0.170826532111235
2025-06-07,18.0,90.2445891753189,99.41512251391019,12.427028972934998,9.0,85.97835670127559,18.0,89.88022207053145,84.5208882821258,18.0,90.34733456205929,86.38933824823717,18.0,90.24934495606777,85.99737982427109,0.4053918608495577,0.0,1.724388430804047,-0.11372265406437432,0.0,-0.47573179201886306,-0.005269601403967705,0.0,-0.022120584411267075,89.92277017753432,84.69108071013719,,1.2872759911384009
2025-06-08,18.0,89.41011162531275,98.49124076084529,12.496922380119624,9.0,82.64044650125098,18.0,90.2445891753189,85.97835670127559,18.0,89.78174256836722,84.12697027346891,18.0,89.02875115451911,81.11500461807645,-0.9246843025513596,0.0,-3.8822679661369763,-0.4139270774027093,0.0,-1.7670002466340318,0.4283565318486282,0.0,1.880591501359019,89.93548219322741,84.74192877290967,,-2.1014822716586963
2025-06-09,18.0,89.98532414894215,99.12994097794005,12.54162440744764,9.0,84.9412965957686,18.0,89.41011162531275,82.64044650125098,18.0,90.5358401869453,87.14336074778117,18.0,89.92228878373612,84.68915513494449,0.6433416905236911,0.0,2.7841694859221278,-0.608064206248482,0.0,-2.526944259570152,0.07009982292336403,0.0,0.297725795495718,89.93758337206762,84.75033348827047,,0.19096310749813483
2025-06-10,18.0,90.19765362632467,99.27484153409601,12.557475777855942,9.0,85.79061450529866,18.0,89.98532414894215,84.9412965957686,18.0,90.14761237917263,85.59044951669048,18.0,89.42214621254155,82.68858485016617,0.23596011837558883,0.0,0.9998880916215702,0.055510341129783036,0.0,0.2338636959362539,0.8672431233532008,0.0,3.751460568291809,89.96343361919371,84.85373447677489,,0.9368800285237739
2025-06-11,18.0,90.01651165359651,99.45256198810894,12.640832896729448,9.0,85.06604661438607,18.0,90.19765362632467,85.79061450529866,18.0,89.66027750754112,83.6411100301645,18.0,89.89869711354096,84.59478845416385,-0.20082781030934527,0.0,-0.8445771079863773,0.3973154622741726,0.0,1.7036318428912178,0.13105255564132,0.0,0.557077059750033,89.96736077052891,84.86944308211562,,0.19660353227044425
2025-06-12,18.0,90.6734706221945,99.75236985741432,12.80635445774949,9.0,87.69388248877799,18.0,90.01651165359651,85.06604661438607,18.0,89.99398798554341,84.97595194217362,18.0,90.49000211806695,86.96000847226779,0.7298205146252679,0.0,3.089171272181246,0.7550311435917667,0.0,3.1984702548009336,0.2027500274429883,0.0,0.8439212799113749,89.97347638733315,84.89390554933264,,2.7999769394453438
2025-06-13,18.0,90.38701138703553,98.93674310796277,12.640853722662058,9.0,86.5480455481421,18.0,90.6734706221945,87.69388248877799,18.0,89.88022207053145,84.5208882821258,18.0,90.15257541793748,85.61030167174995,-0.3159239777559053,0.0,-1.3066326955959773,0.5638496488208355,0.0,2.398409798119694,0.2600435628280495,0.0,1.0953633594093404,89.98129091963642,84.92516367854572,,1.6228818695963838
2025-06-14,18.0,89.99625960162963,98.68967411634218,12.620024986984152,9.0,84.98503840651851,18.0,90.38701138703553,86.5480455481421,18.0,90.2445891753189,85.97835670127559,18.0,90.57404543319872,87.29618173279486,-0.432309664197994,0.0,-1.8059415804533296,-0.2751739200749559,0.0,-1.1553120260349603,-0.6379154522751507,0.0,-2.6474735554305684,89.96203139191746,84.84812556766984,,0.1369128388486729
2025-06-15,18.0,90.10834454874883,98.12966965687887,12.626599112130762,9.0,85.43337819499534,18.0,89.99625960162963,84.98503840651851,18.0,89.41011162531275,82.64044650125098,18.0,90.17087696035676,85.68350784142707,0.12454400617909478,0.0,0.5275514336208653,0.780932839410986,0.0,3.3796183491120013,-0.06934878944941936,0.0,-0.2919227430494997,89.9599469781972,84.83978791278878,,0.5935902822065628
2025-06-16,18.0,90.147832775741,100.1760246113363,12.620876939239382,9.0,85.591331102964,18.0,90.10834454874883,85.43337819499534,18.0,89.98532414894215,84.9412965957686,18.0,89.35083703016555,82.4033481206622,0.04382305233761041,0.0,0.18488430553238455,0.1805945895464678,0.0,0.7652749996140074,0.8919846439786161,0.0,3.868754189009027,89.98651350304972,84.94605401219884,,0.6452770907651626
2025-06-17,18.0,90.20164980208341,99.6531920782681,12.519296708520468,9.0,85.80659920833365,18.0,90.147832775741,85.591331102964,18.0,90.19765362632467,85.79061450529866,18.0,88.73957649671364,79.95830598685453,0.059698635768978825,0.0,0.25150690215425264,0.004430465314864129,0.0,0.018632228160586628,1.647600048467579,0.0,7.314178495027912,90.03524927989538,85.14099711958147,,0.6656020887521805
2025-06-18,18.0,89.0871710021677,97.58085285481985,12.583048400475768,9.0,81.34868400867079,18.0,90.20164980208341,85.80659920833365,18.0,90.01651165359651,85.06604661438607,18.0,90.0744043808398,85.29761752335918,-1.2355414810716447,0.0,-5.195305769943515,-1.0324113147209268,0.0,-4.369972220016882,-1.096019879851795,0.0,-4.629594154381811,90.00234150060629,85.00936600242518,,-3.6606819937543946
2025-06-19,18.0,89.84923685211533,98.69323811262832,12.60841269611203,9.0,84.3969474084613,18.0,89.0871710021677,81.34868400867079,18.0,90.6734706221945,87.69388248877799,18.0,89.89303676682442,84.57214706729766,0.855415927315839,0.0,3.7471576054820988,-0.9090131484141395,0.0,-3.759595295303053,-0.04872447998692797,0.0,-0.2071599987841677,90.00088150344934,85.00352601379731,,-0.6065786053360114
2025-06-20,18.0,89.25778046590328,97.8651202753904,12.535577414226719,9.0,82.03112186361315,18.0,89.84923685211533,84.3969474084613,18.0,90.38701138703553,86.5480455481421,18.0,89.51152713030906,83.04610852123623,-0.6582764717139811,0.0,-2.8032122221176015,-1.2493287517792773,0.0,-5.218978263369822,-0.2834793155035542,0.0,-1.2221965311758565,89.99242328130248,84.96969312520987,,-2.9385712615967208
2025-06-21,18.0,90.63914047372974,100.47432812678977,12.608828703419606,9.0,87.55656189491897,18.0,89.25778046590328,82.03112186361315,18.0,89.99625960162963,84.98503840651851,18.0,89.14968637517431,81.59874550069725,1.547607391328909,0.0,6.735785035943476,0.7143417681421793,0.0,3.025854358151614,1.670733974640437,0.0,7.301357830520594,90.04207175125431,85.16828700501726,,2.3882748899017088
2025-06-22,18.0,89.96957523999853,98.25659418186294,12.549818493800872,9.0,84.87830095999415,18.0,90.63914047372974,87.55656189491897,18.0,90.10834454874883,85.43337819499534,18.0,89.63262839326364,83.53051357305458,-0.7387153389051271,0.0,-3.058892305683658,-0.15400272798844483,0.0,-0.6497194032691445,0.3759198550515874,0.0,1.6135269966475407,90.05330331281215,85.21321325124859,,-0.3349122912544402
2025-06-23,18.0,89.90332952516019,98.9509005070856,12.568852713751351,9.0,84.61331810064075,18.0,89.96957523999853,84.87830095999415,18.0,90.147832775741,85.591331102964,18.0,89.90275425756761,84.61101703027045,-0.07363124107414576,0.0,-0.31219152169208453,-0.27122476830813147,0.0,-1.142654273184196,0.000639877607011563,0.0,0.0027195871779683856,90.05332248839856,85.21328995359427,,-0.5999718529535158
2025-06-24,18.0,90.44839866601662,99.43897461133585,12.50936334389744,9.0,86.79359466406648,18.0,89.90332952516019,84.61331810064075,18.0,90.20164980208341,85.80659920833365,18.0,90.33293891185319,86.33175564741278,0.6062835978770886,0.0,2.576753414672206,0.27355249540845783,0.0,1.150255883392437,0.1278157840918892,0.0,0.5349584439587884,90.05717114687067,85.22868458748273,,1.5649100765837431
2025-06-25,18.0,90.21116239872494,99.645697953952,12.460759303301725,9.0,85.84464959489975,18.0,90.44839866601662,86.79359466406648,18.0,89.0871710021677,81.34868400867079,18.0,90.094315540784,85.37726216313597,-0.2622890739809369,0.0,-1.0933353697811565,1.261675933709805,0.0,5.526783427436577,0.12969392934456536,0.0,0.5474378305440508,90.06106604213538,85.24426416854152,,0.6003854263582298
2025-06-26,18.0,89.4356827428104,98.3272464032291,12.4609207909296,9.0,82.74273097124158,18.0,90.21116239872494,85.84464959489975,18.0,89.84923685211533,84.3969474084613,18.0,90.80403362358636,88.21613449434545,-0.8596271628637187,0.0,-3.613409383457322,-0.4602755947561432,0.0,-1.9600429731346791,-1.5069274195992688,0.0,-6.204537927758224,90.01545434610951,85.06181738443804,,-2.319086413196459
2025-06-27,18.0,89.96454731873632,98.08189761228225,12.647288701267325,9.0,84.85818927494526,18.0,89.4356827428104,82.74273097124158,18.0,89.25778046590328,82.03112186361315,18.0,89.4821979719773,82.92879188790921,0.5913350909913406,0.0,2.5566696661715627,0.7918266050801259,0.0,3.4463351799972397,0.539045036544672,0.0,2.326571198147831,90.03153265766815,85.12613063067259,,-0.2679413557273307
2025-06-28,18.0,89.8324165133868,98.69009924740428,12.51122457288116,9.0,84.32966605354723,18.0,89.96454731873632,84.85818927494526,18.0,90.63914047372974,87.55656189491897,18.0,90.44052944602872,86.76211778411486,-0.14686986072568464,0.0,-0.6228311326389346,-0.8900392878027685,0.0,-3.685498575474566,-0.6723898415530782,0.0,-2.8035873174743875,90.01126222658009,85.04504890632033,,-0.7153828527731037
2025-06-29,18.0,89.12773355569698,97.55442580229503,12.376002178038506,9.0,81.5109342227879,18.0,89.8324165133868,84.32966605354723,18.0,89.96957523999853,84.87830095999415,18.0,90.02364937156436,85.09459748625746,-0.7844417249811109,0.0,-3.342515110838351,-0.9356959639477025,0.0,-3.9672881044042096,-0.9952005080015924,0.0,-4.211387525569188,89.98139836605118,84.9255934642047,,-3.4146592414167998
2025-06-30,18.0,89.6548618833814,98.66013784499783,12.470212098349629,9.0,83.61944753352559,18.0,89.12773355569698,81.5109342227879,18.0,89.90332952516019,84.61331810064075,18.0,90.34733456205929,86.38933824823717,0.5914301942335554,0.0,2.5867858476197103,-0.27637201324034466,0.0,-1.1746029932699686,-0.7664561240622203,0.0,-3.2062876865110113,89.95831594342856,84.83326377371431,,-1.21381624018872
2025-07-01,18.0,89.90822983899177,99.61614134115112,12.541617935144318,9.0,84.63291935596708,18.0,89.6548618833814,83.61944753352559,18.0,90.44839866601662,86.79359466406648,18.0,89.78174256836722,84.12697027346891,0.2826036985478231,0.0,1.2120049250925247,-0.5972121507860306,0.0,-2.489440973682755,0.14088306487061164,0.0,0.601411272572272,89.96253218578272,84.8501287431309,,-0.21720938716381966
2025-07-02,18.0,89.94252453425408,98.06706436556335,12.556567538513562,9.0,84.77009813701632,18.0,89.90822983899177,84.63291935596708,18.0,90.21116239872494,85.84464959489975,18.0,90.5358401869453,87.14336074778117,0.038144111305182804,0.0,0.16208678856068914,-0.2977878317136695,0.0,-1.2517395818542387,-0.6553378766531504,0.0,-2.7234003719844857,89.94275499735969,84.77101998943873,,-0.0009218524224081648
2025-07-03,18.0,89.25888428816134,97.78466134927753,12.712795945563244,9.0,82.03553715264539,18.0,89.94252453425408,84.77009813701632,18.0,89.4356827428104,82.74273097124158,18.0,90.14761237917263,85.59044951669048,-0.7600856765282105,0.0,-3.2258556312521725,-0.1976822328929706,0.0,-0.854689965263522,-0.9858587127889562,0.0,-4.153398403815922,89.91313072765931,84.65252291063724,,-2.6169857579918556
2025-07-04,18.0,90.57583279152374,99.35706959378437,12.786078653662056,9.0,87.30333116609495,18.0,89.25888428816134,82.03553715264539,18.0,89.96454731873632,84.85818927494526,18.0,89.66027750754112,83.6411100301645,1.475425683241549,0.0,6.421356154038049,0.6794737382734617,0.0,2.8814448105029644,1.0211381332224878,0.0,4.378494181401593,89.94364923712538,84.77459694850158,,2.5287342175933674
2025-07-05,18.0,89.94894847055428,98.75302776990311,12.695330197105775,9.0,84.79579388221713,18.0,90.57583279152374,87.30333116609495,18.0,89.8324165133868,84.32966605354723,18.0,89.99398798554341,84.97595194217362,-0.6921099167946254,0.0,-2.8722126067643683,0.12972149886463225,0.0,0.5527447818587605,-0.0500472487077297,0.0,-0.2120106404681299,89.9421479199591,84.76859167983638,,0.02720220238074944
2025-07-06,18.0,90.01877653833029,99.39071702421595,12.71948675179358,9.0,85.07510615332113,18.0,89.94894847055428,84.79579388221713,18.0,89.12773355569698,81.5109342227879,18.0,89.88022207053145,84.5208882821258,0.07763077719453726,0.0,0.32939401627865017,0.9997370594827082,0.0,4.3726304507706315,0.15415456772025493,0.0,0.6557170451704009,89.94676640221905,84.78706560887622,,0.288040544444911
2025-07-07,18.0,90.20032081916992,99.13358069230623,12.528162827750384,9.0,85.80128327667967,18.0,90.01877653833029,85.07510615332113,18.0,89.6548618833814,83.61944753352559,18.0,90.2445891753189,85.97835670127559,0.2016737927584833,0.0,0.8535718098897638,0.6083986125571483,0.0,2.609244389326193,-0.049053751093020015,0.0,-0.20595116188500961,89.94529079034743,84.78116316138969,,1.0201201152899841
2025-07-08,18.0,89.60596187304816,98.77445942321322,12.422598200728018,9.0,83.42384749219266,18.0,90.20032081916992,85.80128327667967,18.0,89.90822983899177,84.63291935596708,18.0,89.41011162531275,82.64044650125098,-0.658932186409078,0.0,-2.7708627350252923,-0.3361961040551198,0.0,-1.42860706327409,0.2190470900608421,0.0,0.9479631634490504,89.9518191319386,84.8072765277544,,-1.3834290355617327
2025-07-09,18.0,90.22817798656635,98.9381092633571,12.521257888965884,9.0,85.91271194626539,18.0,89.60596187304816,83.42384749219266,18.0,89.94252453425408,84.77009813701632,18.0,89.98532414894215,84.9412965957686,0.6943914227490078,0.0,2.983396868989585,0.3175955464797875,0.0,1.3478972354169505,0.2698816056074138,0.0,1.1436314130212732,89.95991425985942,84.83965703943764,,1.0730549068277497
2025-07-10,18.0,89.81646267699091,98.91307111739899,12.707755388112512,9.0,84.26585070796364,18.0,90.22817798656635,85.91271194626539,18.0,89.25888428816134,82.03553715264539,18.0,90.19765362632467,85.79061450529866,-0.4563045810774824,0.0,-1.9169005389234939,0.6246755079634347,0.0,2.718716342611671,-0.4226173675348277,0.0,-1.7773083992082328,89.94720789488161,84.78883157952646,,-0.5229808715628224
2025-07-11,18.0,89.55170722967641,98.89577676808292,12.48251983326645,9.0,83.20682891870561,18.0,89.81646267699091,84.26585070796364,18.0,90.57583279152374,87.30333116609495,18.0,90.01651165359651,85.06604661438607,-0.29477385261390543,0.0,-1.2567627103513446,-1.130683020275991,0.0,-4.692263390953233,-0.5163546280362086,0.0,-2.185616670430801,89.93171441408428,84.72685765633712,,-1.520028737631506
2025-07-12,18.0,90.2867237466777,98.94924634647693,12.51500570631095,9.0,86.14689498671079,18.0,89.55170722967641,83.20682891870561,18.0,89.94894847055428,84.79579388221713,18.0,90.6734706221945,87.69388248877799,0.820773316042045,0.0,3.533443235623923,0.3755188713895574,0.0,1.5933586356539964,-0.4265270457422421,0.0,-1.7640768753341085,89.91882285156706,84.6752914062682,,1.47160358044259
2025-07-13,18.0,90.74583692940091,100.21109968224427,12.661317550094147,9.0,87.98334771760362,18.0,90.2867237466777,86.14689498671079,18.0,90.01877653833029,85.07510615332113,18.0,90.38701138703553,86.5480455481421,0.5085057510906932,0.0,2.1317689177028587,0.8076763748961158,0.0,3.4184401240020756,0.3969879486654282,0.0,1.6583877317751128,89.93078370297923,84.72313481191692,,3.2602129056867
2025-07-14,18.0,90.36241468674291,99.424842539781,12.626877502972546,9.0,86.44965874697166,18.0,90.74583692940091,87.98334771760362,18.0,90.20032081916992,85.80128327667967,18.0,89.99625960162963,84.98503840651851,-0.4225232315134164,0.0,-1.7431582343906404,0.17970431379945584,0.0,0.7556710640343356,0.40685589238271813,0.0,1.7233861017362573,89.942988872483,84.77195548993203,,1.6777032570396386
2025-07-15,18.0,90.46148878257021,100.03036778106836,12.691449756929288,9.0,86.84595513028086,18.0,90.36241468674291,86.44965874697166,18.0,89.60596187304816,83.42384749219266,18.0,90.10834454874883,85.43337819499534,0.10964082375484185,0.0,0.4584128949185473,0.9547656111700942,0.0,4.102073616789803,0.39191068883783764,0.0,1.653425119233165,89.95476034694371,84.81904138777487,,2.0269137425059824
2025-07-16,18.0,89.73968469671885,98.61294321635225,12.588650959611845,9.0,83.9587387868754,18.0,90.46148878257021,86.84595513028086,18.0,90.22817798656635,85.91271194626539,18.0,90.147832775741,85.591331102964,-0.7979131181294896,0.0,-3.324525982901838,-0.5413977105026224,0.0,-2.274370247574209,-0.45275417772657756,0.0,-1.9074271833962264,89.94115541097631,84.76462164390526,,-0.8058828570298573
2025-07-17,18.0,89.20119013541577,98.3119314765384,12.405348562570857,9.0,81.80476054166309,18.0,89.73968469671885,83.9587387868754,18.0,89.81646267699091,84.26585070796364,18.0,90.20164980208341,85.80659920833365,-0.6000629076455488,0.0,-2.5655200117763455,-0.6850331478627236,0.0,-2.920625788054809,-1.1091367717362188,0.0,-4.663788920190537,89.90780675542072,84.6312270216829,,-2.8264664800198176
2025-07-18,18.0,90.74506876104992,99.79927252131566,12.772875265798362,9.0,87.98027504419969,18.0,89.20119013541577,81.80476054166309,18.0,89.55170722967641,83.20682891870561,18.0,89.0871710021677,81.34868400867079,1.7307825414553335,0.0,7.549089394854258,1.332594953564481,0.0,5.736844183976553,1.8609837311388988,0.0,8.152056934101171,89.96307001405013,84.85228005620054,,3.127994987999145
2025-07-19,18.0,91.02725744470239,100.08187705815234,12.679896688883318,9.0,89.10902977880951,18.0,90.74506876104992,87.98027504419969,18.0,90.2867237466777,86.14689498671079,18.0,89.84923685211533,84.3969474084613,0.3109686151602675,0.0,1.2829634074714713,0.8202022039280665,0.0,3.4384695960959055,1.3111080670902053,0.0,5.583237919190198,90.00233736713636,85.00934946854548,,4.099680310264034
2025-07-20,18.0,90.77140338688484,99.97800893968618,12.692368840493375,9.0,88.08561354753937,18.0,91.02725744470239,89.10902977880951,18.0,90.74583692940091,87.98334771760362,18.0,89.25778046590328,82.03112186361315,-0.281074114501334,0.0,-1.1484989050049355,0.028173697382749552,0.0,0.11623316523938776,1.6957882137342395,0.0,7.380725200848226,90.05279146450242,85.2111658580097,,2.874447689529674
2025-07-21,18.0,89.83210703051013,99.0837214681736,12.645172391321756,9.0,84.3284281220405,18.0,90.77140338688484,88.08561354753937,18.0,90.36241468674291,86.44965874697166,18.0,90.63914047372974,87.55656189491897,-1.0347932513186442,0.0,-4.265379185298091,-0.5868675135244916,0.0,-2.4537177539818433,-0.8903807328728086,0.0,-3.6869124403864917,90.02589034972843,85.10356139891374,,-0.775133276873234
2025-07-22,18.0,89.42268283063558,97.74016865773714,12.454993455894549,9.0,82.6907313225423,18.0,89.83210703051013,84.3284281220405,18.0,90.46148878257021,86.84595513028086,18.0,89.96957523999853,84.87830095999415,-0.45576599882656277,0.0,-1.942045922079938,-1.1483405434896898,0.0,-4.784591062997867,-0.6078637227130312,0.0,-2.57730139824891,90.00766060274967,85.03064241099868,,-2.3399110884563754
2025-07-23,18.0,89.46715865109022,99.13069132060818,12.468467068794517,9.0,82.86863460436086,18.0,89.42268283063558,82.6907313225423,18.0,89.73968469671885,83.9587387868754,18.0,89.90332952516019,84.61331810064075,0.04973662056066974,0.0,0.21514295371827252,-0.30368509377948216,0.0,-1.298380845478997,-0.48515541790685734,0.0,-2.061949035262667,89.993121573614,84.97248629445602,,-2.103851690095155
2025-07-24,18.0,89.15813371619298,97.14411556753738,12.541305525236332,9.0,81.6325348647719,18.0,89.46715865109022,82.86863460436086,18.0,89.20119013541577,81.80476054166309,18.0,90.44839866601662,86.79359466406648,-0.3454060009912663,0.0,-1.491637632851639,-0.04826888425751852,0.0,-0.21053258484079462,-1.4265205010295157,0.0,-5.946360234612236,89.95011274195322,84.80045096781286,,-3.167916103040966
2025-07-25,18.0,89.94631069079497,98.59853570500503,12.506710179050796,9.0,84.78524276317991,18.0,89.15813371619298,81.6325348647719,18.0,90.74506876104992,87.98027504419969,18.0,90.21116239872494,85.84464959489975,0.8840213918237749,0.0,3.862072767470237,-0.8802220122376414,0.0,-3.631532499091017,-0.29359083830373667,0.0,-1.234097683104507,89.94128435168888,84.76513740675553,,0.020105356424380716
2025-07-26,18.0,90.80283897904123,99.8359883415629,12.673918254705367,9.0,88.2113559161649,18.0,89.94631069079497,84.78524276317991,18.0,91.02725744470239,89.10902977880951,18.0,89.4356827428104,82.74273097124158,0.9522661704165936,0.0,4.040930993798919,-0.24653985186523508,0.0,-1.0073882129261857,1.5286473969929215,0.0,6.609190778128915,89.98685622622992,84.94742490491964,,3.263931011245262
2025-07-27,18.0,89.92916868406388,99.12826353701325,12.645657833573233,9.0,84.71667473625551,18.0,90.80283897904123,88.2113559161649,18.0,90.77140338688484,88.08561354753937,18.0,89.96454731873632,84.85818927494526,-0.9621618715897173,0.0,-3.961713481913487,-0.9278634805624852,0.0,-3.8246186586026965,-0.03932508496607978,0.0,-0.16676591840916188,89.9856769384075,84.94270775362999,,-0.22603301737447623
2025-07-28,18.0,90.15116145017414,99.95436385906225,12.826571847167978,9.0,85.60464580069655,18.0,89.92916868406388,84.71667473625551,18.0,89.83210703051013,84.3284281220405,18.0,89.8324165133868,84.32966605354723,0.24685290585766406,0.0,1.0481656264312855,0.3551674676356642,0.0,1.513389620886918,0.3548217326869274,0.0,1.5118994380218798,89.99630176963373,84.98520707853496,,0.6194387221615898
2025-07-29,18.0,90.6877984821521,98.82743258625476,12.756832237977571,9.0,87.75119392860842,18.0,90.15116145017414,85.60464580069655,18.0,89.42268283063558,82.6907313225423,18.0,89.12773355569698,81.5109342227879,0.5952635810183793,0.0,2.5075135909205626,1.414759221564199,0.0,6.119745859215264,1.750369794246165,0.0,7.655733264894837,90.04830393384891,85.19321573539564,,2.557978193212776
2025-07-30,18.0,89.7979523440838,98.52390051429732,12.618977304470734,9.0,84.1918093763352,18.0,90.6877984821521,87.75119392860842,18.0,89.46715865109022,82.86863460436086,18.0,89.6548618833814,83.61944753352559,-0.9812192521615026,0.0,-4.0562235029748095,0.3697375640190348,0.0,1.5967136158228756,0.1596014512726729,0.0,0.6844841238399013,90.05307361587234,85.2122944634893,,-1.0204850871540998
2025-07-31,18.0,91.01776572835979,99.05612555729614,12.795567360337644,9.0,89.07106291343919,18.0,89.7979523440838,84.1918093763352,18.0,89.15813371619298,81.6325348647719,18.0,89.90822983899177,84.63291935596708,1.3583977723701013,0.0,5.7954016824770305,2.0857682127873645,0.0,9.112210053246006,1.2340760032257148,0.0,5.243992043811274,90.09005814551794,85.3602325820717,,3.7108303313674895
2025-08-01,18.0,90.99604720374873,100.11146291107873,12.63212758111812,9.0,88.98418881499491,18.0,91.01776572835979,89.07106291343919,18.0,89.94631069079497,84.78524276317991,18.0,89.94252453425408,84.77009813701632,-0.023861852065099054,0.0,-0.09753347002124935,1.1670701164858244,0.0,4.952449170362572,1.1713287735140465,0.0,4.971199480230903,90.12517556783443,85.50070227133766,,3.48348654365725
2025-08-02,18.0,89.93444433065976,99.06373055597577,12.602381880160358,9.0,84.73777732263903,18.0,90.99604720374873,88.98418881499491,18.0,90.80283897904123,88.2113559161649,18.0,89.25888428816134,82.03553715264539,-1.166647239865204,0.0,-4.772096648747903,-0.956351869771288,0.0,-3.937790727111279,0.7568546793812247,0.0,3.2939872935378256,90.1476942359177,85.59077694367078,,-0.8529996210317421
2025-08-03,18.0,89.71123286799039,99.47775402587506,12.556595952685017,9.0,83.84493147196157,18.0,89.93444433065976,84.73777732263903,18.0,89.92916868406388,84.71667473625551,18.0,90.57583279152374,87.30333116609495,-0.2481935195470797,0.0,-1.053657387398721,-0.24234163315701718,0.0,-1.029010247401585,-0.9545591764233419,0.0,-3.961360520772983,90.11887423846659,85.47549695386633,,-1.6305654819047533
2025-08-04,18.0,90.34861902319516,99.44379830596141,12.680965117284599,9.0,86.39447609278062,18.0,89.71123286799039,83.84493147196157,18.0,90.15116145017414,85.60464580069655,18.0,89.94894847055428,84.79579388221713,0.7104864517274878,0.0,3.040785621813802,0.21902942773526224,0.0,0.9226488640849517,0.4443304334699416,0.0,1.8853319691588544,90.13219659022128,85.5287863608851,,0.8656897318955146
2025-08-05,18.0,89.82623752874058,99.33087384633583,12.58732405927127,9.0,84.30495011496228,18.0,90.34861902319516,86.39447609278062,18.0,90.6877984821521,87.75119392860842,18.0,90.01877653833029,85.07510615332113,-0.578184260149528,0.0,-2.41858747493805,-0.950029626732074,0.0,-3.9272899425731866,-0.21388760988961808,0.0,-0.9052660327815376,90.12577862323495,85.50311449293982,,-1.198164377977534
2025-08-06,18.0,89.42172239146633,98.6558131713825,12.557011102547,9.0,82.68688956586533,18.0,89.82623752874058,84.30495011496228,18.0,89.7979523440838,84.1918093763352,18.0,90.20032081916992,85.80128327667967,-0.4503307145029001,0.0,-1.919294830126217,-0.418973866103145,0.0,-1.7874895688996584,-0.8631880913866019,0.0,-3.6297752106707937,90.0998253423115,85.399301369246,,-2.7124118033806752
2025-08-07,18.0,90.6406193267615,99.48705716093507,12.658539986256692,9.0,87.56247730704597,18.0,89.42172239146633,82.68688956586533,18.0,91.01776572835979,89.07106291343919,18.0,89.60596187304816,83.42384749219266,1.3630881878556655,0.0,5.896445938139827,-0.4143656994656131,0.0,-1.6936876658351974,1.1546747918171008,0.0,4.960967324409982,90.13431392410195,85.5372556964078,,2.0252216106381695
2025-08-08,18.0,90.60822369363854,98.96456568960637,12.691012208846574,9.0,87.43289477455416,18.0,90.6406193267615,87.56247730704597,18.0,90.99604720374873,88.98418881499491,18.0,90.22817798656635,85.91271194626539,-0.03574074555489082,0.0,-0.14798865504617176,-0.42619819434773776,0.0,-1.74333672206195,0.4212051218952517,0.0,1.7694504036138259,90.14698211433769,85.58792845735074,,1.844966317203415
2025-08-09,18.0,90.07775580188178,99.22303253121586,12.488102955657752,9.0,85.31102320752713,18.0,90.60822369363854,87.43289477455416,18.0,89.93444433065976,84.73777732263903,18.0,89.81646267699091,84.26585070796364,-0.5854522582302901,0.0,-2.426857274368277,0.1593510387356334,0.0,0.6764938885586602,0.29091896641550985,0.0,1.2403274764123617,90.15569188516739,85.62276754066953,,-0.3117443331423999
2025-08-10,18.0,89.36856762313592,97.55937337687683,12.479608739438738,9.0,82.47427049254364,18.0,90.07775580188178,85.31102320752713,18.0,89.71123286799039,83.84493147196157,18.0,89.55170722967641,83.20682891870561,-0.7873066690356478,0.0,-3.3251889478371655,-0.38196470374975977,0.0,-1.6347571109606052,-0.2045071079111782,0.0,-0.8804066152763634,90.14958723161604,85.59834892646413,,-3.124078433920488
2025-08-11,18.0,89.38523687439131,98.97136409816528,12.65301651723245,9.0,82.54094749756523,18.0,89.36856762313592,82.47427049254364,18.0,90.34861902319516,86.39447609278062,18.0,90.2867237466777,86.14689498671079,0.018652252910311695,0.0,0.08084582576286525,-1.0662942712566736,0.0,-4.460387711683111,-0.9984711316092687,0.0,-4.185812488891005,90.11953766920648,85.47815067682595,,-2.9372031792607203
2025-08-12,18.0,90.05361464420957,98.97794505761213,12.639386884152167,9.0,85.21445857683831,18.0,89.38523687439131,82.54094749756523,18.0,89.82623752874058,84.30495011496228,18.0,90.74583692940091,87.98334771760362,0.7477496208434298,0.0,3.239011860570118,0.25312995592878806,0.0,1.0788316233338424,-0.7628143710106228,0.0,-3.147060452453454,90.09646359303343,85.38585437213376,,-0.171395795295453
2025-08-13,18.0,89.75006448274749,99.32265963677796,12.562916923846341,9.0,84.00025793098993,18.0,90.05361464420957,85.21445857683831,18.0,89.42172239146633,82.68688956586533,18.0,90.36241468674291,86.44965874697166,-0.3370771541613027,0.0,-1.4248763251291763,0.36718381451406046,0.0,1.5883634902948307,-0.6776602928532105,0.0,-2.8333261825253087,90.07605191956694,85.3042076782677,,-1.3039497472777697
2025-08-14,18.0,89.8294535339292,98.57229167025592,12.765735822375524,9.0,84.31781413571679,18.0,89.75006448274749,84.00025793098993,18.0,90.6406193267615,87.56247730704597,18.0,90.46148878257021,86.84595513028086,0.08845570378055445,0.0,0.37804194004706915,-0.894925254104928,0.0,-3.7055406278096337,-0.698678804811792,0.0,-2.911063607708053,90.05498407794556,85.21993631178223,,-0.902122176065447
2025-08-15,18.0,90.51098157753,99.69650512848351,12.535453923024095,9.0,87.04392631012001,18.0,89.8294535339292,84.31781413571679,18.0,90.60822369363854,87.43289477455416,18.0,89.73968469671885,83.9587387868754,0.758691071568629,0.0,3.2331390493772982,-0.1073215124902216,0.0,-0.4448765712688596,0.8594824947488977,0.0,3.6746472944003905,90.0806939739726,85.32277589589039,,1.7211504142296263
2025-08-16,18.0,90.36658965871128,99.50792305324975,12.540376996674958,9.0,86.46635863484512,18.0,90.51098157753,87.04392631012001,18.0,90.07775580188178,85.31102320752713,18.0,89.20119013541577,81.80476054166309,-0.1595297236888782,0.0,-0.6635358717817175,0.3206494813933425,0.0,1.3542627715383615,1.306484276192199,0.0,5.69844354083513,90.11954062474912,85.47816249899647,,0.9881961358486535
2025-08-17,18.0,90.6890713402488,99.73545641526822,12.86774112876246,9.0,87.75628536099522,18.0,90.36658965871128,86.46635863484512,18.0,89.36856762313592,82.47427049254364,18.0,90.74506876104992,87.98027504419969,0.35685941314753666,0.0,1.4918249669765515,1.4775930198203557,0.0,6.404439635424386,-0.061708500049262316,0.0,-0.25459079673476603,90.11767404405575,85.47069617622297,,2.285589184772249
2025-08-18,18.0,89.50468838831137,98.2388274704442,12.535252467968487,9.0,83.01875355324549,18.0,90.6890713402488,87.75628536099522,18.0,89.38523687439131,82.54094749756523,18.0,91.02725744470239,89.10902977880951,-1.3059820047046755,0.0,-5.398509962290876,0.13363673700155232,0.0,0.5788715421450208,-1.6726517958820852,0.0,-6.834634201137179,90.06692174217604,85.26768696870417,,-2.24893341545868
2025-08-19,18.0,89.82840421565665,99.00747264645757,12.551718286562952,9.0,84.31361686262657,18.0,89.50468838831137,83.01875355324549,18.0,90.05361464420957,85.21445857683831,18.0,90.77140338688484,88.08561354753937,0.36167471578791854,0.0,1.5597238623326293,-0.2500848294015756,0.0,-1.0571465561791338,-1.0388725259748988,0.0,-4.282193803278744,90.03548843646844,85.14195374587375,,-0.8283368832471751
2025-08-20,18.0,90.37949084773005,98.95435830076147,12.533208286172645,9.0,86.51796339092023,18.0,89.82840421565665,84.31361686262657,18.0,89.75006448274749,84.00025793098993,18.0,89.83210703051013,84.3284281220405,0.6134881687872129,0.0,2.6144608787038948,0.7013102092016332,0.0,2.997259201273783,0.6093409531561012,0.0,2.5964379007646254,90.05373456370911,85.21493825483641,,1.3030251360838179
2025-08-21,18.0,90.22403917050644,98.64172542307757,12.676135110510405,9.0,85.89615668202579,18.0,90.37949084773005,86.51796339092023,18.0,89.8294535339292,84.31781413571679,18.0,89.42268283063558,82.6907313225423,-0.1719988415131879,0.0,-0.7187024341810844,0.4392608671811793,0.0,1.8718968968627792,0.8961443724391671,0.0,3.8764022378523277,90.08044644170481,85.32178576681919,,0.5743709152066003
2025-08-22,18.0,90.76619019129382,100.46422265708662,12.761712613733883,9.0,88.06476076517524,18.0,90.22403917050644,85.89615668202579,18.0,90.51098157753,87.04392631012001,18.0,89.46715865109022,82.86863460436086,0.6008942026667796,0.0,2.5246811579443307,0.2819642537466027,0.0,1.1727807996829043,1.4519646759652227,0.0,6.270317093580946,90.12374749304492,85.49498997217967,,2.5697707929955698
2025-08-23,18.0,90.21026835295203,99.59487918269329,12.519988133329797,9.0,85.84107341180814,18.0,90.76619019129382,88.06476076517524,18.0,90.36658965871128,86.46635863484512,18.0,89.15813371619298,81.6325348647719,-0.6124767792612618,0.0,-2.5250592110237613,-0.17298573106457882,0.0,-0.7231543376050031,1.1800770080138578,0.0,5.155467184754081,90.15881864760355,85.6352745904142,,0.205798821393941
2025-08-24,18.0,90.92405455205278,100.04940581155918,12.715340078732348,9.0,88.6962182082111,18.0,90.21026835295203,85.84107341180814,18.0,90.6890713402488,87.75628536099522,18.0,89.94631069079497,84.78524276317991,0.791247174111076,0.0,3.3260823553613816,0.25910863164797515,0.0,1.071071825054326,1.0870305338247288,0.0,4.612802083913636,90.19141010964547,85.76564043858191,,2.9305777696291955
2025-08-25,18.0,90.27000890086157,100.12958098221964,12.604249662917313,9.0,86.08003560344628,18.0,90.92405455205278,88.6962182082111,18.0,89.50468838831137,83.01875355324549,18.0,90.80283897904123,88.2113559161649,-0.7193318142414973,0.0,-2.9495988189974898,0.8550619261751935,0.0,3.6874584586931602,-0.5867989196930767,0.0,-2.41615185548697,90.1736491070395,85.69459642815796,,0.38543917528831173
2025-08-26,18.0,90.53108372379432,99.45030933681134,12.699949435973084,9.0,87.12433489517733,18.0,90.27000890086157,86.08003560344628,18.0,89.82840421565665,84.31361686262657,18.0,89.92916868406388,84.71667473625551,0.2892154616041642,0.0,1.2131724672395983,0.7822464556430431,0.0,3.333646612658425,0.669321254202937,0.0,2.842014475211019,90.19371294169719,85.77485176678869,,1.3494831283886413
2025-08-27,18.0,89.83824252660777,99.48341838926304,12.465428929503025,9.0,84.35297010643109,18.0,90.53108372379432,87.12433489517733,18.0,90.37949084773005,86.51796339092023,18.0,90.15116145017414,85.60464580069655,-0.7653075260872555,0.0,-3.1809307836674794,-0.5988618834268156,0.0,-2.502362745996345,-0.34710470562192564,0.0,-1.4621586043117252,90.18328231091164,85.73312924364652,,-1.3801591372154292
2025-08-28,18.0,90.00714360594199,99.0956450089991,12.726194850283195,9.0,85.02857442376798,18.0,89.83824252660777,84.35297010643109,18.0,90.22403917050644,85.89615668202579,18.0,90.6877984821521,87.75119392860842,0.18800576968565075,0.0,0.80092534558589,-0.2403966465683971,0.0,-1.010036178300111,-0.7505473587431588,0.0,-3.1026580755761257,90.16059381503797,85.64237526015182,,-0.6138008363838452
2025-08-29,18.0,90.45547220191973,98.98864404707352,12.755348486428524,9.0,86.82188880767895,18.0,90.00714360594199,85.02857442376798,18.0,90.76619019129382,88.06476076517524,18.0,89.7979523440838,84.1918093763352,0.49810334826372316,0.0,2.1090726218381484,-0.34232789623452886,0.0,-1.4113158846935536,0.7322214378747471,0.0,3.123913657191224,90.18251114363248,85.73004457452996,,1.09184423314899
2025-08-30,18.0,90.80648908529653,100.81115808971163,12.676590916068234,9.0,88.2259563411861,18.0,90.45547220191973,86.82188880767895,18.0,90.21026835295203,85.84107341180814,18.0,91.01776572835979,89.07106291343919,0.38805489024835715,0.0,1.6171815112400179,0.6609233552124616,0.0,2.7782538528344114,-0.23212681763009613,0.0,-0.9488003674935075,90.17546858886371,85.70187435545486,,2.524081985731243
2025-08-31,18.0,90.36461847465537,99.89643574543297,12.629404715287917,9.0,86.4584738986215,18.0,90.80648908529653,88.2259563411861,18.0,90.92405455205278,88.6962182082111,18.0,90.99604720374873,88.98418881499491,-0.48660686597640224,0.0,-2.0033587799597408,-0.6152784102661624,0.0,-2.522930914976085,-0.6939078657774322,0.0,-2.8383861784980313,90.1544209645606,85.6176838582424,,0.8407900403791047
2025-09-01,18.0,89.95841411403269,98.89374500993118,12.580535760936817,9.0,84.83365645613075,18.0,90.36461847465537,86.4584738986215,18.0,90.27000890086157,86.08003560344628,18.0,89.93444433065976,84.73777732263903,-0.4495170427091577,0.0,-1.8793038660339545,-0.3451808531126699,0.0,-1.447930566684874,0.02665250622420068,0.0,0.11314803918760497,90.15521995733971,85.62087982935878,,-0.7872233732280307
2025-09-02,18.0,90.68866751476418,100.12111989600757,12.618582596766336,9.0,87.75467005905668,18.0,89.95841411403269,84.83365645613075,18.0,90.53108372379432,87.12433489517733,18.0,89.71123286799039,83.84493147196157,0.8117677572726079,0.0,3.4432249238678603,0.17406595004498815,0.0,0.7234892118691327,1.0895342930044016,0.0,4.6630589571208025,90.18780111223215,85.75120444892863,,2.003465610128046
2025-09-03,18.0,88.90401067186006,97.59256002204712,12.402218552236906,9.0,80.61604268744024,18.0,90.68866751476418,87.75467005905668,18.0,89.83824252660777,84.35297010643109,18.0,90.34861902319516,86.39447609278062,-1.9678939958110764,0.0,-8.134754955847157,-1.0399044198477148,0.0,-4.430107694223251,-1.5989268756440134,0.0,-6.688429245331395,90.139647500521,85.55859000208396,,-4.942547314643718
2025-09-04,18.0,89.28888274924657,98.632345541701,12.47341654812706,9.0,82.15553099698626,18.0,88.90401067186006,80.61604268744024,18.0,90.00714360594199,85.02857442376798,18.0,89.82623752874058,84.30495011496228,0.43290744082069565,0.0,1.9096550242670984,-0.7980042782382069,0.0,-3.3789152014509383,-0.5982158379082447,0.0,-2.549576406895415,90.12173567453786,85.48694269815142,,-3.331411701165166
2025-09-05,18.0,90.3408171118342,98.17935954037566,12.809001232727503,9.0,86.36326844733678,18.0,89.28888274924657,82.15553099698626,18.0,90.45547220191973,86.82188880767895,18.0,89.42172239146633,82.68688956586533,1.178124678233261,0.0,5.121672758106666,-0.12675307230677335,0.0,-0.5282312636137987,1.0278204174420713,0.0,4.446144849290756,90.15237216521678,85.60948866086713,,0.75377978646965
2025-09-06,18.0,90.00705417812657,98.49785892909193,12.695649415770765,9.0,85.02821671250625,18.0,90.3408171118342,86.36326844733678,18.0,90.80648908529653,88.2259563411861,18.0,90.6406193267615,87.56247730704597,-0.3694486549689513,0.0,-1.5458559626476243,-0.8803720033917828,0.0,-3.624488485354138,-0.6989858998545762,0.0,-2.894231264897973,90.13125332692896,85.52501330771581,,-0.49679659520955965
2025-09-07,18.0,90.30275682556208,99.82266238026179,12.735851426312355,9.0,86.21102730224833,18.0,90.00705417812657,85.02821671250625,18.0,90.36461847465537,86.4584738986215,18.0,90.60822369363854,87.43289477455416,0.3285327468337318,0.0,1.3910800854983751,-0.06845782136581935,0.0,-0.2862028268777128,-0.3371292975671625,0.0,-1.39749172832081,90.12107109799308,85.48428439197228,,0.7267429102760445
2025-09-08,18.0,90.03220376121597,98.91059636822811,12.641501087870676,9.0,85.12881504486388,18.0,90.30275682556208,86.21102730224833,18.0,89.95841411403269,84.83365645613075,18.0,90.07775580188178,85.31102320752713,-0.29960664973799345,0.0,-1.2553060684340256,0.08202639843086779,0.0,0.3479262842876141,-0.050569688665424994,0.0,-0.21358103069518686,90.11955269663756,85.47821078655016,,-0.34939574168627985
2025-09-09,18.0,90.28547284730193,99.4177912794765,12.528233497729149,9.0,86.14189138920774,18.0,90.03220376121597,85.12881504486388,18.0,90.68866751476418,87.75467005905668,18.0,89.36856762313592,82.47427049254364,0.2813094376293179,0.0,1.1900510347876425,-0.44459211774900975,0.0,-1.837826600867598,1.0259817836989038,0.0,4.4469879815374425,90.15011620410974,85.60046481643897,,0.5414265727687706
2025-09-10,18.0,89.5927985895034,97.87868561739604,12.538842692072741,9.0,83.37119435801362,18.0,90.28547284730193,86.14189138920774,18.0,88.90401067186006,80.61604268744024,18.0,89.38523687439131,82.54094749756523,-0.7672045523536619,0.0,-3.216433939992691,0.7747546060498989,0.0,3.417622074622906,0.23221028703406255,0.0,1.0058605887373506,90.15703492794682,85.62813971178726,,-2.256945353773631
2025-09-11,18.0,90.28524304303984,100.23770084519488,12.736982871986916,9.0,86.14097217215938,18.0,89.5927985895034,83.37119435801362,18.0,89.28888274924657,82.15553099698626,18.0,90.05361464420957,85.21445857683831,0.7728795890270979,0.0,3.3222239833242018,1.1158839299080459,0.0,4.8510929535825476,0.25721166190320055,0.0,1.087272759570057,90.1647558745745,85.65902349829796,,0.4819486738614245
2025-09-12,18.0,90.49720726410379,100.14219281237301,12.543782554037803,9.0,86.98882905641517,18.0,90.28524304303984,86.14097217215938,18.0,90.3408171118342,86.36326844733678,18.0,89.75006448274749,84.00025793098993,0.23477172339549934,0.0,0.9842666769087405,0.17311128819657018,0.0,0.7243364225612225,0.8324704674723904,0.0,3.557811843721348,90.18966063395303,85.75864253581214,,1.2301865206030271
2025-09-13,18.0,90.61027530196561,99.57096022297452,12.749093862962514,9.0,87.44110120786246,18.0,90.49720726410379,86.98882905641517,18.0,90.00705417812657,85.02821671250625,18.0,89.8294535339292,84.31781413571679,0.12494091395753859,0.0,0.5199198062017629,0.6701931635772151,0.0,2.8377456198035445,0.8692268930941438,0.0,3.7041841088509164,90.21568802622092,85.86275210488365,,1.5783491029788053
2025-09-14,18.0,91.00677714732436,99.90510693362513,12.973209723151687,9.0,89.0271085892974,18.0,90.61027530196561,87.44110120786246,18.0,90.30275682556208,86.21102730224833,18.0,90.51098157753,87.04392631012001,0.4375903770707845,0.0,1.8138007865028172,0.7796221804415415,0.0,3.2664977731632128,0.5477739398612735,0.0,2.278369512091749,90.23221454521405,85.92885818085624,,3.09825040844116
2025-09-15,18.0,90.1220492217512,99.64905632463618,12.723268555644141,9.0,85.48819688700478,18.0,91.00677714732436,89.0271085892974,18.0,90.03220376121597,85.12881504486388,18.0,90.36658965871128,86.46635863484512,-0.9721560891459036,0.0,-3.9750945058975695,0.09979258174499517,0.0,0.42216239231274155,-0.2706093456482539,0.0,-1.1312627977907663,90.22406319731539,85.89625278926155,,-0.4080559022567769
2025-09-16,18.0,90.1369555434236,100.14188632285043,12.760576689635503,9.0,85.54782217369436,18.0,90.1220492217512,85.48819688700478,18.0,90.28547284730193,86.14189138920774,18.0,90.6890713402488,87.75628536099522,0.01654014949850069,0.0,0.0697468058290962,-0.1644974536817445,0.0,-0.6896403200961188,-0.6088008055058491,0.0,-2.5165869068136892,90.20565933742121,85.82263734968485,,-0.2748151759904971
2025-09-17,18.0,89.23841376791307,98.63913527261006,12.515211802552047,9.0,81.9536550716523,18.0,90.1369555434236,85.54782217369436,18.0,89.5927985895034,83.37119435801362,18.0,89.50468838831137,83.01875355324549,-0.9968627962785415,0.0,-4.201354296015314,-0.39555056563647106,0.0,-1.7002746539459435,-0.2974979581439108,0.0,-1.28296130212322,90.19678351674128,85.7871340669651,,-3.833478995312788
2025-09-18,18.0,89.73429429943079,99.79362506307217,12.65959439679681,9.0,83.93717719772314,18.0,89.23841376791307,81.9536550716523,18.0,90.28524304303984,86.14097217215938,18.0,89.82840421565665,84.31361686262657,0.5556805758643035,0.0,2.420297330651855,-0.6102312238849605,0.0,-2.5583586055097918,-0.10476632313307643,0.0,-0.44647552662432366,90.19364651953376,85.77458607813497,,-1.8374088804118287
2025-09-19,18.0,89.9034589629967,98.43262919476541,12.514698933384135,9.0,84.61383585198678,18.0,89.73429429943079,83.93717719772314,18.0,90.49720726410379,86.98882905641517,18.0,90.37949084773005,86.51796339092023,0.18851729418123409,0.0,0.8061489281080858,-0.6560957172681903,0.0,-2.730227812226471,-0.5267034371054025,0.0,-2.2008464650628667,90.17777879004262,85.71111516017052,,-1.0972793081837438
2025-09-20,18.0,90.52515977613818,99.16798233850261,12.75310874989347,9.0,87.10063910455271,18.0,89.9034589629967,84.61383585198678,18.0,90.61027530196561,87.44110120786246,18.0,90.22403917050644,85.89615668202579,0.6915204601831482,0.0,2.9390030927282984,-0.09393584286525591,0.0,-0.3893616372698805,0.33374764464122464,0.0,1.4022541508879494,90.1878161435637,85.75126457425476,,1.3493745302979505
2025-09-21,18.0,89.69449943795519,98.06947882272404,12.622668734719804,9.0,83.77799775182075,18.0,90.52515977613818,87.10063910455271,18.0,91.00677714732436,89.0271085892974,18.0,90.76619019129382,88.06476076517524,-0.9176016261524977,0.0,-3.814715238476696,-1.4419560284448019,0.0,-5.8960814527763805,-1.1807158051692968,0.0,-4.867739350118883,90.15209311845241,85.60837247380961,,-1.8303747219888606
2025-09-22,18.0,90.39817000987442,99.65886733568661,12.684734918786186,9.0,86.59268003949767,18.0,89.69449943795519,83.77799775182075,18.0,90.1220492217512,85.48819688700478,18.0,90.21026835295203,85.84107341180814,0.7845192027700509,0.0,3.3596915218897516,0.3063853857159904,0.0,1.2919715150300215,0.20829298078044456,0.0,0.8755792510699578,90.15835650701648,85.63342602806594,,0.9592540114317245
2025-09-23,18.0,89.99918914151831,99.08690983057234,12.731487221784414,9.0,84.99675656607324,18.0,90.39817000987442,86.59268003949767,18.0,90.1369555434236,85.54782217369436,18.0,90.92405455205278,88.6962182082111,-0.44135945264436316,0.0,-1.8430235358190439,-0.15284119712576372,0.0,-0.6441608840751512,-1.0171845229416054,0.0,-4.170935037448286,90.12752765999866,85.51011063999468,,-0.513354073921434
2025-09-24,18.0,89.91141594244262,98.8265819749509,12.533719748157228,9.0,84.64566376977048,18.0,89.99918914151831,84.99675656607324,18.0,89.23841376791307,81.9536550716523,18.0,90.27000890086157,86.08003560344628,-0.09752665542095418,0.0,-0.41306611038721686,0.7541619646891595,0.0,3.2847939433141127,-0.397244846638678,0.0,-1.6663234670158178,90.11557456138469,85.46229824553879,,-0.8166344757683106
2025-09-25,18.0,90.12444698456663,99.54152099708496,12.598716826191964,9.0,85.49778793826651,18.0,89.91141594244262,84.64566376977048,18.0,89.73429429943079,83.93717719772314,18.0,90.53108372379432,87.12433489517733,0.23693436466443174,0.0,1.0066955949612932,0.4347865976791043,0.0,1.859260452453837,-0.4491680895683525,0.0,-1.8669261106759372,90.10202000341043,85.4080800136418,,0.08970792462471877
2025-09-26,18.0,89.80442181387357,99.40102829786827,12.582165258078131,9.0,84.21768725549431,18.0,90.12444698456663,85.49778793826651,18.0,89.9034589629967,84.61383585198678,18.0,89.83824252660777,84.35297010643109,-0.3550925208427147,0.0,-1.4972325175202084,-0.11015944243466524,0.0,-0.46818418347732704,-0.03764623147450852,0.0,-0.1603771044055513,90.10089264631931,85.40357058527722,,-1.1858833297829108
2025-09-27,18.0,89.78548137595367,98.00119830890561,12.467006295524575,9.0,84.14192550381468,18.0,89.80442181387357,84.21768725549431,18.0,90.52515977613818,87.10063910455271,18.0,90.00714360594199,85.02857442376798,-0.02109076316884062,0.0,-0.0899594303151452,-0.8170970391145227,0.0,-3.396890804884334,-0.2462718192222324,0.0,-1.04276583014834,90.0935039053197,85.37401562127876,,-1.2320901174640824
2025-09-28,18.0,89.14760704710494,97.76388173786489,12.503358180974718,9.0,81.59042818841976,18.0,89.78548137595367,84.14192550381468,18.0,89.69449943795519,83.77799775182075,18.0,90.45547220191973,86.82188880767895,-0.7104426228755067,0.0,-3.0323733384010065,-0.6097279033577152,0.0,-2.611150447736077,-1.4458662621265161,0.0,-6.0255088792729445,90.0499084001592,85.1996336006368,,-3.6092054122170367
2025-09-29,18.0,89.87602289633605,99.2736969830312,12.410750164191665,9.0,84.50409158534423,18.0,89.14760704710494,81.59042818841976,18.0,90.39817000987442,86.59268003949767,18.0,90.80648908529653,88.2259563411861,0.8170896262490013,0.0,3.571084821611459,-0.5776080571999742,0.0,-2.4119688329322653,-1.0246692701514681,0.0,-4.218559832266067,90.01889286052717,85.07557144210874,,-0.5714798567645119
2025-09-30,18.0,89.76001592692563,98.50214817768891,12.67109768321241,9.0,84.04006370770254,18.0,89.87602289633605,84.50409158534423,18.0,89.99918914151831,84.99675656607324,18.0,90.36461847465537,86.4584738986215,-0.12907443573045851,0.0,-0.5491188283741733,-0.26575041050269643,0.0,-1.12556395916944,-0.6690699943577072,0.0,-2.797192781536617,89.99873944226951,84.99495776907811,,-0.954894061375569
2025-10-01,18.0,89.74200950532546,98.31710741767893,12.56854506740216,9.0,83.96803802130184,18.0,89.76001592692563,84.04006370770254,18.0,89.91141594244262,84.64566376977048,18.0,89.95841411403269,84.83365645613075,-0.020060626565432393,0.0,-0.0857039883396804,-0.18841482512699237,0.0,-0.8005439597139064,-0.24056072001549245,0.0,-1.0203714787143991,89.99152595531262,84.96610382125048,,-0.9980657999486482
2025-10-02,18.0,90.20843653129502,99.73854889824972,12.577091823990926,9.0,85.83374612518008,18.0,89.74200950532546,83.96803802130184,18.0,90.12444698456663,85.49778793826651,18.0,90.68866751476418,87.75467005905668,0.5197421236058819,0.0,2.2219265185223547,0.09319285669822097,0.0,0.3929437182119244,-0.5295380300862518,0.0,-2.188970607015972,89.97551825586365,84.90207302345458,,0.931673101725508
2025-10-03,18.0,90.32931597639525,98.7174975391728,12.562666875465824,9.0,86.31726390558102,18.0,90.20843653129502,85.83374612518008,18.0,89.80442181387357,84.21768725549431,18.0,88.90401067186006,80.61604268744024,0.13400015536051413,0.0,0.5633189767760616,0.5844858771092198,0.0,2.4930352738340433,1.6031957318505041,0.0,7.072067826803674,90.02302843268149,85.09211373072594,,1.2251501748550737
2025-10-04,18.0,90.11609725232117,98.97691707365773,12.592795712363046,9.0,85.46438900928466,18.0,90.32931597639525,86.31726390558102,18.0,89.78548137595367,84.14192550381468,18.0,89.28888274924657,82.15553099698626,-0.2360459854802821,0.0,-0.9880698920545994,0.3682286615840802,0.0,1.5717057787203004,0.9264473667989437,0.0,4.0275535586518085,90.05060224945063,85.20240899780256,,0.2619800114820947
2025-10-05,18.0,90.49770759522474,99.71180036764963,12.738505034408707,9.0,86.99083038089896,18.0,90.11609725232117,85.46438900928466,18.0,89.14760704710494,81.59042818841976,18.0,90.3408171118342,86.36326844733678,0.42346523489036336,0.0,1.7860554428680953,1.5144551747826585,0.0,6.618916351324744,0.17366511440373156,0.0,0.7266537555197461,90.05583193223033,85.2233277289213,,1.7675026519776509
2025-10-06,18.0,90.28778096291518,99.02964910225165,12.695063232681882,9.0,86.15112385166073,18.0,90.49770759522474,86.99083038089896,18.0,89.87602289633605,84.50409158534423,18.0,90.00705417812657,85.02821671250625,-0.23196900550068733,0.0,-0.965281657344208,0.4581400615090159,0.0,1.9490562355233276,0.3118942035732486,0.0,1.3206288248420073,90.06518949172329,85.26075796689312,,0.8903658847676041
2025-10-07,18.0,89.85247190509718,99.22929692361349,12.50879227198576,9.0,84.40988762038872,18.0,90.28778096291518,86.15112385166073,18.0,89.76001592692563,84.04006370770254,18.0,90.30275682556208,86.21102730224833,-0.482135072072265,0.0,-2.0211416327779563,0.10300352246686018,0.0,0.4400566781725068,-0.4986391737017759,0.0,-2.089221922324358,90.05017999437445,85.2007199774978,,-0.7908323571090818
2025-10-08,18.0,89.76857185714282,98.46099055525843,12.482996092737231,9.0,84.07428742857124,18.0,89.85247190509718,84.40988762038872,18.0,89.74200950532546,83.96803802130184,18.0,90.03220376121597,85.12881504486388,-0.09337533645482621,0.0,-0.397583981306493,0.029598570350475306,0.0,0.12653553634591752,-0.29281956128982545,0.0,-1.238743445138868,90.04139226423868,85.16556905695471,,-1.09128162838347
2025-10-09,18.0,90.15641111838342,99.87636197694472,12.687587427205646,9.0,85.6256444735337,18.0,89.76857185714282,84.07428742857124,18.0,90.20843653129502,85.83374612518008,18.0,90.28547284730193,86.14189138920774,0.43204347937917387,0.0,1.8452217585316788,-0.057672447181322806,0.0,-0.24244736020596624,-0.14294849974014756,0.0,-0.5992983290110665,90.03709020660807,85.14836082643225,,0.47728364710144433
2025-10-10,18.0,90.28688355495095,99.25269876169817,12.567928957231631,9.0,86.1475342198038,18.0,90.15641111838342,85.6256444735337,18.0,90.32931597639525,86.31726390558102,18.0,89.5927985895034,83.37119435801362,0.14471786858973879,0.0,0.6095016854809288,-0.04697524938126474,0.0,-0.19663469171459225,0.7747106646681656,0.0,3.3300948645019757,90.06022637212297,85.24090548849192,,0.9066287313118835
2025-10-11,18.0,90.69892215351575,100.10444943722001,12.703840078900157,9.0,87.795688614063,18.0,90.28688355495095,86.1475342198038,18.0,90.11609725232117,85.46438900928466,18.0,90.28524304303984,86.14097217215938,0.4563659552099031,0.0,1.913176516525672,0.6467489371656976,0.0,2.727802341774277,0.45819127969639606,0.0,1.920940059274634,90.0740156758055,85.29606270322205,,2.4996259108409475
2025-10-12,18.0,90.59558652247004,100.02815715120846,12.695757577398235,9.0,87.38234608988019,18.0,90.69892215351575,87.795688614063,18.0,90.49770759522474,86.99083038089896,18.0,90.49720726410379,86.98882905641517,-0.11393258992736799,0.0,-0.4708004808753219,0.10815625041364907,0.0,0.4500654922673375,0.10870971750447378,0.0,0.4523765151612791,90.07729498441772,85.30917993767086,,2.0731661522093248
2025-10-13,18.0,89.72926349674641,98.38841984504903,12.593303102717172,9.0,83.91705398698566,18.0,90.59558652247004,87.38234608988019,18.0,90.28778096291518,86.15112385166073,18.0,90.61027530196561,87.44110120786246,-0.9562530129530789,0.0,-3.965666130467793,-0.6185969576527395,0.0,-2.593198747496084,-0.9723089376819205,0.0,-4.030195379744283,90.04792792424375,85.19171169697499,,-1.2746577099893273
2025-10-14,18.0,89.94899685993637,97.91715327160207,12.678686603409279,9.0,84.79598743974547,18.0,89.72926349674641,83.91705398698566,18.0,89.85247190509718,84.40988762038872,18.0,91.00677714732436,89.0271085892974,0.24488483982476605,0.0,1.0473835901056772,0.10742604270381761,0.0,0.45741065441662343,-1.1623093582092459,0.0,-4.752621102265675,90.01266858133081,85.05067432532323,,-0.25468688557775465
2025-10-15,18.0,90.33550890245888,99.5494376700367,12.520674952657513,9.0,86.34203560983553,18.0,89.94899685993637,84.79598743974547,18.0,89.76857185714282,84.07428742857124,18.0,90.1220492217512,85.48819688700478,0.42970133744166805,0.0,1.8232562846073996,0.6315540434555178,0.0,2.6973147803256214,0.23685622170270815,0.0,0.9987796607282995,90.01978390402107,85.07913561608426,,1.262899993751276
2025-10-16,18.0,90.53399888902949,99.62354295149488,12.483643911938081,9.0,87.13599555611795,18.0,90.33550890245888,86.34203560983553,18.0,90.15641111838342,85.6256444735337,18.0,90.1369555434236,85.54782217369436,0.21972532062106698,0.0,0.9195520358938225,0.41881410979223155,0.0,1.7639003967451439,0.44048896838391194,0.0,1.8564743579316367,90.03301868220792,85.13207472883172,,2.0039208272862226
2025-10-17,18.0,90.46948473435239,99.79434622157521,12.6089831346865,9.0,86.87793893740958,18.0,90.53399888902949,87.13599555611795,18.0,90.28688355495095,86.1475342198038,18.0,89.23841376791307,81.9536550716523,-0.07125958807605581,0.0,-0.2961538650719464,0.20224552250749372,0.0,0.8478533067959537,1.3795303103896872,0.0,6.008620190828529,90.07405438108925,85.29621752435696,,1.5817214130526196
2025-10-18,18.0,89.96806108358433,98.85160345575136,12.775681392485026,9.0,84.87224433433731,18.0,90.46948473435239,86.87793893740958,18.0,90.69892215351575,87.795688614063,18.0,89.73429429943079,83.93717719772314,-0.5542461662519704,0.0,-2.308635112208701,-0.8058100940762869,0.0,-3.3298266986397485,0.260509971108136,0.0,1.1140083188782013,90.08184660722767,85.32738642891077,,-0.45514209457346055
2025-10-19,18.0,89.37298867378574,98.09507369176397,12.714435824338743,9.0,82.49195469514297,18.0,89.96806108358433,84.87224433433731,18.0,90.59558652247004,87.38234608988019,18.0,89.9034589629967,84.61383585198678,-0.6614262913210323,0.0,-2.8045560216572896,-1.3495114890404336,0.0,-5.596543940016252,-0.5900443601722705,0.0,-2.5077236311039863,90.064164264254,85.25665705701597,,-2.764702361873006
2025-10-20,18.0,89.50053181187721,99.45482149855579,12.7131921672194,9.0,83.00212724750882,18.0,89.37298867378574,82.49195469514297,18.0,89.72926349674641,83.91705398698566,18.0,90.52515977613818,87.10063910455271,0.142708820622528,0.0,0.6184512832206002,-0.25491314199574955,0.0,-1.0902750942838546,-1.1318709260439874,0.0,-4.705489993160872,90.03000999877862,85.12003999511451,,-2.1179127476056863
2025-10-21,18.0,90.1363167571597,98.4137714021203,12.599786209226291,9.0,85.54526702863883,18.0,89.50053181187721,83.00212724750882,18.0,89.94899685993637,84.79598743974547,18.0,89.69449943795519,83.77799775182075,0.7103700194976081,0.0,3.0639453053371346,0.2082512354362409,0.0,0.8836262322268196,0.4925801715523592,0.0,2.109467072790805,90.0447372427521,85.17894897100844,,0.3663180576303944
2025-10-22,18.0,90.17111278971217,99.55519930786552,12.445744282361222,9.0,85.68445115884869,18.0,90.1363167571597,85.54526702863883,18.0,90.33550890245888,86.34203560983553,18.0,90.39817000987442,86.59268003949767,0.03860378791182839,0.0,0.16270231544577296,-0.18198393383074274,0.0,-0.7616040626588383,-0.25117457592056525,0.0,-1.048851796981809,90.0371686687467,85.14867467498681,,0.5357764838618806
2025-10-23,18.0,89.45066031328281,98.1084254155194,12.28878853369441,9.0,82.80264125313123,18.0,90.17111278971217,85.68445115884869,18.0,90.53399888902949,87.13599555611795,18.0,89.99918914151831,84.99675656607324,-0.7989836812921758,0.0,-3.3632822136830054,-1.1966096593994058,0.0,-4.97309323813937,-0.6094819669685836,0.0,-2.5814106344592025,90.0188843744722,85.07553749788875,,-2.2728962447575185
2025-10-24,18.0,90.02228480544464,98.8566239771189,12.54171605660731,9.0,85.08913922177854,18.0,89.45066031328281,82.80264125313123,18.0,90.46948473435239,86.87793893740958,18.0,89.91141594244262,84.64566376977048,0.6390388736760899,0.0,2.761382890743058,-0.49431024197924556,0.0,-2.058980378113906,0.12330899456971522,0.0,0.5239198705019099,90.02258000323893,85.0903200129557,,-0.0011807911771626323
2025-10-25,18.0,90.31561217848589,99.1886219800475,12.62437834197309,9.0,86.26244871394357,18.0,90.02228480544464,85.08913922177854,18.0,89.96806108358433,84.87224433433731,18.0,90.12444698456663,85.49778793826651,0.325838622820096,0.0,1.3789180415926916,0.38630497391587415,0.0,1.6379964857884843,0.21211247371315523,0.0,0.8943632275365765,90.02895217636957,85.11580870547824,,1.1466400084653259
2025-10-26,18.0,89.42438667124642,97.96510820128545,12.649476674080097,9.0,82.69754668498571,18.0,90.31561217848589,86.26244871394357,18.0,89.37298867378574,82.49195469514297,18.0,89.80442181387357,84.21768725549431,-0.9867900861682544,0.0,-4.132623270154889,0.05750954312189194,0.0,0.24922671623255344,-0.4231808801294923,0.0,-1.8050134360694248,90.01628433828199,85.06513735312797,,-2.367590668142256
2025-10-27,18.0,90.55249860090221,99.89336056611056,12.764130350080555,9.0,87.20999440360883,18.0,89.42438667124642,82.69754668498571,18.0,89.50053181187721,83.00212724750882,18.0,89.78548137595367,84.14192550381468,1.261526046360384,0.0,5.4565678179209876,1.1753749030633198,0.0,5.069589534196317,0.8542775660319357,0.0,3.646302222612041,90.04185157911361,85.16740631645443,,2.0425880871543995
2025-10-28,18.0,89.81123442572009,99.48767966626708,12.596313327499976,9.0,84.24493770288035,18.0,90.55249860090221,87.20999440360883,18.0,90.1363167571597,85.54526702863883,18.0,89.14760704710494,81.59042818841976,-0.8186015699568339,0.0,-3.399904702442891,-0.36065632936326253,0.0,-1.5200482398671555,0.7444141246152558,0.0,3.2534570211231406,90.06397249173412,85.25588996693645,,-1.010952264056101
2025-10-29,18.0,90.62880655628832,99.9266940425405,12.599048440786254,9.0,87.5152262251533,18.0,89.81123442572009,84.24493770288035,18.0,90.17111278971217,85.68445115884869,18.0,89.87602289633605,84.50409158534423,0.9103227851126272,0.0,3.8818813467543567,0.5075835846048982,0.0,2.1366479466742083,0.8375800749667484,0.0,3.563300407493286,90.08906528039918,85.35626112159676,,2.1589651035565396
2025-10-30,18.0,89.73327377711205,98.75829215292931,12.4665803729712,9.0,83.9330951084482,18.0,90.62880655628832,87.5152262251533,18.0,89.45066031328281,82.80264125313123,18.0,89.76001592692563,84.04006370770254,-0.9881325962513676,0.0,-4.093151867640987,0.31594340705751733,0.0,1.3652388839398677,-0.029792942366846376,0.0,-0.12728286311917136,90.0881738754054,85.35269550162161,,-1.4196003931734111
2025-10-31,18.0,89.48668725855791,97.94213573486408,12.553548984905252,9.0,82.94674903423164,18.0,89.73327377711205,83.9330951084482,18.0,90.02228480544464,85.08913922177854,18.0,89.74200950532546,83.96803802130184,-0.2747994229728379,0.0,-1.1751575143775117,-0.5949610677447925,0.0,-2.5178186160314975,-0.2845069418156876,0.0,-1.2162830180825535,90.07966313384648,85.31865253538595,,-2.371903501154307
2025-11-01,18.0,89.77093150507913,99.00643728849928,12.637635508595052,9.0,84.08372602031656,18.0,89.48668725855791,82.94674903423164,18.0,90.31561217848589,86.26244871394357,18.0,90.20843653129502,85.83374612518008,0.3176385842733831,0.0,1.370731221323318,-0.6030858455903898,0.0,-2.525690756648824,-0.4849934696120273,0.0,-2.038848569315954,90.06507963297263,85.2603185318905,,-1.1765925115739435
2025-11-02,18.0,89.95242593846135,100.02584334817215,12.632527757609148,9.0,84.80970375384535,18.0,89.77093150507913,84.08372602031656,18.0,89.42438667124642,82.69754668498571,18.0,90.32931597639525,86.31726390558102,0.20217505860673501,0.0,0.8633986240730751,0.5904868759750936,0.0,2.5540746413014404,-0.4172399999490706,0.0,-1.746533756427593,90.05251663170816,85.21006652683263,,-0.40036277298727896
2025-11-03,18.0,89.80576004661425,98.59598873937814,12.469346610565331,9.0,84.22304018645704,18.0,89.95242593846135,84.80970375384535,18.0,90.55249860090221,87.20999440360883,18.0,90.11609725232117,85.46438900928466,-0.16304828948963124,0.0,-0.6917410878961028,-0.8246471006604805,0.0,-3.4250136553479527,-0.3443748843649841,0.0,-1.4524749281162763,90.04217205818459,85.16868823273838,,-0.9456480462813346
2025-11-04,18.0,89.89199928921344,98.69320742845886,12.649946663369091,9.0,84.56799715685378,18.0,89.80576004661425,84.22304018645704,18.0,89.81123442572009,84.24493770288035,18.0,90.49770759522474,86.99083038089896,0.09602863174302811,0.0,0.40957553851423967,0.08992735041422062,0.0,0.38347639962985625,-0.6693078997320967,0.0,-2.7851593247662287,90.02198178131756,85.08792712527021,,-0.5199299684164345
2025-11-05,18.0,90.1669825748381,98.90313626683142,12.665968657187477,9.0,85.66793029935238,18.0,89.89199928921344,84.56799715685378,18.0,90.62880655628832,87.5152262251533,18.0,90.28778096291518,86.15112385166073,0.30590407132891073,0.0,1.3006493939527575,-0.5095774721069368,0.0,-2.110828030139944,-0.13379262042855222,0.0,-0.5608673813011888,90.01795516838165,85.0718206735266,,0.5961096258257754
2025-11-06,18.0,89.9144103151018,98.66114422936478,12.480950803495237,9.0,84.6576412604072,18.0,90.1669825748381,85.66793029935238,18.0,89.73327377711205,83.9330951084482,18.0,89.85247190509718,84.40988762038872,-0.2801161273492392,0.0,-1.179308330917872,0.2018610604129778,0.0,0.8632425040716374,0.06893345134684203,0.0,0.29351258128986757,90.02001978204846,85.08007912819387,,-0.4224378677866696
2025-11-07,18.0,89.966943803024,97.5909884064902,12.516940035393334,9.0,84.86777521209599,18.0,89.9144103151018,84.6576412604072,18.0,89.48668725855791,82.94674903423164,18.0,89.76857185714282,84.07428742857124,0.05842610515720548,0.0,0.24821616638528443,0.5366793197724151,0.0,2.315975249459812,0.22098151031839652,0.0,0.9437936470159114,90.0266321802445,85.10652872097803,,-0.2387535088820414
2025-11-08,18.0,89.1453868003987,98.26244317336644,12.549203749511975,9.0,81.5815472015948,18.0,89.966943803024,84.86777521209599,18.0,89.77093150507913,84.08372602031656,18.0,90.15641111838342,85.6256444735337,-0.9131765156144889,0.0,-3.8721740994016485,-0.696823230184529,0.0,-2.9758181959219754,-1.1214114508807937,0.0,-4.722997761714831,89.99293136964502,84.97172547858007,,-3.3901782769852673
2025-11-09,18.0,90.19584900800524,98.79265782062848,12.603968107606144,9.0,85.78339603202095,18.0,89.1453868003987,81.5815472015948,18.0,89.95242593846135,84.80970375384535,18.0,90.28688355495095,86.1475342198038,1.178369678240987,0.0,5.150489264493885,0.2706131235531428,0.0,1.1480906489210962,-0.10082809746146948,0.0,-0.4226913643909591,89.98989688474684,84.95958753898732,,0.8238084930336242
2025-11-10,18.0,89.95539835115417,98.14580662687369,12.752670499325232,9.0,84.82159340461666,18.0,90.19584900800524,85.78339603202095,18.0,89.80576004661425,84.22304018645704,18.0,90.69892215351575,87.795688614063,-0.26658727590637143,0.0,-1.121199057035771,0.16662439520833683,0.0,0.7106763384870929,-0.8197713762277181,0.0,-3.387518517589194,89.96511275800144,84.86045103200577,,-0.03885762738910614
2025-11-11,18.0,90.80514649024144,100.26225611413187,12.76283343624026,9.0,88.22058596096574,18.0,89.95539835115417,84.82159340461666,18.0,89.89199928921344,84.56799715685378,18.0,90.59558652247004,87.38234608988019,0.9446327342914396,0.0,4.007225542362969,1.015827001566727,0.0,4.319114708767735,0.23131366086959204,0.0,0.9592782851393755,89.97209809026049,84.88839236104197,,3.3321935999237695
2025-11-12,18.0,89.53021741637302,97.94223026548937,12.485567319473297,9.0,83.12086966549208,18.0,90.80514649024144,88.22058596096574,18.0,90.1669825748381,85.66793029935238,18.0,89.72926349674641,83.91705398698566,-1.4040273301089146,0.0,-5.7806420575466255,-0.7062065739380508,0.0,-2.973178673699739,-0.22182961568676385,0.0,-0.948775348592501,89.9654632209147,84.86185288365884,,-1.740983218166761
2025-11-13,18.0,89.09585233575024,97.83610304238339,12.472398766965942,9.0,81.38340934300098,18.0,89.53021741637302,83.12086966549208,18.0,89.9144103151018,84.6576412604072,18.0,89.94899685993637,84.79598743974547,-0.485160310292454,0.0,-2.090281693975604,-0.9103746290310522,0.0,-3.8676153370901023,-0.9484758629544343,0.0,-4.024457052486607,89.93702507010852,84.74810028043403,,-3.3646909374330534
2025-11-14,18.0,90.30903424696503,100.07315886725583,12.649603133838877,9.0,86.23613698786008,18.0,89.09585233575024,81.38340934300098,18.0,89.966943803024,84.86777521209599,18.0,90.33550890245888,86.34203560983553,1.361659246092639,0.0,5.962797189297686,0.3802401520829779,0.0,1.612345524958525,-0.029307030884662133,0.0,-0.12265013353865983,89.93614258159205,84.74457032636818,,1.4915666614919019
2025-11-15,18.0,90.1732635091565,98.48598196105989,12.55141785995774,9.0,85.693054036626,18.0,90.30903424696503,86.23613698786008,18.0,89.1453868003987,81.5815472015948,18.0,90.53399888902949,87.13599555611795,-0.15034015028578818,0.0,-0.6297626148426994,1.1530341004176492,0.0,5.039750992796588,-0.3984529395582692,0.0,-1.6559649204474391,89.92411806892962,84.69647227571843,,0.99658176090756
2025-11-16,18.0,89.49578348973442,97.67906272140898,12.438150868745058,9.0,82.98313395893771,18.0,90.1732635091565,85.693054036626,18.0,90.19584900800524,85.78339603202095,18.0,90.46948473435239,86.87793893740958,-0.7513091941640626,0.0,-3.162356748926276,-0.7761615705936586,0.0,-3.2643404232189144,-1.076275881836919,0.0,-4.48307709196214,89.89166136077567,84.56664544310271,,-1.583511484165001
2025-11-17,18.0,89.23512552249795,98.29329116952893,12.563056562530665,9.0,81.94050208999181,18.0,89.49578348973442,82.98313395893771,18.0,89.95539835115417,84.82159340461666,18.0,89.96806108358433,84.87224433433731,-0.29125167362367144,0.0,-1.2564382895707826,-0.8006999489286071,0.0,-3.3966484228626137,-0.8146619503175079,0.0,-3.4543003632571345,89.86723017540614,84.46892070162453,,-2.5284186116327163
2025-11-18,18.0,90.76869836534215,100.42031188388155,12.792145100852112,9.0,88.07479346136859,18.0,89.23512552249795,81.94050208999181,18.0,90.80514649024144,88.22058596096574,18.0,89.37298867378574,82.49195469514297,1.7185753187040076,0.0,7.48627505923718,-0.04013883167206522,0.0,-0.16525904697760607,1.561668365652169,0.0,6.7677372743288,89.91375383179134,84.65501532716539,,3.4197781342031988
2025-11-19,18.0,90.7070551953034,98.99058985596777,12.759365874297773,9.0,87.82822078121356,18.0,90.76869836534215,88.07479346136859,18.0,89.53021741637302,83.12086966549208,18.0,89.50053181187721,83.00212724750882,-0.0679123653295477,0.0,-0.2799582837093806,1.3144587524648976,0.0,5.6632601832314,1.3480628092380487,0.0,5.8144215018893775,89.95397127790555,84.81588511162221,,3.0123356695913515
2025-11-20,18.0,88.75627162064694,97.83574365113023,12.577409836322953,9.0,80.02508648258774,18.0,90.7070551953034,87.82822078121356,18.0,89.09585233575024,81.38340934300098,18.0,90.1363167571597,85.54526702863883,-2.150641502423578,0.0,-8.884541015653713,-0.3811408794021198,0.0,-1.669041480786837,-1.5310644878365753,0.0,-6.452935080795353,89.90796977335512,84.63187909342051,,-4.60679261083277
2025-11-21,18.0,89.77088848537176,99.03847710388978,12.513747064350888,9.0,84.083553941487,18.0,88.75627162064694,80.02508648258774,18.0,90.30903424696503,86.23613698786008,18.0,90.17111278971217,85.68445115884869,1.143149488141404,0.0,5.071493999300225,-0.5958936069691778,0.0,-2.4961496671356165,-0.4438498006271385,0.0,-1.8683637412741594,89.89462896321045,84.57851585284178,,-0.4949619113547783
2025-11-22,18.0,90.83209602739196,98.885725388285,12.883920520441988,9.0,88.32838410956779,18.0,89.77088848537176,84.083553941487,18.0,90.1732635091565,85.693054036626,18.0,89.45066031328281,82.80264125313123,1.1821288169528543,0.0,5.048347707846346,0.7306295598013435,0.0,3.0753135158602563,1.5443549653752608,0.0,6.6733896078799315,89.9406768203474,84.76270728138965,,3.565676828178141
2025-11-23,18.0,89.76196872111106,99.13741626217579,12.476583509100134,9.0,84.04787488444427,18.0,90.83209602739196,88.32838410956779,18.0,89.49578348973442,82.98313395893771,18.0,90.02228480544464,85.08913922177854,-1.1781378533400555,0.0,-4.846131023764366,0.2974276787097718,0.0,1.2830811210786663,-0.28916849299723824,0.0,-1.2237335420920092,89.9319996175363,84.72799847014518,,-0.6801235857009118
2025-11-24,18.0,89.75469388298667,99.16846621120644,12.464388587281286,9.0,84.0187755319467,18.0,89.76196872111106,84.04787488444427,18.0,89.23512552249795,81.94050208999181,18.0,90.31561217848589,86.26244871394357,-0.008104588422064296,0.0,-0.03462235367351907,0.5822464611849876,0.0,2.536320121241653,-0.6210645999837894,0.0,-2.600984803291584,89.91330234101966,84.65320936407862,,-0.6344338321319185
2025-11-25,18.0,89.85862033618531,98.68858958317584,12.40421095885102,9.0,84.43448134474126,18.0,89.75469388298667,84.0187755319467,18.0,90.76869836534215,88.07479346136859,18.0,89.42438667124642,82.69754668498571,0.1157894352958655,0.0,0.49477728062876647,-1.0026342181241765,0.0,-4.133205396869933,0.48558752383203174,0.0,2.100346055454261,89.92777679651762,84.71110718607048,,-0.27662584132922063
2025-11-26,18.0,89.43955151311592,99.00967984557651,12.476957680453546,9.0,82.75820605246368,18.0,89.85862033618531,84.43448134474126,18.0,90.7070551953034,87.82822078121356,18.0,90.55249860090221,87.20999440360883,-0.4663646309074676,0.0,-1.985297079558579,-1.397359532241882,0.0,-5.772648795174451,-1.2290628143696636,0.0,-5.104676799475794,89.89067856025807,84.56271424103231,,-1.804508188568633
2025-11-27,18.0,89.14761212788598,98.63060112783701,12.430293464221092,9.0,81.59044851154391,18.0,89.43955151311592,82.75820605246368,18.0,88.75627162064694,80.02508648258774,18.0,89.81123442572009,84.24493770288035,-0.3264097150432632,0.0,-1.4110474315737087,0.44091589258239416,0.0,1.956089143742168,-0.738907890619156,0.0,-3.1509183384981987,89.86855781699693,84.47423126798776,,-2.88378275644385
2025-11-28,18.0,90.52627365536738,99.63045998376273,12.7262720397769,9.0,87.1050946214695,18.0,89.14761212788598,81.59044851154391,18.0,89.77088848537176,84.083553941487,18.0,90.62880655628832,87.5152262251533,1.5464929397140281,0.0,6.758935893268614,0.8414589436961162,0.0,3.593497822517322,-0.11313500068795834,0.0,-0.4686402828104841,89.86514005363291,84.46056021453164,,2.644534406937865
2025-11-29,18.0,89.07853154687616,97.76066200640133,12.495383510724709,9.0,81.31412618750466,18.0,90.52627365536738,87.1050946214695,18.0,90.83209602739196,88.32838410956779,18.0,89.73327377711205,83.9330951084482,-1.5992507479129836,0.0,-6.6482545701035285,-1.9305560008072153,0.0,-7.941114278013095,-0.729653786913198,0.0,-3.120305426077319,89.84331531262505,84.37326125050018,,-3.059135062995523
2025-11-30,18.0,90.12363572605437,98.64958535236835,12.4980116645457,9.0,85.49454290421751,18.0,89.07853154687616,81.31412618750466,18.0,89.76196872111106,84.04787488444427,18.0,89.48668725855791,82.94674903423164,1.1732391194933856,0.0,5.1410707004009515,0.4029178616469675,0.0,1.7212428294733684,0.7117801396045786,0.0,3.0716018405186674,89.86454692820826,84.45818771283304,,1.036355191384473
2025-12-01,18.0,90.44328974637882,99.46883696633363,12.622787940650454,9.0,86.7731589855153,18.0,90.12363572605437,85.49454290421751,18.0,89.75469388298667,84.0187755319467,18.0,89.77093150507913,84.08372602031656,0.35468389368589204,0.0,1.4955528597073942,0.7671976067233688,0.0,3.2782951621584733,0.748970997657139,0.0,3.1985178256121793,89.88695886958492,84.54783547833966,,2.2253235071756308
2025-12-02,18.0,89.27438685054942,98.48670499545646,12.46126795696815,9.0,82.09754740219768,18.0,90.44328974637882,86.7731589855153,18.0,89.85862033618531,84.43448134474126,18.0,89.95242593846135,84.80970375384535,-1.2924152793504562,0.0,-5.388315509059782,-0.6501696592381645,0.0,-2.767748324291841,-0.7537752104382234,0.0,-3.197931641784213,89.86435756665452,84.45743026661808,,-2.359882864420399
2025-12-03,18.0,89.53786579870247,98.3295639480524,12.357702987122158,9.0,83.15146319480985,18.0,89.27438685054942,82.09754740219768,18.0,89.43955151311592,82.75820605246368,18.0,89.80576004661425,84.22304018645704,0.29513386476025527,0.0,1.283736026179949,0.1099226057412972,0.0,0.4751880944553921,-0.29830408180135937,0.0,-1.27230860970452,89.8554277583908,84.42171103356317,,-1.2702478387533205
2025-12-04,18.0,90.6065895941958,98.56849805098436,12.586827870486077,9.0,87.42635837678318,18.0,89.53786579870247,83.15146319480985,18.0,89.14761212788598,81.59044851154391,18.0,89.89199928921344,84.56799715685378,1.1935998093767441,0.0,5.141094356882192,1.6365861423375483,0.0,7.152687565399973,0.7949431658353268,0.0,3.379956148929275,89.87924743522353,84.51698974089415,,2.909368635889038
2025-12-05,18.0,90.26644586011352,99.92744739341316,12.560221057354486,9.0,86.06578344045408,18.0,90.6065895941958,87.42635837678318,18.0,90.52627365536738,87.1050946214695,18.0,90.1669825748381,85.66793029935238,-0.37540728064668905,0.0,-1.5562525553968531,-0.28701920974126827,0.0,-1.1931692233754343,0.11031009626263355,0.0,0.46441315870651145,89.88256287806604,84.5302515122642,,1.535531928189883
2025-12-06,18.0,89.69135714656056,98.75560447213907,12.700152502500575,9.0,83.76542858624222,18.0,90.26644586011352,86.06578344045408,18.0,89.07853154687616,81.31412618750466,18.0,89.9144103151018,84.6576412604072,-0.6371013149716553,0.0,-2.6727867478292255,0.6879610485742038,0.0,3.0146083019880754,-0.24807277027070196,0.0,-1.053906842762764,89.87512777244801,84.50051108979204,,-0.735082503549819
2025-12-07,18.0,90.60112450168059,99.47142470351024,12.703302501831018,9.0,87.40449800672235,18.0,89.69135714656056,83.76542858624222,18.0,90.12363572605437,85.49454290421751,18.0,89.966943803024,84.86777521209599,1.0143311285093048,0.0,4.344357191145343,0.5298152607575934,0.0,2.2340082040611886,0.7049041257254363,0.0,2.989029449972902,89.8962671290699,84.58506851627959,,2.819429490442758
2025-12-08,18.0,90.60326786172715,100.09217384211152,12.750674376036551,9.0,87.4130714469086,18.0,90.60112450168059,87.40449800672235,18.0,90.44328974637882,86.7731589855153,18.0,89.1453868003987,81.5815472015948,0.002365710203200422,0.0,0.009808923318344043,0.1768822383583446,0.0,0.7374543797582955,1.63539708969207,0.0,7.148092240643122,89.94486316444751,84.77945265779005,,2.6336187891185574
2025-12-09,18.0,90.13452634650785,99.91029827940002,12.46897013879618,9.0,85.53810538603142,18.0,90.60326786172715,87.4130714469086,18.0,89.27438685054942,82.09754740219768,18.0,90.19584900800524,85.78339603202095,-0.5173560802847144,0.0,-2.144949296302867,0.9634784693602683,0.0,4.19081701305688,-0.06798834111749752,0.0,-0.2859418690977944,89.94281907573094,84.77127630292372,,0.7668290831076945
2025-12-10,18.0,89.54991988606317,97.10395608992555,12.656410232350243,9.0,83.19967954425267,18.0,90.13452634650785,85.53810538603142,18.0,89.53786579870247,83.15146319480985,18.0,89.95539835115417,84.82159340461666,-0.6485932573687236,0.0,-2.7337826004275922,0.013462558274279779,0.0,0.05798617076631096,-0.45075501028649656,0.0,-1.9121473616124152,89.92930312689457,84.71721250757827,,-1.5175329633255927
2025-12-11,18.0,89.7932756482641,98.98973503805155,12.701168797059385,9.0,84.17310259305641,18.0,89.54991988606317,83.19967954425267,18.0,90.6065895941958,87.42635837678318,18.0,90.80514649024144,88.22058596096574,0.27175430476158446,0.0,1.1699841323138616,-0.8976322247358892,0.0,-3.72113838907272,-1.1143320407352553,0.0,-4.587912587318543,89.89557409882865,84.58229639531461,,-0.40919380225820134
2025-12-12,18.0,90.1431933719777,98.4441881037703,12.420212575362417,9.0,85.57277348791078,18.0,89.7932756482641,84.17310259305641,18.0,90.26644586011352,86.06578344045408,18.0,89.53021741637302,83.12086966549208,0.38969257017005265,0.0,1.6628481685191376,-0.1365429722654854,0.0,-0.5728292160198545,0.6846581783153116,0.0,2.949805304355002,89.91600663068215,84.66402652272858,,0.9087469651822033
2025-12-13,18.0,89.90570258542625,99.14582809736835,12.516266689568091,9.0,84.62281034170502,18.0,90.1431933719777,85.57277348791078,18.0,89.69135714656056,83.76542858624222,18.0,89.09585233575024,81.38340934300098,-0.26345947782372425,0.0,-1.1101231238461184,0.23898115234830541,0.0,1.023550848999788,0.9089651520748365,0.0,3.9804193813645306,89.94300163900468,84.7720065560187,,-0.14919621431367602
2025-12-14,18.0,90.46947858911743,99.58039004921648,12.715303559777992,9.0,86.8779143564697,18.0,89.90570258542625,84.62281034170502,18.0,90.60112450168059,87.40449800672235,18.0,90.30903424696503,86.23613698786008,0.6270747989044256,0.0,2.664889059650255,-0.14530273579630437,0.0,-0.6024674499156224,0.1776614526888265,0.0,0.744209319928113,89.9483497837431,84.79339913497236,,2.084515221497341
2025-12-15,18.0,89.23511295994533,98.47648751916014,12.557354659746165,9.0,81.94045183978133,18.0,90.46947858911743,86.8779143564697,18.0,90.60326786172715,87.4130714469086,18.0,90.1732635091565,85.693054036626,-1.3644000699707615,0.0,-5.683219438751042,-1.5100502819278105,0.0,-6.2606421631702265,-1.0403865987570815,0.0,-4.37912061722151,89.91707809876938,84.66831239507754,,-2.7278605552962034
2025-12-16,18.0,89.25286823546688,97.92853125176624,12.42755207991664,9.0,82.01147294186752,18.0,89.23511295994533,81.94045183978133,18.0,90.13452634650785,85.53810538603142,18.0,89.49578348973442,82.98313395893771,0.01989718501227422,0.0,0.08667404254134592,-0.9781580341938878,0.0,-4.12287883657031,-0.2714264793216903,0.0,-1.170913860099565,89.90898092362713,84.63592369450853,,-2.6244507526410104
2025-12-17,18.0,90.09043555574122,98.16285905540578,12.582111031498407,9.0,85.36174222296486,18.0,89.25286823546688,82.01147294186752,18.0,89.54991988606317,83.19967954425267,18.0,89.23512552249795,81.94050208999181,0.9384206209089863,0.0,4.085122679691566,0.603591460903341,0.0,2.5986430363138746,0.9584903122343169,0.0,4.175273577425309,89.93749125806858,84.7499650322743,,0.6117771906905602
2025-12-18,18.0,89.75422779309655,98.50446647677788,12.505853784929004,9.0,84.01691117238619,18.0,90.09043555574122,85.36174222296486,18.0,89.7932756482641,84.17310259305641,18.0,90.76869836534215,88.07479346136859,-0.37318918547869506,0.0,-1.5754493940224101,-0.043486391253289014,0.0,-0.18555977605501095,-1.117643626619358,0.0,-4.6073139992797945,89.90367557232706,84.61470228930823,,-0.5977911169220391
2025-12-19,18.0,89.68647569265113,98.85854707948613,12.56714840166577,9.0,83.74590277060452,18.0,89.75422779309655,84.01691117238619,18.0,90.1431933719777,85.57277348791078,18.0,90.7070551953034,87.82822078121356,-0.07548624963005235,0.0,-0.3225641100106813,-0.5066579763176593,0.0,-2.134873795535386,-1.125137951457944,0.0,-4.6480709438238454,89.86965625557198,84.47862502228791,,-0.7327222516833984
2025-12-20,18.0,89.1159716404128,98.5352649687917,12.595953882803984,9.0,81.46388656165121,18.0,89.68647569265113,83.74590277060452,18.0,89.90570258542625,84.62281034170502,18.0,88.75627162064694,80.02508648258774,-0.6361093440591992,0.0,-2.7249287827300295,-0.8783991696890148,0.0,-3.7329459601946002,0.4052671582502221,0.0,1.7979363001082493,89.88164625623084,84.52658502492338,,-3.06269846327217
2025-12-21,18.0,90.0097729223991,98.42483456440276,12.524263993421753,9.0,85.03909168959636,18.0,89.1159716404128,81.46388656165121,18.0,90.46947858911743,86.8779143564697,18.0,89.77088848537176,84.083553941487,1.0029641887234542,0.0,4.38869943338569,-0.5081334322773801,0.0,-2.116559404647367,0.266104570265302,0.0,1.1364145582789087,89.88960907079841,84.55843628319369,,0.48065540640267557
2025-12-22,18.0,89.97362244599962,99.4845149040361,12.69638919221679,9.0,84.89448978399847,18.0,90.0097729223991,85.03909168959636,18.0,89.23511295994533,81.94045183978133,18.0,90.83209602739196,88.32838410956779,-0.040162834796431124,0.0,-0.17004168638784511,0.82759965394541,0.0,3.6051033133099875,-0.9451214041493072,0.0,-3.8876453590611537,89.86099328475201,84.44397313900804,,0.4505166449904294
2025-12-23,18.0,90.32673949097587,99.0354772952502,12.567576321501933,9.0,86.30695796390349,18.0,89.97362244599962,84.89448978399847,18.0,89.25286823546688,82.01147294186752,18.0,89.76196872111106,84.04787488444427,0.3924672980552435,0.0,1.663792530585706,1.2031784263514034,0.0,5.237663546270821,0.6291871467520194,0.0,2.6878527060501867,89.87981897708083,84.51927590832335,,1.7876820555801345
2025-12-24,18.0,90.03445306656049,99.21912331401381,12.520060708068781,9.0,85.13781226624194,18.0,90.32673949097587,86.30695796390349,18.0,90.09043555574122,85.36174222296486,18.0,89.75469388298667,84.0187755319467,-0.32358792763086397,0.0,-1.354636665737341,-0.06214032470305275,0.0,-0.2623305838088674,0.31169309533665146,0.0,1.3318888869901846,89.88914428319997,84.55657713279986,,0.5812351334420782
2025-12-25,18.0,89.93369796087975,98.67212078053493,12.672577176357489,9.0,84.734791843519,18.0,90.03445306656049,85.13781226624194,18.0,89.75422779309655,84.01691117238619,18.0,89.85862033618531,84.43448134474126,-0.11190727799084144,0.0,-0.47337418239338236,0.19995734150477507,0.0,0.8544478261761634,0.08355083175499711,0.0,0.3556728175442947,89.89164687068978,84.56658748275912,,0.1682043607598871
2025-12-26,18.0,90.58850031839516,99.73843566409074,12.774583682376086,9.0,87.35400127358068,18.0,89.93369796087975,84.734791843519,18.0,89.68647569265113,83.74590277060452,18.0,89.43955151311592,82.75820605246368,0.7280945545019568,0.0,3.0910672854411514,1.0057532295451255,0.0,4.308388092560667,1.2846093096863909,0.0,5.553280381891734,89.9299451641991,84.71978065679635,,2.634220616784333
2025-12-27,18.0,89.34376634827572,98.72408180038845,12.593268282434869,9.0,82.3750653931029,18.0,90.58850031839516,87.35400127358068,18.0,89.1159716404128,81.46388656165121,18.0,89.14761212788598,81.59044851154391,-1.3740529600827056,0.0,-5.699722746396518,0.2556160289449494,0.0,1.1185064571675118,0.2200330616913826,0.0,0.9616528599520668,89.93648363821208,84.74593455284831,,-2.3708691597454106
2025-12-28,18.0,90.26819460942379,98.6815070317219,12.505967504497516,9.0,86.07277843769515,18.0,89.34376634827572,82.3750653931029,18.0,90.0097729223991,85.03909168959636,18.0,90.52627365536738,87.1050946214695,1.0346869165382078,0.0,4.488874184131264,0.2871040317449669,0.0,1.2155430256379995,-0.285087450883148,0.0,-1.1851386974096823,89.9278810033473,84.71152401338917,,1.361254424305983
2025-12-29,18.0,89.16442641760233,97.74091611098915,12.436424600657121,9.0,81.6577056704093,18.0,90.26819460942379,86.07277843769515,18.0,89.97362244599962,84.89448978399847,18.0,89.07853154687616,81.31412618750466,-1.2227653345647238,0.0,-5.129464677943163,-0.8993702892011068,0.0,-3.8127140192781517,0.0964260066197431,0.0,0.4225335732101154,89.93074416570484,84.72297666281932,,-3.0652709924100208
2025-12-30,18.0,89.5808190599996,98.6313822596706,12.623613527600277,9.0,83.32327623999838,18.0,89.16442641760233,81.6577056704093,18.0,90.32673949097587,86.30695796390349,18.0,90.12363572605437,85.49454290421751,0.46699413558395353,0.0,2.0396979757326683,-0.8258024536032194,0.0,-3.4570581495329544,-0.6023022281355317,0.0,-2.539655269754093,89.91265027683635,84.65060110734535,,-1.3273248673469737
2025-12-31,18.0,89.39367143368834,99.53383040757235,12.519268184772757,9.0,82.57468573475337,18.0,89.5808190599996,83.32327623999838,18.0,90.03445306656049,85.13781226624194,18.0,90.44328974637882,86.7731589855153,-0.20891484167600005,0.0,-0.8984170318613205,-0.7117071421519405,0.0,-3.010561891669461,-1.1605264643002489,0.0,-4.83844693433687,89.87766299974666,84.51065199898662,,-1.9359662642332438
2026-01-01,18.0,90.39097126772596,98.99847353841515,12.547366692861889,9.0,86.56388507090384,18.0,89.39367143368834,82.57468573475337,18.0,89.93369796087975,84.734791843519,18.0,89.27438685054942,82.09754740219768,1.1156268872762443,0.0,4.831019701321759,0.5084560261773285,0.0,2.1586094537916045,1.2507332243522074,0.0,5.440281482253639,89.9148824803192,84.65952992127683,,1.9043551496270084
2026-01-02,18.0,89.9672948832023,99.984091314521,12.641253077560867,9.0,84.86917953280921,18.0,90.39097126772596,86.56388507090384,18.0,90.58850031839516,87.35400127358068,18.0,89.53786579870247,83.15146319480985,-0.4687153800668753,0.0,-1.957751245460504,-0.6857442534201175,0.0,-2.844542556201113,0.4796061204599855,0.0,2.065768023798986,89.92919678313586,84.71678713254347,,0.15239240026573952
2026-01-03,18.0,89.99324837770351,99.99478486731145,12.527574046979346,9.0,84.97299351081405,18.0,89.9672948832023,84.86917953280921,18.0,89.34376634827572,82.3750653931029,18.0,90.6065895941958,87.42635837678318,0.02884769908320095,0.0,0.1223223537405671,0.7269472241588915,0.0,3.153779733361728,-0.6769278252710897,0.0,-2.8062073172438695,89.90875207591945,84.63500830367784,,0.3379852071362137
2026-01-04,18.0,89.44663350613527,98.34264128139802,12.70198117569816,9.0,82.7865340245411,18.0,89.99324837770351,84.97299351081405,18.0,90.26819460942379,86.07277843769515,18.0,90.26644586011352,86.06578344045408,-0.6073954229033784,0.0,-2.573122819304574,-0.9101335269230515,0.0,-3.8179834237985433,-0.9082138397790929,0.0,-3.8101662296280425,89.88142499745352,84.52569998981406,,-1.73916596527296
2026-01-05,18.0,89.85015325203355,98.68609231413696,12.733505601526524,9.0,84.40061300813421,18.0,89.44663350613527,82.7865340245411,18.0,89.16442641760233,81.6577056704093,18.0,89.69135714656056,83.76542858624222,0.4511290476578944,0.0,1.9496878358437497,0.7690587625378997,0.0,3.3590306208160836,0.17704727693383937,0.0,0.7582894669225348,89.88671820096927,84.54687280387712,,-0.14625979574290682
2026-01-06,18.0,89.61826734834544,98.23406148384764,12.60696717140392,9.0,83.47306939338178,18.0,89.85015325203355,84.40061300813421,18.0,89.5808190599996,83.32327623999838,18.0,90.60112450168059,87.40449800672235,-0.2580806991365536,0.0,-1.0989773435212458,0.04180391376056303,0.0,0.17977348004409865,-1.0848178306185563,0.0,-4.497970588468114,89.85395629585811,84.41582518343245,,-0.9427557900506685
2026-01-07,18.0,90.1917275074271,99.17679899300349,12.762942521516774,9.0,85.76691002970843,18.0,89.61826734834544,83.47306939338178,18.0,89.39367143368834,82.57468573475337,18.0,90.60326786172715,87.4130714469086,0.6398920399260044,0.0,2.7480008258909505,0.8927433686743314,0.0,3.86586308691399,-0.454222418255501,0.0,-1.8831982333443076,89.84023828404811,84.36095313619244,,1.4059568935159916
2026-01-08,18.0,89.5044544323342,97.75154015928786,12.537102755539127,9.0,83.01781772933677,18.0,90.1917275074271,85.76691002970843,18.0,90.39097126772596,86.56388507090384,18.0,90.13452634650785,85.53810538603142,-0.7620134285999836,0.0,-3.2053064514267926,-0.9807581697136691,0.0,-4.096474342230028,-0.6990350309840743,0.0,-2.946391722520214,89.81923588690898,84.27694354763595,,-1.2591258182991822
2026-01-09,18.0,90.66489718260254,99.6932673922025,12.76962935500186,9.0,87.65958873041015,18.0,89.5044544323342,83.01781772933677,18.0,89.9672948832023,84.86917953280921,18.0,89.54991988606317,83.19967954425267,1.2965195504829774,0.0,5.591294890702803,0.775395437092885,0.0,3.287894631433552,1.245090222255918,0.0,5.36048841845036,89.85640179679363,84.42560718717453,,3.2339815432356147
2026-01-10,18.0,89.16220977518795,98.82687088963218,12.63048139805652,9.0,81.64883910075181,18.0,90.66489718260254,87.65958873041015,18.0,89.99324837770351,84.97299351081405,18.0,89.7932756482641,84.17310259305641,-1.6574081635896243,0.0,-6.856922005582189,-0.9234455000753816,0.0,-3.9120128322173153,-0.7027985876672416,0.0,-2.9988956264430544,89.8353662676911,84.34146507076439,,-2.692625970012571
2026-01-11,18.0,89.59674008377172,98.25087156091054,12.568093479907473,9.0,83.38696033508688,18.0,89.16220977518795,81.64883910075181,18.0,89.44663350613527,82.7865340245411,18.0,90.1431933719777,85.57277348791078,0.48734807008417036,0.0,2.1287764204342086,0.16781691132752297,0.0,0.7252705015622363,-0.6062058240504431,0.0,-2.5543324865270334,89.81715115808423,84.26860463233692,,-0.881644297250034
2026-01-12,18.0,90.83860025498305,99.80209812848683,12.6918853185462,9.0,88.3544010199322,18.0,89.59674008377172,83.38696033508688,18.0,89.85015325203355,84.40061300813421,18.0,89.90570258542625,84.62281034170502,1.386055084203064,0.0,5.957095287900982,1.1001060846016264,0.0,4.684548927881527,1.0376401526592582,0.0,4.409674723823387,89.84824774706946,84.39299098827783,,3.961410031654367
2026-01-13,18.0,89.78243062601898,97.91010345148726,12.399078091824947,9.0,84.12972250407593,18.0,90.83860025498305,88.3544010199322,18.0,89.61826734834544,83.47306939338178,18.0,90.46947858911743,86.8779143564697,-1.1626881369807718,0.0,-4.7815145222966375,0.1831805975844647,0.0,0.7866646278448908,-0.759425138525216,0.0,-3.1632801877789496,89.82534614829952,84.30138459319804,,-0.17166208912210834
2026-01-14,18.0,89.3425606677978,98.4638477786431,12.499645140919544,9.0,82.37024267119118,18.0,89.78243062601898,84.12972250407593,18.0,90.1917275074271,85.76691002970843,18.0,89.23511295994533,81.94045183978133,-0.4899287701993993,0.0,-2.091389084041617,-0.9415130002464744,0.0,-3.96034712844463,0.12040967315265494,0.0,0.5245160622865619,89.82892773856126,84.31571095424503,,-1.9454682830538559
2026-01-15,18.0,90.10953578126883,99.2527302018714,12.697677327833869,9.0,85.43814312507534,18.0,89.3425606677978,82.37024267119118,18.0,89.5044544323342,83.01781772933677,18.0,89.25286823546688,82.01147294186752,0.8584655596819868,0.0,3.7245252100697623,0.6760348999077737,0.0,2.9154288343612667,0.9598207460872699,0.0,4.178281477320556,89.85748332342133,84.4299332936853,,1.0082098313900474
2026-01-16,18.0,89.76230387889272,98.77038544666489,12.661285885801744,9.0,84.04921551557092,18.0,90.10953578126883,85.43814312507534,18.0,90.66489718260254,87.65958873041015,18.0,90.09043555574122,85.36174222296486,-0.3853442361738235,0.0,-1.6256528509416834,-0.9955267493349296,0.0,-4.118628968181259,-0.36422476462052433,0.0,-1.5376053407691992,89.8465456008597,84.38618240343882,,-0.3369668878679022
2026-01-17,18.0,89.58206487219084,98.43185783429885,12.59192558867856,9.0,83.3282594887634,18.0,89.76230387889272,84.04921551557092,18.0,89.16220977518795,81.64883910075181,18.0,89.75422779309655,84.01691117238619,-0.2007958785740005,0.0,-0.8577784127847821,0.47088906618790727,0.0,2.0568821388130543,-0.191815945765339,0.0,-0.8196584163988274,89.84080683682951,84.36322734731806,,-1.0349678585546656
2026-01-18,18.0,89.45206459460064,98.25089209467448,12.469159133747867,9.0,82.80825837840257,18.0,89.58206487219084,83.3282594887634,18.0,89.59674008377172,83.38696033508688,18.0,89.68647569265113,83.74590277060452,-0.14511864375494898,0.0,-0.6240393277756384,-0.16147405478793564,0.0,-0.6939957450887047,-0.26136727554531003,0.0,-1.1196301683800924,89.83299313356116,84.33197253424466,,-1.523714155842086
2026-01-19,18.0,91.38418680281298,100.77355559994461,12.596103995499059,9.0,90.53674721125189,18.0,89.45206459460064,82.80825837840257,18.0,90.83860025498305,88.3544010199322,18.0,89.1159716404128,81.46388656165121,2.1599526148097015,0.0,9.332992849013966,0.6006109146315275,0.0,2.469991495757373,2.5452397821038586,0.0,11.137279391567478,89.90860030564117,84.63440122256469,,5.902345988687202
2026-01-20,18.0,89.87422404990794,98.84723815410442,12.532869857186638,9.0,84.49689619963172,18.0,91.38418680281298,90.53674721125189,18.0,89.78243062601898,84.12972250407593,18.0,90.0097729223991,85.03909168959636,-1.6523238929326056,0.0,-6.671159719850794,0.10223985166020189,0.0,0.43643754505193755,-0.15059350567190322,0.0,-0.6375838207958839,89.90408200989147,84.61632803956587,,-0.11943183993415118
2026-01-21,18.0,89.03721631983356,98.09842388759459,12.434775797671303,9.0,81.14886527933425,18.0,89.87422404990794,84.49689619963172,18.0,89.3425606677978,82.37024267119118,18.0,89.97362244599962,84.89448978399847,-0.9313101046742545,0.0,-3.962312310723748,-0.3417680730011696,0.0,-1.482789600040968,-1.040756280239885,0.0,-4.412093781580417,89.87286847235261,84.4914738894104,,-3.342608610076155
2026-01-22,18.0,90.74685487950276,99.92903177618032,12.673266786411386,9.0,87.98741951801107,18.0,89.03721631983356,81.14886527933425,18.0,90.10953578126883,85.43814312507534,18.0,90.32673949097587,86.30695796390349,1.9201392747140167,0.0,8.427171735719096,0.7072715364786264,0.0,2.9837684899164607,0.4651063360577412,0.0,1.9470754082311803,89.88687231863682,84.54748927454732,,3.439930243463749
2026-01-23,18.0,90.30553545255529,99.89780264135871,12.704630599055534,9.0,86.22214181022115,18.0,90.74685487950276,87.98741951801107,18.0,89.76230387889272,84.04921551557092,18.0,90.03445306656049,85.13781226624194,-0.4863192531944782,0.0,-2.006284213652343,0.6051889826663714,0.0,2.5853022914267054,0.30108739128387185,0.0,1.2736168749418963,89.89590839816998,84.58363359267996,,1.6385082175411867
2026-01-24,18.0,89.61676678449011,98.91694051162666,12.7449149909301,9.0,83.46706713796043,18.0,90.30553545255529,86.22214181022115,18.0,89.58206487219084,83.3282594887634,18.0,89.93369796087975,84.734791843519,-0.7627092454670636,0.0,-3.1953215431887116,0.03873756688772545,0.0,0.16657932140746734,-0.3524053648138681,0.0,-1.4961088331929884,89.88534402562367,84.54137610249467,,-1.0743089645342394
2026-01-25,18.0,89.53344045565693,98.58321542279772,12.547034583976082,9.0,83.13376182262772,18.0,89.61676678449011,83.46706713796043,18.0,89.45206459460064,82.80825837840257,18.0,90.58850031839516,87.35400127358068,-0.09298073543934082,0.0,-0.3993255385166483,0.09097147329699684,0.0,0.39308089627694276,-1.1646730644949033,0.0,-4.831191919573041,89.85017536353239,84.40070145412956,,-1.2669396315018417
2026-01-26,18.0,90.33673639807911,100.12962105321311,12.62546991681543,9.0,86.34694559231646,18.0,89.53344045565693,83.13376182262772,18.0,91.38418680281298,90.53674721125189,18.0,89.34376634827572,82.3750653931029,0.8972021384792361,0.0,3.865076834300263,-1.1462053133919459,0.0,-4.627735972399416,1.111403839785119,0.0,4.821702028713792,89.88327436519252,84.53309746077002,,1.813848131546436
2026-01-27,18.0,89.87654083625527,99.07432918440908,12.55679353577533,9.0,84.5061633450211,18.0,90.33673639807911,86.34694559231646,18.0,89.87422404990794,84.49689619963172,18.0,90.26819460942379,86.07277843769515,-0.5094223902399331,0.0,-2.131844079333789,0.002577809568671263,0.0,0.010967438812747865,-0.4338779288354466,0.0,-1.8201051727499085,89.87021923942022,84.48087695768089,,0.025286387340202054
2026-01-28,18.0,89.03701109077745,98.59319354425043,12.477620029399617,9.0,81.1480443631098,18.0,89.87654083625527,84.5061633450211,18.0,89.03721631983356,81.14886527933425,18.0,89.16442641760233,81.6577056704093,-0.9340921865332419,0.0,-3.9738154579338603,-0.00023049805978336835,0.0,-0.0010116176259677978,-0.14289928387821726,0.0,-0.6241435552409635,89.86597206185938,84.46388824743758,,-3.3158438843277764
2026-01-29,18.0,90.89361998230234,100.28645328472591,12.64227742148749,9.0,88.57447992920933,18.0,89.03701109077745,81.1480443631098,18.0,90.74685487950276,87.98741951801107,18.0,89.5808190599996,83.32327623999838,2.085210261193504,0.0,9.151712310981598,0.1617302362648898,0.0,0.6672094879178747,1.4654933233234413,0.0,6.302205009421091,89.90973209260281,84.63892837041128,,3.9355515587980534
2026-01-30,18.0,89.78300476889203,97.84034570631547,12.581640523519491,9.0,84.13201907556808,18.0,90.89361998230234,88.57447992920933,18.0,90.30553545255529,86.22214181022115,18.0,89.39367143368834,82.57468573475337,-1.2218846753232593,0.0,-5.015508820590043,-0.5786253091182747,0.0,-2.42411367981733,0.4355267313217892,0.0,1.8859694432470153,89.92270987044294,84.69083948177176,,-0.5588204062036795
2026-01-31,18.0,90.74778586824121,100.474981836725,12.74977125518695,9.0,87.99114347296485,18.0,89.78300476889203,84.13201907556808,18.0,89.61676678449011,83.46706713796043,18.0,90.39097126772596,86.56388507090384,1.0745698496420264,0.0,4.586986547809424,1.262061915791901,0.0,5.420193245231331,0.3947458418810612,0.0,1.6487919885896485,89.93460369046011,84.73841476184046,,3.2527287111243908
2026-02-01,18.0,90.63921747898286,99.77072734755248,12.71045905341505,9.0,87.55686991593143,18.0,90.74778586824121,87.99114347296485,18.0,89.53344045565693,83.13376182262772,18.0,89.9672948832023,84.86917953280921,-0.11963750764782954,0.0,-0.4935423497102853,1.235043596781682,0.0,5.32047148635082,0.746852060688119,0.0,3.166862691400474,89.95700111031947,84.82800444127787,,2.72886547465356
2026-02-02,18.0,89.49949522775859,98.42346736508406,12.575683525286681,9.0,82.99798091103438,18.0,90.63921747898286,87.55686991593143,18.0,90.33673639807911,86.34694559231646,18.0,89.99324837770351,84.97299351081405,-1.2574272847054813,0.0,-5.206774761676969,-0.9268003291940108,0.0,-3.878498142938469,-0.5486557701224748,0.0,-2.324282714046466,89.94054267198797,84.76217068795187,,-1.7641897769174903
2026-02-03,18.0,90.51659493218158,99.70892859914453,12.715698051440274,9.0,87.06637972872629,18.0,89.49949522775859,82.99798091103438,18.0,89.87654083625527,84.5061633450211,18.0,89.44663350613527,82.7865340245411,1.136430660122345,0.0,4.901804565647017,0.7121481200443647,0.0,3.029620896705909,1.196200889967436,0.0,5.169736545458559,89.97620805285618,84.90483221142472,,2.161547517301571
2026-02-04,18.0,89.67427872506816,98.46921501659645,12.3772093532849,9.0,83.69711490027264,18.0,90.51659493218158,87.06637972872629,18.0,89.03701109077745,81.1480443631098,18.0,89.85015325203355,84.40061300813421,-0.9305655032035953,0.0,-3.8697656190039287,0.7157334084822109,0.0,3.14125935771985,-0.195742044503866,0.0,-0.8335225098350607,89.97034556862401,84.881382274496,,-1.1842673742233671
2026-02-05,18.0,89.06664970659803,98.0868291074523,12.533017974763267,9.0,81.26659882639211,18.0,89.67427872506816,83.69711490027264,18.0,90.89361998230234,88.57447992920933,18.0,89.61826734834544,83.47306939338178,-0.6775956574270992,0.0,-2.903942479709787,-2.0100093670601282,0.0,-8.250549265045459,-0.615519199454373,0.0,-2.6433322543720994,89.95195831389907,84.80783325559634,,-3.5412344292042235
2026-02-06,18.0,89.78770091698892,98.47053297551628,12.503176643812205,9.0,84.15080366795571,18.0,89.06664970659803,81.26659882639211,18.0,89.78300476889203,84.13201907556808,18.0,90.1917275074271,85.76691002970843,0.8095636388773642,0.0,3.549065524109185,0.0052305534983920765,0.0,0.022327518813924918,-0.44796413330137064,0.0,-1.8843005550659542,89.93849076088448,84.75396304353791,,-0.6031593755821945
2026-02-07,18.0,90.19881875088814,99.85583675534414,12.518250708823944,9.0,85.79527500355256,18.0,89.78770091698892,84.15080366795571,18.0,90.74778586824121,87.99114347296485,18.0,89.5044544323342,83.01781772933677,0.4578776711069876,0.0,1.954195639159484,-0.6049372027105204,0.0,-2.4955562375285734,0.7757874431589151,0.0,3.345615857153872,89.96163623816962,84.84654495267844,,0.9487300508741185
2026-02-08,18.0,89.76863167600183,98.68870078679149,12.457163251854759,9.0,84.07452670400733,18.0,90.19881875088814,85.79527500355256,18.0,90.63921747898286,87.55686991593143,18.0,90.66489718260254,87.65958873041015,-0.4769320494921292,0.0,-2.0056445992788996,-0.9604957182942298,0.0,-3.9772358414224995,-0.9885474251358883,0.0,-4.089754558886183,89.93176072128291,84.72704288513168,,-0.6525161811243549
2026-02-09,18.0,89.84647582953745,98.63983149113,12.621860777182498,9.0,84.3859033181498,18.0,89.76863167600183,84.07452670400733,18.0,89.49949522775859,82.99798091103438,18.0,89.16220977518795,81.64883910075181,0.08671643098736581,0.0,0.3703578555234843,0.38769000975464873,0.0,1.6722363506687543,0.7674395420153912,0.0,3.3522389877712166,89.95456958976123,84.81827835904495,,-0.43237504089515255
2026-02-10,18.0,90.5717830224643,99.16649841685111,12.65779213042252,9.0,87.28713208985722,18.0,89.84647582953745,84.3859033181498,18.0,90.51659493218158,87.06637972872629,18.0,89.59674008377172,83.38696033508688,0.807273948399434,0.0,3.43804907884826,0.06097013517143424,0.0,0.25354489507745104,1.0882571595584034,0.0,4.677196217607249,89.987071021051,84.94828408420396,,2.3388480056532615
2026-02-11,18.0,90.05324699014504,99.19295958373387,12.439257700221766,9.0,85.21298796058018,18.0,90.5717830224643,87.28713208985722,18.0,89.67427872506816,83.69711490027264,18.0,90.83860025498305,88.3544010199322,-0.5725138834802967,0.0,-2.376231272144247,0.4226053116510142,0.0,1.8111413542913013,-0.8645589679206034,0.0,-3.555468684172658,89.96089257888973,84.8435703155589,,0.3694176450212723
2026-02-12,18.0,89.57835084435753,98.62973947885584,12.588772899729284,9.0,83.31340337743009,18.0,90.05324699014504,85.21298796058018,18.0,89.06664970659803,81.26659882639211,18.0,89.78243062601898,84.12972250407593,-0.5273503861992657,0.0,-2.22921954576788,0.5745148598775618,0.0,2.5186295238103007,-0.22730480812167553,0.0,-0.9703100192756331,89.954089919501,84.81635967800403,,-1.502956300573942
2026-02-13,18.0,90.35101516183366,99.58032898485578,12.50518130957683,9.0,86.40406064733466,18.0,89.57835084435753,83.31340337743009,18.0,89.78770091698892,84.15080366795571,18.0,89.3425606677978,82.37024267119118,0.8625569796642418,0.0,3.7096759280174085,0.6273846407600203,0.0,2.6776416637325218,1.1287503811152177,0.0,4.8971786962505925,89.98770506930221,84.9508202772088,,1.4532403701258545
2026-02-14,18.0,90.09883778347712,98.59509561807228,12.62781942553862,9.0,85.39535113390849,18.0,90.35101516183366,86.40406064733466,18.0,90.19881875088814,85.79527500355256,18.0,90.10953578126883,85.43814312507534,-0.27910851682722004,0.0,-1.1674329954737939,-0.11084509619482263,0.0,-0.46613740631696876,-0.011872214964769867,0.0,-0.050085347833705995,89.9873484693758,84.94939387750325,,0.44595725640523654
2026-02-15,18.0,88.73919759926898,96.8125267597901,12.447337556464964,9.0,79.95679039707592,18.0,90.09883778347712,85.39535113390849,18.0,89.76863167600183,84.07452670400733,18.0,89.76230387889272,84.04921551557092,-1.5090540762308091,0.0,-6.368684787424039,-1.1467636940800774,0.0,-4.8977216623868784,-1.1397950313353333,0.0,-4.8690818746985665,89.9532449267217,84.81297970688676,,-4.856189309810844
2026-02-16,18.0,90.21417645688572,99.54838975382759,12.718542412133507,9.0,85.8567058275429,18.0,88.73919759926898,79.95679039707592,18.0,89.84647582953745,84.3859033181498,18.0,89.58206487219084,83.3282594887634,1.6621503208508859,0.0,7.378879768894198,0.40925436858079145,0.0,1.7429481128476088,0.7056229230669508,0.0,3.0343203545736497,89.97431531287818,84.89726125151273,,0.9594445760301653
2026-02-17,18.0,90.19591435385806,99.95782672018213,12.805596488186813,9.0,85.7836574154322,18.0,90.21417645688572,85.8567058275429,18.0,90.5717830224643,87.28713208985722,18.0,89.45206459460064,82.80825837840257,-0.020243052416923923,0.0,-0.08508177830328645,-0.41499532863675803,0.0,-1.7224470989346763,0.8315624269026767,0.0,3.593118724262001,89.99911030485345,84.99644121941374,,0.7872161960184627
2026-02-18,18.0,90.01006056479044,98.49788981007454,12.464940846480607,9.0,85.04024225916172,18.0,90.19591435385806,85.7836574154322,18.0,90.05324699014504,85.21298796058018,18.0,91.38418680281298,90.53674721125189,-0.20605566271935105,0.0,-0.8666162981024295,-0.047956544375715726,0.0,-0.20272226752379163,-1.5036805448491952,0.0,-6.07102101786916,89.95330609691935,84.81322438767738,0.0,0.2270178714843354
2026-02-19,18.0,90.44585029053479,100.28515596136914,12.657171655068566,9.0,86.78340116213916,18.0,90.01006056479044,85.04024225916172,18.0,89.57835084435753,83.31340337743009,18.0,89.87422404990794,84.49689619963172,0.48415668538592804,0.0,2.049804723821369,0.9684253371493146,0.0,4.164993439277853,0.6360291247793359,0.0,2.7060224284515266,89.97236030494022,84.88944121976097,0.0,1.8939599423781885
2026-02-20,18.0,89.66380320783675,98.77213905798862,12.525298919592723,9.0,83.655212831347,18.0,90.44585029053479,86.78340116213916,18.0,90.35101516183366,86.40406064733466,18.0,89.03721631983356,81.14886527933425,-0.8646577816294632,0.0,-3.604592916274041,-0.7606023604339152,0.0,-3.1813873044778673,0.7037359363891271,0.0,3.0885799122209567,89.99324653454033,84.97298613816139,0.0,-1.317773306814388
2026-02-21,18.0,90.16824989441045,99.18154343157609,12.66692995381356,9.0,85.6729995776418,18.0,89.66380320783675,83.655212831347,18.0,90.09883778347712,85.39535113390849,18.0,90.74685487950276,87.98741951801107,0.5625979141264059,0.0,2.4120275091078502,0.0770399626021101,0.0,0.32513297275156283,-0.6376033481938381,0.0,-2.6303987013683194,89.97395970170393,84.89583880681576,0.0,0.7771607708260433
2026-02-22,18.0,89.21652031441633,97.93939799758508,12.511879721111649,9.0,81.8660812576653,18.0,90.16824989441045,85.6729995776418,18.0,88.73919759926898,79.95679039707592,18.0,90.30553545255529,86.22214181022115,-1.0555041060557602,0.0,-4.443545036060581,0.5378938823662249,0.0,2.387903330170693,-1.205922906809087,0.0,-5.052136795840367,89.93765919709931,84.75063678839723,0.0,-2.88455553073193
2026-02-23,18.0,90.20354519169942,98.53164070115687,12.593241702564258,9.0,85.81418076679766,18.0,89.21652031441633,81.8660812576653,18.0,90.21417645688572,85.8567058275429,18.0,89.61676678449011,83.46706713796043,1.1063252341658503,0.0,4.822631605763705,-0.011784472910847388,0.0,-0.04953027295346857,0.6547640896489737,0.0,2.8120236032227686,89.95721847733962,84.82887390935846,0.0,0.9853068574391983
2026-02-24,18.0,90.97652984776995,100.56804709050925,12.692623959826708,9.0,88.9061193910798,18.0,90.20354519169942,85.81418076679766,18.0,90.19591435385806,85.7836574154322,18.0,89.53344045565693,83.13376182262772,0.8569337872783134,0.0,3.603062566878723,0.8654665785075011,0.0,3.6399263795971804,1.6117881595622885,0.0,6.9434576782028135,90.00532145707672,85.02128582830687,0.0,3.8848335627729256
2026-02-25,18.0,89.50257182376623,98.06502582542406,12.41871496980887,9.0,83.01028729506491,18.0,90.97652984776995,88.9061193910798,18.0,90.01006056479044,85.04024225916172,18.0,90.33673639807911,86.34694559231646,-1.6201519517946905,0.0,-6.63152563220123,-0.563813353573861,0.0,-2.38705218866907,-0.9233946316557606,0.0,-3.8642458912275135,89.97751597126629,84.91006388506516,0.0,-1.8997765900002435
2026-02-26,18.0,89.62009893400611,98.19220548953793,12.645600009001507,9.0,83.48039573602445,18.0,89.50257182376623,83.01028729506491,18.0,90.44585029053479,86.78340116213916,18.0,89.87654083625527,84.5061633450211,0.131311433677328,0.0,0.5663255197376982,-0.9129787092234332,0.0,-3.8060336215028467,-0.2853268493236416,0.0,-1.2138376283971741,89.96896790785799,84.87587163143192,0.0,-1.395475895407472
2026-02-27,18.0,89.64499227855423,99.10545466135314,12.596219337157546,9.0,83.5799691142169,18.0,89.62009893400611,83.48039573602445,18.0,89.66380320783675,83.655212831347,18.0,89.03701109077745,81.1480443631098,0.02777651982559526,0.0,0.1192775588981565,-0.020979401508236517,0.0,-0.08994504297276107,0.6828409672882119,0.0,2.996898779501156,89.98923394745056,84.95693578980216,0.0,-1.3769666755852654
2026-02-28,18.0,90.0649991129008,98.13000730085503,12.700876695585626,9.0,85.25999645160319,18.0,89.64499227855423,83.5799691142169,18.0,90.16824989441045,85.6729995776418,18.0,90.89361998230234,88.57447992920933,0.4685223610053635,0.0,2.0100837021014506,-0.11450902244478645,0.0,-0.48206917940853966,-0.9116380990908723,0.0,-3.742029849066175,89.96161325180383,84.84645300721529,0.0,0.4135434443878978
2026-03-01,18.0,89.46848186357315,97.65353114459639,12.49454784725269,9.0,82.87392745429257,18.0,90.0649991129008,85.25999645160319,18.0,89.21652031441633,81.8660812576653,18.0,89.78300476889203,84.13201907556808,-0.6623186090080169,0.0,-2.798579752070529,0.28241579952776874,0.0,1.2310912909770044,-0.35031452347633607,0.0,-1.495377901421202,89.95112915495984,84.80451661983943,0.0,-1.9305891655468628
2026-03-02,18.0,90.2106236893455,99.222618936526,12.563803769638927,9.0,85.84249475738196,18.0,89.46848186357315,82.87392745429257,18.0,90.20354519169942,85.81418076679766,18.0,90.74778586824121,87.99114347296485,0.8295008592009046,0.0,3.5820280204852617,0.007847249940162726,0.0,0.03299453578802236,-0.591928688679666,0.0,-2.4418920254662524,89.93322374899667,84.73289499598668,0.0,1.1095997613952733
2026-03-03,18.0,90.42341997273458,99.61240418451047,12.55144728951992,9.0,86.69367989093833,18.0,90.2106236893455,85.84249475738196,18.0,90.97652984776995,88.9061193910798,18.0,90.63921747898286,87.55686991593143,0.23588827422575953,0.0,0.991566165408031,-0.607969853280721,0.0,-2.4885120566441543,-0.23808403498002395,0.0,-0.9858621326023886,89.92603049878839,84.70412199515359,0.0,1.989557895784742
2026-03-04,18.0,90.26717360672689,99.53625829138404,12.67329606331583,9.0,86.06869442690757,18.0,90.42341997273458,86.69367989093833,18.0,89.50257182376623,83.01028729506491,18.0,89.49949522775859,82.99798091103438,-0.17279413458902715,0.0,-0.7209123719479904,0.8542791200080613,0.0,3.6843712165112397,0.857746043164509,0.0,3.69974483977471,89.95161977808735,84.80647911234934,0.0,1.262215314558233
2026-03-05,18.0,89.11579228718097,97.87647226920095,12.372231597752512,9.0,81.46316914872385,18.0,90.26717360672689,86.06869442690757,18.0,89.62009893400611,83.48039573602445,18.0,90.51659493218158,87.06637972872629,-1.2755260561964854,0.0,-5.350987730033352,-0.562716012170994,0.0,-2.4164075523543604,-1.5475644505299258,0.0,-6.435561691505298,89.90492635658731,84.61970542634927,0.0,-3.1565362776254204
2026-03-06,18.0,90.49758383257931,100.8125270501581,12.85452804345776,9.0,86.99033533031721,18.0,89.11579228718097,81.46316914872385,18.0,89.64499227855423,83.5799691142169,18.0,89.67427872506816,83.69711490027264,1.550557437614919,0.0,6.784865159741882,0.9510754949655364,0.0,4.080363096856199,0.9181061941243129,0.0,3.9346881119719956,89.93236986017102,84.72947944068409,0.0,2.2608558896331203
2026-03-07,18.0,90.46868370712684,99.40160579845661,12.534851460888415,9.0,86.87473482850736,18.0,90.49758383257931,86.99033533031721,18.0,90.0649991129008,85.25999645160319,18.0,89.06664970659803,81.26659882639211,-0.03193469287083861,0.0,-0.13288890239461226,0.44821473180720606,0.0,1.8938991837992303,1.574140270401303,0.0,6.9009114237643665,89.97910432685532,84.91641730742126,0.0,1.9583175210861015
2026-03-08,18.0,90.41508068617316,99.34119567873911,12.685477307985494,9.0,86.6603227446926,18.0,90.46868370712684,86.87473482850736,18.0,89.46848186357315,82.87392745429257,18.0,89.78770091698892,84.15080366795571,-0.0592503601878569,0.0,-0.24680602966788978,1.0580249076355575,0.0,4.568861892648135,0.6987368679417072,0.0,2.982168877006819,90.00001698582811,85.00006794331249,0.0,1.6602548013801197
2026-03-09,18.0,90.18642112432791,98.80656990235377,12.782784428127286,9.0,85.74568449731164,18.0,90.41508068617316,86.6603227446926,18.0,90.2106236893455,85.84249475738196,18.0,90.19881875088814,85.79527500355256,-0.2528998040038477,0.0,-1.0554290803595934,-0.02682895209874525,0.0,-0.11277661529284222,-0.013744777073487757,0.0,-0.057800975914890085,89.99960373160944,84.99841492643779,0.0,0.7472695708738541
2026-03-10,18.0,90.11009465710256,99.18305753107336,12.675322227920741,9.0,85.44037862841027,18.0,90.18642112432791,85.74568449731164,18.0,90.42341997273458,86.69367989093833,18.0,89.76863167600183,84.07452670400733,-0.08463188390647192,0.0,-0.35605974888560654,-0.3465090302119611,0.0,-1.445666240151211,0.38038118073711047,0.0,1.6245728378722513,90.01098583097948,85.04394332391789,0.0,0.3964353044923854
2026-03-11,18.0,90.51619469906319,99.8752947849929,12.689834629118026,9.0,87.0647787962528,18.0,90.11009465710256,85.44037862841027,18.0,90.26717360672689,86.06869442690757,18.0,89.84647582953745,84.3859033181498,0.45067097477364815,0.0,1.9012089996782722,0.2758711526974711,0.0,1.1573132089172544,0.7454036046960599,0.0,3.17455329950449,90.033309793297,85.13323917318799,0.0,1.9315396230648076
2026-03-12,18.0,90.96175674380173,100.65972144544864,12.637797579436054,9.0,88.84702697520692,18.0,90.51619469906319,87.0647787962528,18.0,89.11579228718097,81.46316914872385,18.0,90.5717830224643,87.28713208985722,0.49224566523138336,0.0,2.047036934562141,2.0714223699790812,0.0,9.064044406377892,0.4305686697596567,0.0,1.7870845885323172,90.04630891734158,85.18523566936632,0.0,3.6617913058405946
2026-03-13,18.0,89.52347976831757,97.73118561292922,12.395110248707692,9.0,83.0939190732703,18.0,90.96175674380173,88.84702697520692,18.0,90.49758383257931,86.99033533031721,18.0,90.05324699014504,85.21298796058018,-1.5811886522103302,0.0,-6.475295907810219,-1.0763868194136883,0.0,-4.479136954986496,-0.588282199180945,0.0,-2.4867909669945676,90.02865000994733,85.11460003978931,0.0,-2.0206809665190093
